date,quota_premium,quota_premium_growth_rate,quota_per_bid,quota_per_bid_growth_rate,pqp_cat_a_growth_rate,pqp_cat_b_growth_rate,regis_cat_a_10_year_0_months_ago,regis_cat_a_10_year_1_months_ago,regis_cat_a_10_year_2_months_ago,regis_cat_a_10_year_3_months_ago,regis_cat_a_10_year_4_months_ago,regis_cat_a_10_year_5_months_ago,regis_cat_a_10_year_6_months_ago,regis_cat_a_10_year_7_months_ago,regis_cat_a_10_year_8_months_ago,regis_cat_a_10_year_9_months_ago,regis_cat_a_10_year_10_months_ago,regis_cat_a_10_year_11_months_ago,regis_cat_a_11_year_0_months_ago,policy_catA_is_cc_only_1600_lag_1,policy_catA_is_cc_mpo_97_lag_1,policy_catA_is_cc_mpo_97_or_ev110_lag_1,policy_vgr_annual_percent_lag_1,policy_car_loan_tenure_cap_years_lag_1,policy_car_loan_ltv_cap_omv_le_20000_lag_1,policy_car_loan_ltv_cap_omv_gt_20000_lag_1,policy_tdsr_threshold_lag_1,policy_arf_is_flat_100pct_lag_1,policy_arf_is_tiered_100_140_180_lag_1,policy_arf_is_plus_220_over_80k_lag_1,policy_arf_is_revised_2023_plus_320_over_80k_lag_1,policy_parf_rebate_cap_lag_1,policy_ves_active_lag_1,policy_eeai_active_lag_1,policy_eeai_arf_rebate_cap_lag_1,policy_ev_arf_floor_zero_active_lag_1,gtrends_coe_lag_2,gtrends_coe_lag_4,gtrends_coe_lag_6,gtrends_sgcarmart_lag_2,gtrends_sgcarmart_lag_4,gtrends_sgcarmart_lag_6,quota_lag_1,quota_lag_2,quota_lag_3,quota_lag_4,quota_lag_5,quota_lag_6,quota_premium_lag_1,quota_premium_lag_2,quota_premium_lag_3,quota_premium_lag_4,quota_premium_lag_5,quota_premium_lag_6,quota_premium_growth_rate_lag_1,quota_premium_growth_rate_lag_2,quota_premium_growth_rate_lag_3,quota_premium_growth_rate_lag_4,quota_premium_growth_rate_lag_5,quota_premium_growth_rate_lag_6,overdemand_growth_rate_lag_1,overdemand_growth_rate_lag_2,overdemand_growth_rate_lag_3,overdemand_growth_rate_lag_4,overdemand_growth_rate_lag_5,overdemand_growth_rate_lag_6,quota_cat_b_lag_1,quota_cat_b_lag_2,quota_cat_b_lag_3,quota_cat_b_lag_4,quota_cat_b_lag_5,quota_cat_b_lag_6,quota_premium_cat_b_growth_rate_lag_1,quota_premium_cat_b_growth_rate_lag_2,quota_premium_cat_b_growth_rate_lag_3,quota_premium_cat_b_growth_rate_lag_4,quota_premium_cat_b_growth_rate_lag_5,quota_premium_cat_b_growth_rate_lag_6,overdemand_cat_b_growth_rate_lag_1,overdemand_cat_b_growth_rate_lag_2,overdemand_cat_b_growth_rate_lag_3,overdemand_cat_b_growth_rate_lag_4,overdemand_cat_b_growth_rate_lag_5,overdemand_cat_b_growth_rate_lag_6,sora_1m_lag_1,sora_1m_lag_2,sora_1m_lag_3,sora_1m_lag_4,sora_1m_lag_5,sora_1m_lag_6,sti_close_lag_1,sti_close_lag_2,sti_close_lag_3,sti_close_lag_4,sti_close_lag_5,sti_close_lag_6,sti_close_growth_rate_lag_1,sti_close_growth_rate_lag_2,sti_close_growth_rate_lag_3,sti_close_growth_rate_lag_4,sti_close_growth_rate_lag_5,sti_close_growth_rate_lag_6,cat_a_divide_cat_b_lag_1,cat_a_divide_cat_b_lag_2,cat_a_divide_cat_b_lag_3,cat_a_divide_cat_b_lag_4,cat_a_divide_cat_b_lag_5,cat_a_divide_cat_b_lag_6,regis_cat_a_growth_rate_lag_4,regis_cat_a_growth_rate_lag_6,regis_cat_b_growth_rate_lag_4,regis_cat_b_growth_rate_lag_6,total_cars_cat_a_growth_rate_lag_4,total_cars_cat_a_growth_rate_lag_6,total_cars_cat_b_growth_rate_lag_4,total_cars_cat_b_growth_rate_lag_6,cpi_all_growth_rate_lag_4,cpi_all_growth_rate_lag_6,cpi_transport_growth_rate_lag_4,cpi_transport_growth_rate_lag_6,cpi_private_transport_growth_rate_lag_4,cpi_private_transport_growth_rate_lag_6,cpi_land_transport_growth_rate_lag_4,cpi_land_transport_growth_rate_lag_6,quota_per_bid_lag_6,quota_per_bid_growth_rate_lag_6,pqp_cat_a_growth_rate_lag_2,pqp_cat_a_growth_rate_lag_4,pqp_cat_a_growth_rate_lag_6,pqp_cat_b_growth_rate_lag_2,pqp_cat_b_growth_rate_lag_4,pqp_cat_b_growth_rate_lag_6
2026-01-21,109501.0,7.344449999509847,1277.0,1.0284810126582278,-1.7206896551724138,-3.245577699022721,3953.0,3676.0,3564.0,3667.0,2811.0,2446.0,1777.0,3853.0,2501.0,1866.0,1958.0,1306.0,1547.0,0.0,0.0,1.0,0.0,7.0,0.7,0.6,0.55,0.0,0.0,0.0,1.0,60000.0,1.0,1.0,7500.0,1.0,58.0,68.0,69.0,25.0,23.0,25.0,1285.0,1283.0,1280.0,1285.0,1306.0,1270.0,102009.0,109501.0,105413.0,109000.0,110002.0,122000.0,-6.841946648889051,3.8780795537552297,-3.2908256880733946,-0.9108925292267414,-9.834426229508196,-4.7656219507435305,0.5111994689082237,5.533003843052099,-1.5071183837429225,-4.1060993721574786,-16.8884386010782,-23.604168452504855,824.0,838.0,802.0,806.0,800.0,809.0,3.4734409480287045,-7.1008878127522195,-4.611594426052814,12.946843940487474,-12.804706988452413,-6.461702127659574,18.50878600657948,-15.473058899360655,-27.247930372220058,57.684105827490065,-1.3591351074718654,-16.608906869268154,1.1756,1.1886,1.1212,1.1059,1.236,1.2784,4747.6201171875,4575.47998046875,4554.52001953125,4505.22021484375,4417.1201171875,4416.27001953125,3.7622312293696134,0.4602013131486288,1.0942817961498872,1.994514419325905,0.0192492228167749,-0.898274059437011,0.8564987405541562,0.9513388125314938,0.8507909604519774,0.8391716067441681,0.9565308127755411,0.9250202822070074,14.928909952606634,-16.33624107850912,5.901639344262295,-14.685314685314683,0.0354563606844943,-0.174488642714323,0.0181487663301706,-0.0538222735004103,0.2961500493583387,0.0,-1.3358778625954115,1.0607521697203417,-1.890359168241966,1.244019138755978,0.5692599620493305,-0.4721435316336166,1264.0,0.9584664536741214,1.824055055213216,7.535468524339478,5.261118397519971,-0.3828431260172852,4.5523908440858065,4.846748590623141
2026-01-07,102009.0,-6.841946648889051,1277.0,1.0284810126582278,-1.7206896551724138,-3.245577699022721,3953.0,3676.0,3564.0,3667.0,2811.0,2446.0,1777.0,3853.0,2501.0,1866.0,1958.0,1306.0,1547.0,0.0,0.0,1.0,0.0,7.0,0.7,0.6,0.55,0.0,0.0,0.0,1.0,60000.0,1.0,1.0,15000.0,1.0,58.0,68.0,69.0,25.0,23.0,25.0,1283.0,1280.0,1285.0,1306.0,1270.0,1268.0,109501.0,105413.0,109000.0,110002.0,122000.0,128105.0,3.8780795537552297,-3.2908256880733946,-0.9108925292267414,-9.834426229508196,-4.7656219507435305,7.6485466752939,5.533003843052099,-1.5071183837429225,-4.1060993721574786,-16.8884386010782,-23.604168452504855,2.3448458813474624,838.0,802.0,806.0,800.0,809.0,830.0,-7.1008878127522195,-4.611594426052814,12.946843940487474,-12.804706988452413,-6.461702127659574,3.002410694718387,-15.473058899360655,-27.247930372220058,57.684105827490065,-1.3591351074718654,-16.608906869268154,-9.90033977228631,1.1886,1.1212,1.1059,1.236,1.2784,1.3206,4575.47998046875,4554.52001953125,4505.22021484375,4417.1201171875,4416.27001953125,4456.2998046875,0.4602013131486288,1.0942817961498872,1.994514419325905,0.0192492228167749,-0.898274059437011,3.064911399655408,0.9513388125314938,0.8507909604519774,0.8391716067441681,0.9565308127755411,0.9250202822070074,0.9085460992907801,14.928909952606634,-16.33624107850912,5.901639344262295,-14.685314685314683,0.0354563606844943,-0.174488642714323,0.0181487663301706,-0.0538222735004103,0.2961500493583387,0.0,-1.3358778625954115,1.0607521697203417,-1.890359168241966,1.244019138755978,0.5692599620493305,-0.4721435316336166,1264.0,0.9584664536741214,1.824055055213216,7.535468524339478,5.261118397519971,-0.3828431260172852,4.5523908440858065,4.846748590623141
2025-12-17,109501.0,3.8780795537552297,1277.0,1.0284810126582278,1.824055055213216,-0.3828431260172852,3676.0,3564.0,3667.0,2811.0,2446.0,1777.0,3853.0,2501.0,1866.0,1958.0,1306.0,1547.0,1482.0,0.0,0.0,1.0,0.0,7.0,0.7,0.6,0.55,0.0,0.0,0.0,1.0,60000.0,1.0,1.0,15000.0,1.0,68.0,69.0,66.0,23.0,25.0,26.0,1280.0,1285.0,1306.0,1270.0,1268.0,1272.0,105413.0,109000.0,110002.0,122000.0,128105.0,119003.0,-3.2908256880733946,-0.9108925292267414,-9.834426229508196,-4.7656219507435305,7.6485466752939,10.301328216963732,-1.5071183837429225,-4.1060993721574786,-16.8884386010782,-23.604168452504855,2.3448458813474624,37.03610383497728,802.0,806.0,800.0,809.0,830.0,792.0,-4.611594426052814,12.946843940487474,-12.804706988452413,-6.461702127659574,3.002410694718387,7.363863812832841,-27.247930372220058,57.684105827490065,-1.3591351074718654,-16.608906869268154,-9.90033977228631,7.064532338562689,1.1212,1.1059,1.236,1.2784,1.3206,1.3057,4554.52001953125,4505.22021484375,4417.1201171875,4416.27001953125,4456.2998046875,4323.77978515625,1.0942817961498872,1.994514419325905,0.0192492228167749,-0.898274059437011,3.064911399655408,0.8031488928058679,0.8507909604519774,0.8391716067441681,0.9565308127755411,0.9250202822070074,0.9085460992907801,0.8693330411279129,-16.33624107850912,-8.523757707653248,-14.685314685314683,14.583333333333334,-0.174488642714323,-0.1305406117734608,-0.0538222735004103,0.0508745362533135,0.0,0.2970297029702942,1.0607521697203417,1.56709108716945,1.244019138755978,2.0507812499999947,-0.4721435316336166,1.0496183206106953,1264.0,0.9584664536741214,7.535468524339478,5.261118397519971,0.1701949777552178,4.5523908440858065,4.846748590623141,1.5628456211396775
2025-12-03,105413.0,-3.2908256880733946,1277.0,1.0284810126582278,1.824055055213216,-0.3828431260172852,3676.0,3564.0,3667.0,2811.0,2446.0,1777.0,3853.0,2501.0,1866.0,1958.0,1306.0,1547.0,1482.0,0.0,0.0,1.0,0.0,7.0,0.7,0.6,0.55,0.0,0.0,0.0,1.0,60000.0,1.0,1.0,15000.0,1.0,68.0,69.0,66.0,23.0,25.0,26.0,1285.0,1306.0,1270.0,1268.0,1272.0,1275.0,109000.0,110002.0,122000.0,128105.0,119003.0,107889.0,-0.9108925292267414,-9.834426229508196,-4.7656219507435305,7.6485466752939,10.301328216963732,3.219356320079599,-4.1060993721574786,-16.8884386010782,-23.604168452504855,2.3448458813474624,37.03610383497728,-4.886005182510054,806.0,800.0,809.0,830.0,792.0,790.0,12.946843940487474,-12.804706988452413,-6.461702127659574,3.002410694718387,7.363863812832841,2.492765273311897,57.684105827490065,-1.3591351074718654,-16.608906869268154,-9.90033977228631,7.064532338562689,-2.620595278823131,1.1059,1.236,1.2784,1.3206,1.3057,1.3144,4505.22021484375,4417.1201171875,4416.27001953125,4456.2998046875,4323.77978515625,4289.330078125,1.994514419325905,0.0192492228167749,-0.898274059437011,3.064911399655408,0.8031488928058679,1.6539726703957522,0.8391716067441681,0.9565308127755411,0.9250202822070074,0.9085460992907801,0.8693330411279129,0.8461815985756974,-16.33624107850912,-8.523757707653248,-14.685314685314683,14.583333333333334,-0.174488642714323,-0.1305406117734608,-0.0538222735004103,0.0508745362533135,0.0,0.2970297029702942,1.0607521697203417,1.56709108716945,1.244019138755978,2.0507812499999947,-0.4721435316336166,1.0496183206106953,1264.0,0.9584664536741214,7.535468524339478,5.261118397519971,0.1701949777552178,4.5523908440858065,4.846748590623141,1.5628456211396775
2025-11-19,109000.0,-0.9108925292267414,1277.0,1.0284810126582278,7.535468524339478,4.5523908440858065,3564.0,3667.0,2811.0,2446.0,1777.0,3853.0,2501.0,1866.0,1958.0,1306.0,1547.0,1482.0,1269.0,0.0,0.0,1.0,0.0,7.0,0.7,0.6,0.55,0.0,0.0,0.0,1.0,60000.0,1.0,1.0,15000.0,1.0,69.0,66.0,59.0,25.0,26.0,27.0,1306.0,1270.0,1268.0,1272.0,1275.0,1264.0,110002.0,122000.0,128105.0,119003.0,107889.0,104524.0,-9.834426229508196,-4.7656219507435305,7.6485466752939,10.301328216963732,3.219356320079599,2.4654687331509963,-16.8884386010782,-23.604168452504855,2.3448458813474624,37.03610383497728,-4.886005182510054,9.862238090086194,800.0,809.0,830.0,792.0,790.0,792.0,-12.804706988452413,-6.461702127659574,3.002410694718387,7.363863812832841,2.492765273311897,0.7303762004242984,-1.3591351074718654,-16.608906869268154,-9.90033977228631,7.064532338562689,-2.620595278823131,-4.297797010228161,1.236,1.2784,1.3206,1.3057,1.3144,1.5773,4417.1201171875,4416.27001953125,4456.2998046875,4323.77978515625,4289.330078125,4219.5400390625,0.0192492228167749,-0.898274059437011,3.064911399655408,0.8031488928058679,1.6539726703957522,-0.1930164361949706,0.9565308127755411,0.9250202822070074,0.9085460992907801,0.8693330411279129,0.8461815985756974,0.8402250803858521,-8.523757707653248,4.352763058289175,14.583333333333334,-4.5385007649158595,-0.1305406117734608,-0.0415324867731427,0.0508745362533135,-0.044904125231955,0.2970297029702942,0.5976095617529823,1.56709108716945,0.2946954813359501,2.0507812499999947,0.0,1.0496183206106953,1.0607521697203417,1264.0,0.9584664536741214,5.261118397519971,0.1701949777552178,0.8329737161667152,4.846748590623141,1.5628456211396775,0.5414467662883098
2025-11-05,110002.0,-9.834426229508196,1277.0,1.0284810126582278,7.535468524339478,4.5523908440858065,3564.0,3667.0,2811.0,2446.0,1777.0,3853.0,2501.0,1866.0,1958.0,1306.0,1547.0,1482.0,1269.0,0.0,0.0,1.0,0.0,7.0,0.7,0.6,0.55,0.0,0.0,0.0,1.0,60000.0,1.0,1.0,15000.0,1.0,69.0,66.0,59.0,25.0,26.0,27.0,1270.0,1268.0,1272.0,1275.0,1264.0,1268.0,122000.0,128105.0,119003.0,107889.0,104524.0,102009.0,-4.7656219507435305,7.6485466752939,10.301328216963732,3.219356320079599,2.4654687331509963,0.8971138058594291,-23.604168452504855,2.3448458813474624,37.03610383497728,-4.886005182510054,9.862238090086194,-7.45789973369603,809.0,830.0,792.0,790.0,792.0,789.0,-6.461702127659574,3.002410694718387,7.363863812832841,2.492765273311897,0.7303762004242984,3.6918245858557026,-16.608906869268154,-9.90033977228631,7.064532338562689,-2.620595278823131,-4.297797010228161,10.01267427122941,1.2784,1.3206,1.3057,1.3144,1.5773,1.632,4416.27001953125,4456.2998046875,4323.77978515625,4289.330078125,4219.5400390625,4227.7001953125,-0.898274059437011,3.064911399655408,0.8031488928058679,1.6539726703957522,-0.1930164361949706,-0.0845982781925118,0.9250202822070074,0.9085460992907801,0.8693330411279129,0.8461815985756974,0.8402250803858521,0.8259971821406015,-8.523757707653248,4.352763058289175,14.583333333333334,-4.5385007649158595,-0.1305406117734608,-0.0415324867731427,0.0508745362533135,-0.044904125231955,0.2970297029702942,0.5976095617529823,1.56709108716945,0.2946954813359501,2.0507812499999947,0.0,1.0496183206106953,1.0607521697203417,1264.0,0.9584664536741214,5.261118397519971,0.1701949777552178,0.8329737161667152,4.846748590623141,1.5628456211396775,0.5414467662883098
2025-10-23,122000.0,-4.7656219507435305,1264.0,0.9584664536741214,5.261118397519971,4.846748590623141,3667.0,2811.0,2446.0,1777.0,3853.0,2501.0,1866.0,1958.0,1306.0,1547.0,1482.0,1269.0,1261.0,0.0,0.0,1.0,0.0,7.0,0.7,0.6,0.55,0.0,0.0,0.0,1.0,60000.0,1.0,1.0,15000.0,1.0,66.0,59.0,56.0,26.0,27.0,28.0,1268.0,1272.0,1275.0,1264.0,1268.0,1253.0,128105.0,119003.0,107889.0,104524.0,102009.0,101102.0,7.6485466752939,10.301328216963732,3.219356320079599,2.4654687331509963,0.8971138058594291,0.0,2.3448458813474624,37.03610383497728,-4.886005182510054,9.862238090086194,-7.45789973369603,-2.294056308654855,830.0,792.0,790.0,792.0,789.0,784.0,3.002410694718387,7.363863812832841,2.492765273311897,0.7303762004242984,3.6918245858557026,-0.4172240802675585,-9.90033977228631,7.064532338562689,-2.620595278823131,-4.297797010228161,10.01267427122941,-4.619921363040633,1.3206,1.3057,1.3144,1.5773,1.632,1.5574,4456.2998046875,4323.77978515625,4289.330078125,4219.5400390625,4227.7001953125,4231.27978515625,3.064911399655408,0.8031488928058679,1.6539726703957522,-0.1930164361949706,-0.0845982781925118,4.274702029038139,0.9085460992907801,0.8693330411279129,0.8461815985756974,0.8402250803858521,0.8259971821406015,0.8488761639280946,4.352763058289175,2.7615713730066123,-4.5385007649158595,-3.351404632824051,-0.0415324867731427,0.1399803841235552,-0.044904125231955,0.0270687516546146,0.5976095617529823,-0.4955401387512388,0.2946954813359501,0.1968503937007902,0.0,0.8866995073891681,1.0607521697203417,-0.765550239234447,1252.0,10.01757469244288,0.1701949777552178,0.8329737161667152,1.3373606704092424,1.5628456211396775,0.5414467662883098,-0.0307837017401342
2025-10-08,128105.0,7.6485466752939,1264.0,0.9584664536741214,5.261118397519971,4.846748590623141,3667.0,2811.0,2446.0,1777.0,3853.0,2501.0,1866.0,1958.0,1306.0,1547.0,1482.0,1269.0,1261.0,0.0,0.0,1.0,0.0,7.0,0.7,0.6,0.55,0.0,0.0,0.0,1.0,60000.0,1.0,1.0,15000.0,1.0,66.0,59.0,56.0,26.0,27.0,28.0,1272.0,1275.0,1264.0,1268.0,1253.0,1253.0,119003.0,107889.0,104524.0,102009.0,101102.0,101102.0,10.301328216963732,3.219356320079599,2.4654687331509963,0.8971138058594291,0.0,3.034935387876564,37.03610383497728,-4.886005182510054,9.862238090086194,-7.45789973369603,-2.294056308654855,16.547099347722117,792.0,790.0,792.0,789.0,784.0,781.0,7.363863812832841,2.492765273311897,0.7303762004242984,3.6918245858557026,-0.4172240802675585,2.5113568183766177,7.064532338562689,-2.620595278823131,-4.297797010228161,10.01267427122941,-4.619921363040633,3.491456044954159,1.3057,1.3144,1.5773,1.632,1.5574,1.6733,4323.77978515625,4289.330078125,4219.5400390625,4227.7001953125,4231.27978515625,4057.820068359375,0.8031488928058679,1.6539726703957522,-0.1930164361949706,-0.0845982781925118,4.274702029038139,3.4944311945263027,0.8693330411279129,0.8461815985756974,0.8402250803858521,0.8259971821406015,0.8488761639280946,0.8453344481605352,4.352763058289175,2.7615713730066123,-4.5385007649158595,-3.351404632824051,-0.0415324867731427,0.1399803841235552,-0.044904125231955,0.0270687516546146,0.5976095617529823,-0.4955401387512388,0.2946954813359501,0.1968503937007902,0.0,0.8866995073891681,1.0607521697203417,-0.765550239234447,1252.0,10.01757469244288,0.1701949777552178,0.8329737161667152,1.3373606704092424,1.5628456211396775,0.5414467662883098,-0.0307837017401342
2025-09-17,119003.0,10.301328216963732,1264.0,0.9584664536741214,0.1701949777552178,1.5628456211396775,2811.0,2446.0,1777.0,3853.0,2501.0,1866.0,1958.0,1306.0,1547.0,1482.0,1269.0,1261.0,1256.0,0.0,0.0,1.0,0.0,7.0,0.7,0.6,0.55,0.0,0.0,0.0,1.0,60000.0,1.0,1.0,15000.0,1.0,59.0,56.0,58.0,27.0,28.0,30.0,1275.0,1264.0,1268.0,1253.0,1253.0,1254.0,107889.0,104524.0,102009.0,101102.0,101102.0,98124.0,3.219356320079599,2.4654687331509963,0.8971138058594291,0.0,3.034935387876564,1.1598057711935177,-4.886005182510054,9.862238090086194,-7.45789973369603,-2.294056308654855,16.547099347722117,-0.9709438372017262,790.0,792.0,789.0,784.0,781.0,784.0,2.492765273311897,0.7303762004242984,3.6918245858557026,-0.4172240802675585,2.5113568183766177,3.247787610619469,-2.620595278823131,-4.297797010228161,10.01267427122941,-4.619921363040633,3.491456044954159,21.079835938482177,1.3144,1.5773,1.632,1.5574,1.6733,1.9108,4289.330078125,4219.5400390625,4227.7001953125,4231.27978515625,4057.820068359375,3920.81005859375,1.6539726703957522,-0.1930164361949706,-0.0845982781925118,4.274702029038139,3.4944311945263027,0.4336756326901347,0.8461815985756974,0.8402250803858521,0.8259971821406015,0.8488761639280946,0.8453344481605352,0.8410388274620725,2.7615713730066123,15.55056179775281,-3.351404632824051,-8.106884057971014,0.1399803841235552,0.0879141361581833,0.0270687516546146,0.0178507144748468,-0.4955401387512388,-0.0990099009900933,0.1968503937007902,-0.1964636542239713,0.8866995073891681,-0.1966568338249782,-0.765550239234447,-0.3813155386082037,1252.0,10.01757469244288,0.8329737161667152,1.3373606704092424,4.919012356217589,0.5414467662883098,-0.0307837017401342,2.3597580722807203
2025-09-03,107889.0,3.219356320079599,1264.0,0.9584664536741214,0.1701949777552178,1.5628456211396775,2811.0,2446.0,1777.0,3853.0,2501.0,1866.0,1958.0,1306.0,1547.0,1482.0,1269.0,1261.0,1256.0,0.0,0.0,1.0,0.0,7.0,0.7,0.6,0.55,0.0,0.0,0.0,1.0,60000.0,1.0,1.0,15000.0,1.0,59.0,56.0,58.0,27.0,28.0,30.0,1264.0,1268.0,1253.0,1253.0,1254.0,1275.0,104524.0,102009.0,101102.0,101102.0,98124.0,96999.0,2.4654687331509963,0.8971138058594291,0.0,3.034935387876564,1.1598057711935177,-5.367752509731613,9.862238090086194,-7.45789973369603,-2.294056308654855,16.547099347722117,-0.9709438372017262,-12.251185173808429,792.0,789.0,784.0,781.0,784.0,795.0,0.7303762004242984,3.6918245858557026,-0.4172240802675585,2.5113568183766177,3.247787610619469,-3.4088966389715183,-4.297797010228161,10.01267427122941,-4.619921363040633,3.491456044954159,21.079835938482177,-12.344651786382183,1.5773,1.632,1.5574,1.6733,1.9108,2.1723,4219.5400390625,4227.7001953125,4231.27978515625,4057.820068359375,3920.81005859375,3903.8798828125,-0.1930164361949706,-0.0845982781925118,4.274702029038139,3.4944311945263027,0.4336756326901347,0.5493769227987934,0.8402250803858521,0.8259971821406015,0.8488761639280946,0.8453344481605352,0.8410388274620725,0.8583982300884956,2.7615713730066123,15.55056179775281,-3.351404632824051,-8.106884057971014,0.1399803841235552,0.0879141361581833,0.0270687516546146,0.0178507144748468,-0.4955401387512388,-0.0990099009900933,0.1968503937007902,-0.1964636542239713,0.8866995073891681,-0.1966568338249782,-0.765550239234447,-0.3813155386082037,1252.0,10.01757469244288,0.8329737161667152,1.3373606704092424,4.919012356217589,0.5414467662883098,-0.0307837017401342,2.3597580722807203
2025-08-20,104524.0,2.4654687331509963,1264.0,0.9584664536741214,0.8329737161667152,0.5414467662883098,2446.0,1777.0,3853.0,2501.0,1866.0,1958.0,1306.0,1547.0,1482.0,1269.0,1261.0,1256.0,1081.0,0.0,0.0,1.0,0.0,7.0,0.7,0.6,0.55,0.0,0.0,0.0,1.0,60000.0,1.0,1.0,15000.0,1.0,56.0,58.0,55.0,28.0,30.0,29.0,1268.0,1253.0,1253.0,1254.0,1275.0,1267.0,102009.0,101102.0,101102.0,98124.0,96999.0,102501.0,0.8971138058594291,0.0,3.034935387876564,1.1598057711935177,-5.367752509731613,-0.4931607917754759,-7.45789973369603,-2.294056308654855,16.547099347722117,-0.9709438372017262,-12.251185173808429,-14.508928571428571,789.0,784.0,781.0,784.0,795.0,782.0,3.6918245858557026,-0.4172240802675585,2.5113568183766177,3.247787610619469,-3.4088966389715183,-2.4205521728250896,10.01267427122941,-4.619921363040633,3.491456044954159,21.079835938482177,-12.344651786382183,-6.088541776753822,1.632,1.5574,1.6733,1.9108,2.1723,2.1953,4227.7001953125,4231.27978515625,4057.820068359375,3920.81005859375,3903.8798828125,3882.550048828125,-0.0845982781925118,4.274702029038139,3.4944311945263027,0.4336756326901347,0.5493769227987934,0.4444576100030847,0.8259971821406015,0.8488761639280946,0.8453344481605352,0.8410388274620725,0.8583982300884956,0.8761667863370602,15.55056179775281,5.650522317188984,-8.106884057971014,20.787746170678336,0.0879141361581833,0.0351158512330946,0.0178507144748468,0.0812867725875991,-0.0990099009900933,0.6979062811565333,-0.1964636542239713,-0.0981354268891153,-0.1966568338249782,0.0,-0.3813155386082037,0.4789272030651341,1252.0,10.01757469244288,1.3373606704092424,4.919012356217589,1.7965762947514772,-0.0307837017401342,2.3597580722807203,-0.468694190108636
2025-08-06,102009.0,0.8971138058594291,1264.0,0.9584664536741214,0.8329737161667152,0.5414467662883098,2446.0,1777.0,3853.0,2501.0,1866.0,1958.0,1306.0,1547.0,1482.0,1269.0,1261.0,1256.0,1081.0,0.0,0.0,1.0,0.0,7.0,0.7,0.6,0.55,0.0,0.0,0.0,1.0,60000.0,1.0,1.0,15000.0,1.0,56.0,58.0,55.0,28.0,30.0,29.0,1253.0,1253.0,1254.0,1275.0,1267.0,1267.0,101102.0,101102.0,98124.0,96999.0,102501.0,103009.0,0.0,3.034935387876564,1.1598057711935177,-5.367752509731613,-0.4931607917754759,3.5266331658291454,-2.294056308654855,16.547099347722117,-0.9709438372017262,-12.251185173808429,-14.508928571428571,-5.058856319728271,784.0,781.0,784.0,795.0,782.0,813.0,-0.4172240802675585,2.5113568183766177,3.247787610619469,-3.4088966389715183,-2.4205521728250896,2.4674580993649737,-4.619921363040633,3.491456044954159,21.079835938482177,-12.344651786382183,-6.088541776753822,0.8475658527077091,1.5574,1.6733,1.9108,2.1723,2.1953,2.2398,4231.27978515625,4057.820068359375,3920.81005859375,3903.8798828125,3882.550048828125,3865.3701171875,4.274702029038139,3.4944311945263027,0.4336756326901347,0.5493769227987934,0.4444576100030847,0.8624031458383329,0.8488761639280946,0.8453344481605352,0.8410388274620725,0.8583982300884956,0.8761667863370602,0.8591959296021353,15.55056179775281,5.650522317188984,-8.106884057971014,20.787746170678336,0.0879141361581833,0.0351158512330946,0.0178507144748468,0.0812867725875991,-0.0990099009900933,0.6979062811565333,-0.1964636542239713,-0.0981354268891153,-0.1966568338249782,0.0,-0.3813155386082037,0.4789272030651341,1252.0,10.01757469244288,1.3373606704092424,4.919012356217589,1.7965762947514772,-0.0307837017401342,2.3597580722807203,-0.468694190108636
2025-07-23,101102.0,0.0,1252.0,10.01757469244288,1.3373606704092424,-0.0307837017401342,1777.0,3853.0,2501.0,1866.0,1958.0,1306.0,1547.0,1482.0,1269.0,1261.0,1256.0,1081.0,937.0,0.0,0.0,1.0,0.0,7.0,0.7,0.6,0.55,0.0,0.0,0.0,1.0,60000.0,1.0,1.0,15000.0,1.0,58.0,55.0,58.0,30.0,29.0,27.0,1253.0,1254.0,1275.0,1267.0,1267.0,1139.0,101102.0,98124.0,96999.0,102501.0,103009.0,99500.0,3.034935387876564,1.1598057711935177,-5.367752509731613,-0.4931607917754759,3.5266331658291454,1.817363186116,16.547099347722117,-0.9709438372017262,-12.251185173808429,-14.508928571428571,-5.058856319728271,-1.9825235795230665,781.0,784.0,795.0,782.0,813.0,744.0,2.5113568183766177,3.247787610619469,-3.4088966389715183,-2.4205521728250896,2.4674580993649737,-0.7599725188508808,3.491456044954159,21.079835938482177,-12.344651786382183,-6.088541776753822,0.8475658527077091,-6.532258064516129,1.6733,1.9108,2.1723,2.1953,2.2398,2.3258,4057.820068359375,3920.81005859375,3903.8798828125,3882.550048828125,3865.3701171875,3832.320068359375,3.4944311945263027,0.4336756326901347,0.5493769227987934,0.4444576100030847,0.8624031458383329,12.924873353968485,0.8453344481605352,0.8410388274620725,0.8583982300884956,0.8761667863370602,0.8591959296021353,0.8504055451569618,5.650522317188984,0.0950570342205323,20.787746170678336,-17.546233649075326,0.0351158512330946,0.0441473651484532,0.0812867725875991,-0.0136947965727283,0.6979062811565333,-0.2982107355864782,-0.0981354268891153,0.6916996047430858,0.0,0.99304865938431,0.4789272030651341,-0.9487666034155596,1138.0,10.271317829457365,4.919012356217589,1.7965762947514772,-0.4982437179140773,2.3597580722807203,-0.468694190108636,2.6653071811246165
2025-07-09,101102.0,3.034935387876564,1252.0,10.01757469244288,1.3373606704092424,-0.0307837017401342,1777.0,3853.0,2501.0,1866.0,1958.0,1306.0,1547.0,1482.0,1269.0,1261.0,1256.0,1081.0,937.0,0.0,0.0,1.0,0.0,7.0,0.7,0.6,0.55,0.0,0.0,0.0,1.0,60000.0,1.0,1.0,15000.0,1.0,58.0,55.0,58.0,30.0,29.0,27.0,1254.0,1275.0,1267.0,1267.0,1139.0,1138.0,98124.0,96999.0,102501.0,103009.0,99500.0,97724.0,1.1598057711935177,-5.367752509731613,-0.4931607917754759,3.5266331658291454,1.817363186116,3.409451651816893,-0.9709438372017262,-12.251185173808429,-14.508928571428571,-5.058856319728271,-1.9825235795230665,10.81496668375192,784.0,795.0,782.0,813.0,744.0,760.0,3.247787610619469,-3.4088966389715183,-2.4205521728250896,2.4674580993649737,-0.7599725188508808,0.8632047223885704,21.079835938482177,-12.344651786382183,-6.088541776753822,0.8475658527077091,-6.532258064516129,-1.3817989790529774,1.9108,2.1723,2.1953,2.2398,2.3258,2.3707,3920.81005859375,3903.8798828125,3882.550048828125,3865.3701171875,3832.320068359375,3393.68994140625,0.4336756326901347,0.5493769227987934,0.4444576100030847,0.8624031458383329,12.924873353968485,-13.167330878877753,0.8410388274620725,0.8583982300884956,0.8761667863370602,0.8591959296021353,0.8504055451569618,0.8288789557163335,5.650522317188984,0.0950570342205323,20.787746170678336,-17.546233649075326,0.0351158512330946,0.0441473651484532,0.0812867725875991,-0.0136947965727283,0.6979062811565333,-0.2982107355864782,-0.0981354268891153,0.6916996047430858,0.0,0.99304865938431,0.4789272030651341,-0.9487666034155596,1138.0,10.271317829457365,4.919012356217589,1.7965762947514772,-0.4982437179140773,2.3597580722807203,-0.468694190108636,2.6653071811246165
2025-06-18,98124.0,1.1598057711935177,1252.0,10.01757469244288,4.919012356217589,2.3597580722807203,3853.0,2501.0,1866.0,1958.0,1306.0,1547.0,1482.0,1269.0,1261.0,1256.0,1081.0,937.0,963.0,0.0,0.0,1.0,0.0,7.0,0.7,0.6,0.55,0.0,0.0,0.0,1.0,60000.0,1.0,1.0,15000.0,1.0,55.0,58.0,55.0,29.0,27.0,28.0,1275.0,1267.0,1267.0,1139.0,1138.0,1138.0,96999.0,102501.0,103009.0,99500.0,97724.0,94502.0,-5.367752509731613,-0.4931607917754759,3.5266331658291454,1.817363186116,3.409451651816893,1.91092418850426,-12.251185173808429,-14.508928571428571,-5.058856319728271,-1.9825235795230665,10.81496668375192,-3.5749032700678933,795.0,782.0,813.0,744.0,760.0,747.0,-3.4088966389715183,-2.4205521728250896,2.4674580993649737,-0.7599725188508808,0.8632047223885704,3.4424778761061945,-12.344651786382183,-6.088541776753822,0.8475658527077091,-6.532258064516129,-1.3817989790529774,1.392324263943189,2.1723,2.1953,2.2398,2.3258,2.3707,2.3354,3903.8798828125,3882.550048828125,3865.3701171875,3832.320068359375,3393.68994140625,3908.31005859375,0.5493769227987934,0.4444576100030847,0.8624031458383329,12.924873353968485,-13.167330878877753,0.2542108685166427,0.8583982300884956,0.8761667863370602,0.8591959296021353,0.8504055451569618,0.8288789557163335,0.8084695012404826,0.0950570342205323,-13.379991766158913,-17.546233649075326,53.744798890429955,0.0441473651484532,0.0105716133525695,-0.0136947965727283,0.1404197088452491,-0.2982107355864782,-0.0993048659384394,0.6916996047430858,-0.2955665024630514,0.99304865938431,0.0,-0.9487666034155596,0.0949667616334364,1138.0,10.271317829457365,1.7965762947514772,-0.4982437179140773,-2.103414345116545,-0.468694190108636,2.6653071811246165,1.148936555180618
2025-06-04,96999.0,-5.367752509731613,1252.0,10.01757469244288,4.919012356217589,2.3597580722807203,3853.0,2501.0,1866.0,1958.0,1306.0,1547.0,1482.0,1269.0,1261.0,1256.0,1081.0,937.0,963.0,0.0,0.0,1.0,0.0,7.0,0.7,0.6,0.55,0.0,0.0,0.0,1.0,60000.0,1.0,1.0,15000.0,1.0,55.0,58.0,55.0,29.0,27.0,28.0,1267.0,1267.0,1139.0,1138.0,1138.0,1144.0,102501.0,103009.0,99500.0,97724.0,94502.0,92730.0,-0.4931607917754759,3.5266331658291454,1.817363186116,3.409451651816893,1.91092418850426,-0.1292407108239095,-14.508928571428571,-5.058856319728271,-1.9825235795230665,10.81496668375192,-3.5749032700678933,-10.790835801752836,782.0,813.0,744.0,760.0,747.0,765.0,-2.4205521728250896,2.4674580993649737,-0.7599725188508808,0.8632047223885704,3.4424778761061945,3.104071242175952,-6.088541776753822,0.8475658527077091,-6.532258064516129,-1.3817989790529774,1.392324263943189,3.510063056059418,2.1953,2.2398,2.3258,2.3707,2.3354,2.4407,3882.550048828125,3865.3701171875,3832.320068359375,3393.68994140625,3908.31005859375,3898.39990234375,0.4444576100030847,0.8624031458383329,12.924873353968485,-13.167330878877753,0.2542108685166427,-0.9059423992858804,0.8761667863370602,0.8591959296021353,0.8504055451569618,0.8288789557163335,0.8084695012404826,0.8206194690265487,0.0950570342205323,-13.379991766158913,-17.546233649075326,53.744798890429955,0.0441473651484532,0.0105716133525695,-0.0136947965727283,0.1404197088452491,-0.2982107355864782,-0.0993048659384394,0.6916996047430858,-0.2955665024630514,0.99304865938431,0.0,-0.9487666034155596,0.0949667616334364,1138.0,10.271317829457365,1.7965762947514772,-0.4982437179140773,-2.103414345116545,-0.468694190108636,2.6653071811246165,1.148936555180618
2025-05-21,102501.0,-0.4931607917754759,1252.0,10.01757469244288,1.7965762947514772,-0.468694190108636,2501.0,1866.0,1958.0,1306.0,1547.0,1482.0,1269.0,1261.0,1256.0,1081.0,937.0,963.0,905.0,0.0,0.0,1.0,0.0,7.0,0.7,0.6,0.55,0.0,0.0,0.0,1.0,60000.0,1.0,1.0,15000.0,1.0,58.0,55.0,72.0,27.0,28.0,30.0,1267.0,1139.0,1138.0,1138.0,1144.0,1149.0,103009.0,99500.0,97724.0,94502.0,92730.0,92850.0,3.5266331658291454,1.817363186116,3.409451651816893,1.91092418850426,-0.1292407108239095,9.235294117647058,-5.058856319728271,-1.9825235795230665,10.81496668375192,-3.5749032700678933,-10.790835801752836,56.85176959458402,813.0,744.0,760.0,747.0,765.0,744.0,2.4674580993649737,-0.7599725188508808,0.8632047223885704,3.4424778761061945,3.104071242175952,-1.3554867511520736,0.8475658527077091,-6.532258064516129,-1.3817989790529774,1.392324263943189,3.510063056059418,13.316996081195088,2.2398,2.3258,2.3707,2.3354,2.4407,2.6428,3865.3701171875,3832.320068359375,3393.68994140625,3908.31005859375,3898.39990234375,3934.0400390625,0.8624031458383329,12.924873353968485,-13.167330878877753,0.2542108685166427,-0.9059423992858804,3.110312190694557,0.8591959296021353,0.8504055451569618,0.8288789557163335,0.8084695012404826,0.8206194690265487,0.8471869924633662,-13.379991766158913,79.65976331360946,53.744798890429955,8.014981273408239,0.0105716133525695,0.2259334166430345,0.1404197088452491,-0.0160964835145181,-0.0993048659384394,0.8008008008007979,-0.2955665024630514,-0.7820136852394889,0.0,-0.788177339901475,0.0949667616334364,1.4450867052023122,1138.0,10.271317829457365,-0.4982437179140773,-2.103414345116545,-3.3085414386119267,2.6653071811246165,1.148936555180618,1.2577406470997765
2025-05-07,103009.0,3.5266331658291454,1252.0,10.01757469244288,1.7965762947514772,-0.468694190108636,2501.0,1866.0,1958.0,1306.0,1547.0,1482.0,1269.0,1261.0,1256.0,1081.0,937.0,963.0,905.0,0.0,0.0,1.0,0.0,7.0,0.7,0.6,0.55,0.0,0.0,0.0,1.0,60000.0,1.0,1.0,15000.0,1.0,58.0,55.0,72.0,27.0,28.0,30.0,1139.0,1138.0,1138.0,1144.0,1149.0,1138.0,99500.0,97724.0,94502.0,92730.0,92850.0,85000.0,1.817363186116,3.409451651816893,1.91092418850426,-0.1292407108239095,9.235294117647058,-9.18900439097873,-1.9825235795230665,10.81496668375192,-3.5749032700678933,-10.790835801752836,56.85176959458402,-8.46865688610557,744.0,760.0,747.0,765.0,744.0,748.0,-0.7599725188508808,0.8632047223885704,3.4424778761061945,3.104071242175952,-1.3554867511520736,-4.733976420150054,-6.532258064516129,-1.3817989790529774,1.392324263943189,3.510063056059418,13.316996081195088,-13.769179686134713,2.3258,2.3707,2.3354,2.4407,2.6428,2.7906,3832.320068359375,3393.68994140625,3908.31005859375,3898.39990234375,3934.0400390625,3815.3701171875,12.924873353968485,-13.167330878877753,0.2542108685166427,-0.9059423992858804,3.110312190694557,0.9034186570673914,0.8504055451569618,0.8288789557163335,0.8084695012404826,0.8206194690265487,0.8471869924633662,0.7650489631336406,-13.379991766158913,79.65976331360946,53.744798890429955,8.014981273408239,0.0105716133525695,0.2259334166430345,0.1404197088452491,-0.0160964835145181,-0.0993048659384394,0.8008008008007979,-0.2955665024630514,-0.7820136852394889,0.0,-0.788177339901475,0.0949667616334364,1.4450867052023122,1138.0,10.271317829457365,-0.4982437179140773,-2.103414345116545,-3.3085414386119267,2.6653071811246165,1.148936555180618,1.2577406470997765
2025-04-23,99500.0,1.817363186116,1138.0,10.271317829457365,-0.4982437179140773,2.6653071811246165,1866.0,1958.0,1306.0,1547.0,1482.0,1269.0,1261.0,1256.0,1081.0,937.0,963.0,905.0,768.0,0.0,0.0,1.0,0.0,7.0,0.7,0.6,0.55,0.0,0.0,0.0,1.0,60000.0,1.0,1.0,15000.0,1.0,55.0,72.0,54.0,28.0,30.0,25.0,1138.0,1138.0,1144.0,1149.0,1138.0,1069.0,97724.0,94502.0,92730.0,92850.0,85000.0,93601.0,3.409451651816893,1.91092418850426,-0.1292407108239095,9.235294117647058,-9.18900439097873,-0.1045902304186811,10.81496668375192,-3.5749032700678933,-10.790835801752836,56.85176959458402,-8.46865688610557,3.9400821925788274,760.0,747.0,765.0,744.0,748.0,686.0,0.8632047223885704,3.4424778761061945,3.104071242175952,-1.3554867511520736,-4.733976420150054,-4.013135694356425,-1.3817989790529774,1.392324263943189,3.510063056059418,13.316996081195088,-13.769179686134713,-16.51271883160847,2.3707,2.3354,2.4407,2.6428,2.7906,2.6592,3393.68994140625,3908.31005859375,3898.39990234375,3934.0400390625,3815.3701171875,3781.2099609375,-13.167330878877753,0.2542108685166427,-0.9059423992858804,3.110312190694557,0.9034186570673914,-2.7211362050414953,0.8288789557163335,0.8084695012404826,0.8206194690265487,0.8471869924633662,0.7650489631336406,0.8025809217577706,79.65976331360946,-53.825136612021865,8.014981273408239,-43.19148936170213,0.2259334166430345,-0.2238729396693521,-0.0160964835145181,-0.058985625977508,0.8008008008007979,-0.794438927507445,-0.7820136852394889,1.488095238095238,-0.788177339901475,1.703406813627257,1.4450867052023122,2.4679170779861797,1032.0,5.629477993858751,-2.103414345116545,-3.3085414386119267,-0.8470106104562699,1.148936555180618,1.2577406470997765,-0.6516199490353113
2025-04-09,97724.0,3.409451651816893,1138.0,10.271317829457365,-0.4982437179140773,2.6653071811246165,1866.0,1958.0,1306.0,1547.0,1482.0,1269.0,1261.0,1256.0,1081.0,937.0,963.0,905.0,768.0,0.0,0.0,1.0,0.0,7.0,0.7,0.6,0.55,0.0,0.0,0.0,1.0,60000.0,1.0,1.0,15000.0,1.0,55.0,72.0,54.0,28.0,30.0,25.0,1138.0,1144.0,1149.0,1138.0,1069.0,1034.0,94502.0,92730.0,92850.0,85000.0,93601.0,93699.0,1.91092418850426,-0.1292407108239095,9.235294117647058,-9.18900439097873,-0.1045902304186811,-2.396875,-3.5749032700678933,-10.790835801752836,56.85176959458402,-8.46865688610557,3.9400821925788274,-8.211448211024369,747.0,765.0,744.0,748.0,686.0,677.0,3.4424778761061945,3.104071242175952,-1.3554867511520736,-4.733976420150054,-4.013135694356425,11.46880733944954,1.392324263943189,3.510063056059418,13.316996081195088,-13.769179686134713,-16.51271883160847,28.078012687837,2.3354,2.4407,2.6428,2.7906,2.6592,2.8583,3908.31005859375,3898.39990234375,3934.0400390625,3815.3701171875,3781.2099609375,3886.97998046875,0.2542108685166427,-0.9059423992858804,3.110312190694557,0.9034186570673914,-2.7211362050414953,2.8404934875079157,0.8084695012404826,0.8206194690265487,0.8471869924633662,0.7650489631336406,0.8025809217577706,0.7711788380342549,79.65976331360946,-53.825136612021865,8.014981273408239,-43.19148936170213,0.2259334166430345,-0.2238729396693521,-0.0160964835145181,-0.058985625977508,0.8008008008007979,-0.794438927507445,-0.7820136852394889,1.488095238095238,-0.788177339901475,1.703406813627257,1.4450867052023122,2.4679170779861797,1032.0,5.629477993858751,-2.103414345116545,-3.3085414386119267,-0.8470106104562699,1.148936555180618,1.2577406470997765,-0.6516199490353113
2025-03-19,94502.0,1.91092418850426,1138.0,10.271317829457365,-2.103414345116545,1.148936555180618,1958.0,1306.0,1547.0,1482.0,1269.0,1261.0,1256.0,1081.0,937.0,963.0,905.0,768.0,806.0,0.0,0.0,1.0,0.0,7.0,0.7,0.6,0.55,0.0,0.0,0.0,1.0,60000.0,1.0,1.0,15000.0,1.0,72.0,54.0,49.0,30.0,25.0,24.0,1144.0,1149.0,1138.0,1069.0,1034.0,1035.0,92730.0,92850.0,85000.0,93601.0,93699.0,96000.0,-0.1292407108239095,9.235294117647058,-9.18900439097873,-0.1045902304186811,-2.396875,2.127659574468085,-10.790835801752836,56.85176959458402,-8.46865688610557,3.9400821925788274,-8.211448211024369,2.29899287644312,765.0,744.0,748.0,686.0,677.0,676.0,3.104071242175952,-1.3554867511520736,-4.733976420150054,-4.013135694356425,11.46880733944954,5.814969420444617,3.510063056059418,13.316996081195088,-13.769179686134713,-16.51271883160847,28.078012687837,16.16406111209808,2.4407,2.6428,2.7906,2.6592,2.8583,3.0341,3898.39990234375,3934.0400390625,3815.3701171875,3781.2099609375,3886.97998046875,3779.6201171875,-0.9059423992858804,3.110312190694557,0.9034186570673914,-2.7211362050414953,2.8404934875079157,-0.5347406678019814,0.8206194690265487,0.8471869924633662,0.7650489631336406,0.8025809217577706,0.7711788380342549,0.8807339449541285,-53.825136612021865,51.788491446345255,-43.19148936170213,42.857142857142854,-0.2238729396693521,0.2978269547427773,-0.058985625977508,0.2415891729826259,-0.794438927507445,0.2988047808764911,1.488095238095238,0.5988023952095751,1.703406813627257,-0.4985044865403789,2.4679170779861797,0.9970089730807578,1032.0,5.629477993858751,-3.3085414386119267,-0.8470106104562699,0.2695362958593122,1.2577406470997765,-0.6516199490353113,0.1659100439388138
2025-03-05,92730.0,-0.1292407108239095,1138.0,10.271317829457365,-2.103414345116545,1.148936555180618,1958.0,1306.0,1547.0,1482.0,1269.0,1261.0,1256.0,1081.0,937.0,963.0,905.0,768.0,806.0,0.0,0.0,1.0,0.0,7.0,0.7,0.6,0.55,0.0,0.0,0.0,1.0,60000.0,1.0,1.0,15000.0,1.0,72.0,54.0,49.0,30.0,25.0,24.0,1149.0,1138.0,1069.0,1034.0,1035.0,1037.0,92850.0,85000.0,93601.0,93699.0,96000.0,94000.0,9.235294117647058,-9.18900439097873,-0.1045902304186811,-2.396875,2.127659574468085,4.573418327047803,56.85176959458402,-8.46865688610557,3.9400821925788274,-8.211448211024369,2.29899287644312,12.173446129569566,744.0,748.0,686.0,677.0,676.0,689.0,-1.3554867511520736,-4.733976420150054,-4.013135694356425,11.46880733944954,5.814969420444617,-1.9708605742236944,13.316996081195088,-13.769179686134713,-16.51271883160847,28.078012687837,16.16406111209808,-2.4972350735487185,2.6428,2.7906,2.6592,2.8583,3.0341,2.9947,3934.0400390625,3815.3701171875,3781.2099609375,3886.97998046875,3779.6201171875,3799.93994140625,3.110312190694557,0.9034186570673914,-2.7211362050414953,2.8404934875079157,-0.5347406678019814,1.5038852679110906,0.8471869924633662,0.7650489631336406,0.8025809217577706,0.7711788380342549,0.8807339449541285,0.9125327638093389,-53.825136612021865,51.788491446345255,-43.19148936170213,42.857142857142854,-0.2238729396693521,0.2978269547427773,-0.058985625977508,0.2415891729826259,-0.794438927507445,0.2988047808764911,1.488095238095238,0.5988023952095751,1.703406813627257,-0.4985044865403789,2.4679170779861797,0.9970089730807578,1032.0,5.629477993858751,-3.3085414386119267,-0.8470106104562699,0.2695362958593122,1.2577406470997765,-0.6516199490353113,0.1659100439388138
2025-02-19,92850.0,9.235294117647058,1138.0,10.271317829457365,-3.3085414386119267,1.2577406470997765,1306.0,1547.0,1482.0,1269.0,1261.0,1256.0,1081.0,937.0,963.0,905.0,768.0,806.0,754.0,0.0,0.0,1.0,0.0,7.0,0.7,0.6,0.55,0.0,0.0,0.0,1.0,60000.0,1.0,1.0,15000.0,1.0,54.0,49.0,48.0,25.0,24.0,25.0,1138.0,1069.0,1034.0,1035.0,1037.0,1041.0,85000.0,93601.0,93699.0,96000.0,94000.0,89889.0,-9.18900439097873,-0.1045902304186811,-2.396875,2.127659574468085,4.573418327047803,-10.011112334691507,-8.46865688610557,3.9400821925788274,-8.211448211024369,2.29899287644312,12.173446129569566,-1.4400606522703718,748.0,686.0,677.0,676.0,689.0,678.0,-4.733976420150054,-4.013135694356425,11.46880733944954,5.814969420444617,-1.9708605742236944,-2.7036786696419477,-13.769179686134713,-16.51271883160847,28.078012687837,16.16406111209808,-2.4972350735487185,-13.647397514628596,2.7906,2.6592,2.8583,3.0341,2.9947,3.0492,3815.3701171875,3781.2099609375,3886.97998046875,3779.6201171875,3799.93994140625,3743.639892578125,0.9034186570673914,-2.7211362050414953,2.8404934875079157,-0.5347406678019814,1.5038852679110906,3.903699503050818,0.7650489631336406,0.8025809217577706,0.7711788380342549,0.8807339449541285,0.9125327638093389,0.8554258143717703,51.788491446345255,-0.5157297576070139,42.857142857142854,13.058419243986256,0.2978269547427773,0.158676612066919,0.2415891729826259,0.0759088137903004,0.2988047808764911,0.2997002997003111,0.5988023952095751,-1.1834319526627246,-0.4985044865403789,-1.5701668302257197,0.9970089730807578,-1.2795275590551154,1032.0,5.629477993858751,-0.8470106104562699,0.2695362958593122,4.203453063560534,-0.6516199490353113,0.1659100439388138,4.607785173459463
2025-02-05,85000.0,-9.18900439097873,1138.0,10.271317829457365,-3.3085414386119267,1.2577406470997765,1306.0,1547.0,1482.0,1269.0,1261.0,1256.0,1081.0,937.0,963.0,905.0,768.0,806.0,754.0,0.0,0.0,1.0,0.0,7.0,0.7,0.6,0.55,0.0,0.0,0.0,1.0,60000.0,1.0,1.0,15000.0,1.0,54.0,49.0,48.0,25.0,24.0,25.0,1069.0,1034.0,1035.0,1037.0,1041.0,1040.0,93601.0,93699.0,96000.0,94000.0,89889.0,99889.0,-0.1045902304186811,-2.396875,2.127659574468085,4.573418327047803,-10.011112334691507,-2.926141885325559,3.9400821925788274,-8.211448211024369,2.29899287644312,12.173446129569566,-1.4400606522703718,-9.195617591214656,686.0,677.0,676.0,689.0,678.0,696.0,-4.013135694356425,11.46880733944954,5.814969420444617,-1.9708605742236944,-2.7036786696419477,-5.170778821670032,-16.51271883160847,28.078012687837,16.16406111209808,-2.4972350735487185,-13.647397514628596,2.5832596522251627,2.6592,2.8583,3.0341,2.9947,3.0492,3.1124,3781.2099609375,3886.97998046875,3779.6201171875,3799.93994140625,3743.639892578125,3602.989990234375,-2.7211362050414953,2.8404934875079157,-0.5347406678019814,1.5038852679110906,3.903699503050818,0.0613745055104501,0.8025809217577706,0.7711788380342549,0.8807339449541285,0.9125327638093389,0.8554258143717703,0.9248895843557005,51.788491446345255,-0.5157297576070139,42.857142857142854,13.058419243986256,0.2978269547427773,0.158676612066919,0.2415891729826259,0.0759088137903004,0.2988047808764911,0.2997002997003111,0.5988023952095751,-1.1834319526627246,-0.4985044865403789,-1.5701668302257197,0.9970089730807578,-1.2795275590551154,1032.0,5.629477993858751,-0.8470106104562699,0.2695362958593122,4.203453063560534,-0.6516199490353113,0.1659100439388138,4.607785173459463
2025-01-22,93601.0,-0.1045902304186811,1032.0,5.629477993858751,-0.8470106104562699,-0.6516199490353113,1547.0,1482.0,1269.0,1261.0,1256.0,1081.0,937.0,963.0,905.0,768.0,806.0,754.0,844.0,0.0,0.0,1.0,0.0,7.0,0.7,0.6,0.55,0.0,0.0,0.0,1.0,60000.0,1.0,1.0,15000.0,1.0,49.0,48.0,52.0,24.0,25.0,27.0,1034.0,1035.0,1037.0,1041.0,1040.0,1058.0,93699.0,96000.0,94000.0,89889.0,99889.0,102900.0,-2.396875,2.127659574468085,4.573418327047803,-10.011112334691507,-2.926141885325559,-0.8660969758860876,-8.211448211024369,2.29899287644312,12.173446129569566,-1.4400606522703718,-9.195617591214656,-12.199298540039305,677.0,676.0,689.0,678.0,696.0,670.0,11.46880733944954,5.814969420444617,-1.9708605742236944,-2.7036786696419477,-5.170778821670032,-1.8206582645126808,28.078012687837,16.16406111209808,-2.4972350735487185,-13.647397514628596,2.5832596522251627,-9.921104808063005,2.8583,3.0341,2.9947,3.0492,3.1124,3.2664,3886.97998046875,3779.6201171875,3799.93994140625,3743.639892578125,3602.989990234375,3600.780029296875,2.8404934875079157,-0.5347406678019814,1.5038852679110906,3.903699503050818,0.0613745055104501,0.142397148580615,0.7711788380342549,0.8807339449541285,0.9125327638093389,0.8554258143717703,0.9248895843557005,0.9035033804548248,-0.5157297576070139,-10.973370064279155,13.058419243986256,-24.494032174364296,0.158676612066919,0.0103087952766974,0.0759088137903004,-0.0077695898254232,0.2997002997003111,-0.4970178926441352,-1.1834319526627246,1.096709870388842,-1.5701668302257197,1.191658391261175,-1.2795275590551154,1.094527363184074,977.0,1.5592515592515594,0.2695362958593122,4.203453063560534,2.894314972136493,0.1659100439388138,4.607785173459463,2.169740546965578
2025-01-08,93699.0,-2.396875,1032.0,5.629477993858751,-0.8470106104562699,-0.6516199490353113,1547.0,1482.0,1269.0,1261.0,1256.0,1081.0,937.0,963.0,905.0,768.0,806.0,754.0,844.0,0.0,0.0,1.0,0.0,7.0,0.7,0.6,0.55,0.0,0.0,0.0,1.0,60000.0,1.0,1.0,15000.0,1.0,49.0,48.0,52.0,24.0,25.0,27.0,1035.0,1037.0,1041.0,1040.0,1058.0,994.0,96000.0,94000.0,89889.0,99889.0,102900.0,103799.0,2.127659574468085,4.573418327047803,-10.011112334691507,-2.926141885325559,-0.8660969758860876,5.354025415127279,2.29899287644312,12.173446129569566,-1.4400606522703718,-9.195617591214656,-12.199298540039305,16.016359595481383,676.0,689.0,678.0,696.0,670.0,671.0,5.814969420444617,-1.9708605742236944,-2.7036786696419477,-5.170778821670032,-1.8206582645126808,5.455404950864083,16.16406111209808,-2.4972350735487185,-13.647397514628596,2.5832596522251627,-9.921104808063005,21.851650280005902,3.0341,2.9947,3.0492,3.1124,3.2664,3.4364,3779.6201171875,3799.93994140625,3743.639892578125,3602.989990234375,3600.780029296875,3595.659912109375,-0.5347406678019814,1.5038852679110906,3.903699503050818,0.0613745055104501,0.142397148580615,0.0901896299663081,0.8807339449541285,0.9125327638093389,0.8554258143717703,0.9248895843557005,0.9035033804548248,0.8948035378700367,-0.5157297576070139,-10.973370064279155,13.058419243986256,-24.494032174364296,0.158676612066919,0.0103087952766974,0.0759088137903004,-0.0077695898254232,0.2997002997003111,-0.4970178926441352,-1.1834319526627246,1.096709870388842,-1.5701668302257197,1.191658391261175,-1.2795275590551154,1.094527363184074,977.0,1.5592515592515594,0.2695362958593122,4.203453063560534,2.894314972136493,0.1659100439388138,4.607785173459463,2.169740546965578
2024-12-18,96000.0,2.127659574468085,1032.0,5.629477993858751,0.2695362958593122,0.1659100439388138,1482.0,1269.0,1261.0,1256.0,1081.0,937.0,963.0,905.0,768.0,806.0,754.0,844.0,733.0,0.0,0.0,1.0,0.0,7.0,0.7,0.6,0.55,0.0,0.0,0.0,1.0,60000.0,1.0,1.0,15000.0,1.0,48.0,52.0,46.0,25.0,27.0,31.0,1037.0,1041.0,1040.0,1058.0,994.0,990.0,94000.0,89889.0,99889.0,102900.0,103799.0,98524.0,4.573418327047803,-10.011112334691507,-2.926141885325559,-0.8660969758860876,5.354025415127279,2.107990465333195,12.173446129569566,-1.4400606522703718,-9.195617591214656,-12.199298540039305,16.016359595481383,4.530859049207675,689.0,678.0,696.0,670.0,671.0,663.0,-1.9708605742236944,-2.7036786696419477,-5.170778821670032,-1.8206582645126808,5.455404950864083,3.481655691439322,-2.4972350735487185,-13.647397514628596,2.5832596522251627,-9.921104808063005,21.851650280005902,-4.583161936103123,2.9947,3.0492,3.1124,3.2664,3.4364,3.4505,3799.93994140625,3743.639892578125,3602.989990234375,3600.780029296875,3595.659912109375,3592.419921875,1.5038852679110906,3.903699503050818,0.0613745055104501,0.142397148580615,0.0901896299663081,4.388938280741652,0.9125327638093389,0.8554258143717703,0.9248895843557005,0.9035033804548248,0.8948035378700367,0.8956645848674103,-10.973370064279155,4.1108986615678775,-24.494032174364296,5.358119190814653,0.0103087952766974,0.0909875431487318,-0.0077695898254232,0.179620282722325,-0.4970178926441352,0.1992031872509846,1.096709870388842,0.6018054162487405,1.191658391261175,0.7000000000000028,1.094527363184074,1.2084592145015136,977.0,1.5592515592515594,4.203453063560534,2.894314972136493,0.3436087674950483,4.607785173459463,2.169740546965578,0.2108901320992355
2024-12-04,94000.0,4.573418327047803,1032.0,5.629477993858751,0.2695362958593122,0.1659100439388138,1482.0,1269.0,1261.0,1256.0,1081.0,937.0,963.0,905.0,768.0,806.0,754.0,844.0,733.0,0.0,0.0,1.0,0.0,7.0,0.7,0.6,0.55,0.0,0.0,0.0,1.0,60000.0,1.0,1.0,15000.0,1.0,48.0,52.0,46.0,25.0,27.0,31.0,1041.0,1040.0,1058.0,994.0,990.0,983.0,89889.0,99889.0,102900.0,103799.0,98524.0,96490.0,-10.011112334691507,-2.926141885325559,-0.8660969758860876,5.354025415127279,2.107990465333195,2.7582534611288607,-1.4400606522703718,-9.195617591214656,-12.199298540039305,16.016359595481383,4.530859049207675,-0.962945414512471,678.0,696.0,670.0,671.0,663.0,665.0,-2.7036786696419477,-5.170778821670032,-1.8206582645126808,5.455404950864083,3.481655691439322,0.3881422999556139,-13.647397514628596,2.5832596522251627,-9.921104808063005,21.851650280005902,-4.583161936103123,-3.230563718942022,3.0492,3.1124,3.2664,3.4364,3.4505,3.4788,3743.639892578125,3602.989990234375,3600.780029296875,3595.659912109375,3592.419921875,3441.3798828125,3.903699503050818,0.0613745055104501,0.142397148580615,0.0901896299663081,4.388938280741652,2.0042881785053988,0.8554258143717703,0.9248895843557005,0.9035033804548248,0.8948035378700367,0.8956645848674103,0.9077140169332079,-10.973370064279155,4.1108986615678775,-24.494032174364296,5.358119190814653,0.0103087952766974,0.0909875431487318,-0.0077695898254232,0.179620282722325,-0.4970178926441352,0.1992031872509846,1.096709870388842,0.6018054162487405,1.191658391261175,0.7000000000000028,1.094527363184074,1.2084592145015136,977.0,1.5592515592515594,4.203453063560534,2.894314972136493,0.3436087674950483,4.607785173459463,2.169740546965578,0.2108901320992355
2024-11-20,89889.0,-10.011112334691507,1032.0,5.629477993858751,4.203453063560534,4.607785173459463,1269.0,1261.0,1256.0,1081.0,937.0,963.0,905.0,768.0,806.0,754.0,844.0,733.0,647.0,0.0,0.0,1.0,0.0,7.0,0.7,0.6,0.55,0.0,0.0,0.0,1.0,60000.0,1.0,1.0,15000.0,1.0,52.0,46.0,47.0,27.0,31.0,31.0,1040.0,1058.0,994.0,990.0,983.0,978.0,99889.0,102900.0,103799.0,98524.0,96490.0,93900.0,-2.926141885325559,-0.8660969758860876,5.354025415127279,2.107990465333195,2.7582534611288607,-0.4125613804367423,-9.195617591214656,-12.199298540039305,16.016359595481383,4.530859049207675,-0.962945414512471,-13.310538861318433,696.0,670.0,671.0,663.0,665.0,686.0,-5.170778821670032,-1.8206582645126808,5.455404950864083,3.481655691439322,0.3881422999556139,-0.1998096153664904,2.5832596522251627,-9.921104808063005,21.851650280005902,-4.583161936103123,-3.230563718942022,-17.2195462035746,3.1124,3.2664,3.4364,3.4505,3.4788,3.5743,3602.989990234375,3600.780029296875,3595.659912109375,3592.419921875,3441.3798828125,3373.760009765625,0.0613745055104501,0.142397148580615,0.0901896299663081,4.388938280741652,2.0042881785053988,3.816945465478433,0.9248895843557005,0.9035033804548248,0.8948035378700367,0.8956645848674103,0.9077140169332079,0.886777663402242,4.1108986615678775,-5.723298783235692,5.358119190814653,8.933889219773675,0.0909875431487318,0.0989020619202023,0.179620282722325,0.1823471193353927,0.1992031872509846,0.6012024048096278,0.6018054162487405,0.0,0.7000000000000028,-0.1996007984031964,1.2084592145015136,0.4044489383215282,977.0,1.5592515592515594,2.894314972136493,0.3436087674950483,-0.0196934388026389,2.169740546965578,0.2108901320992355,-0.3938615941183335
2024-11-06,99889.0,-2.926141885325559,1032.0,5.629477993858751,4.203453063560534,4.607785173459463,1269.0,1261.0,1256.0,1081.0,937.0,963.0,905.0,768.0,806.0,754.0,844.0,733.0,647.0,0.0,0.0,1.0,0.0,7.0,0.7,0.6,0.55,0.0,0.0,0.0,1.0,60000.0,1.0,1.0,15000.0,1.0,52.0,46.0,47.0,27.0,31.0,31.0,1058.0,994.0,990.0,983.0,978.0,1013.0,102900.0,103799.0,98524.0,96490.0,93900.0,94289.0,-0.8660969758860876,5.354025415127279,2.107990465333195,2.7582534611288607,-0.4125613804367423,2.60068118260264,-12.199298540039305,16.016359595481383,4.530859049207675,-0.962945414512471,-13.310538861318433,12.37003897175762,670.0,671.0,663.0,665.0,686.0,663.0,-1.8206582645126808,5.455404950864083,3.481655691439322,0.3881422999556139,-0.1998096153664904,6.101,-9.921104808063005,21.851650280005902,-4.583161936103123,-3.230563718942022,-17.2195462035746,28.67911560722018,3.2664,3.4364,3.4505,3.4788,3.5743,3.5547,3600.780029296875,3595.659912109375,3592.419921875,3441.3798828125,3373.760009765625,3249.719970703125,0.142397148580615,0.0901896299663081,4.388938280741652,2.0042881785053988,3.816945465478433,-6.8733423590206275,0.9035033804548248,0.8948035378700367,0.8956645848674103,0.9077140169332079,0.886777663402242,0.88867211430618,4.1108986615678775,-5.723298783235692,5.358119190814653,8.933889219773675,0.0909875431487318,0.0989020619202023,0.179620282722325,0.1823471193353927,0.1992031872509846,0.6012024048096278,0.6018054162487405,0.0,0.7000000000000028,-0.1996007984031964,1.2084592145015136,0.4044489383215282,977.0,1.5592515592515594,2.894314972136493,0.3436087674950483,-0.0196934388026389,2.169740546965578,0.2108901320992355,-0.3938615941183335
2024-10-23,102900.0,-0.8660969758860876,977.0,1.5592515592515594,2.894314972136493,2.169740546965578,1261.0,1256.0,1081.0,937.0,963.0,905.0,768.0,806.0,754.0,844.0,733.0,647.0,650.0,0.0,0.0,1.0,0.0,7.0,0.7,0.6,0.55,0.0,0.0,0.0,1.0,60000.0,1.0,1.0,15000.0,1.0,46.0,47.0,51.0,31.0,31.0,32.0,994.0,990.0,983.0,978.0,1013.0,973.0,103799.0,98524.0,96490.0,93900.0,94289.0,91899.0,5.354025415127279,2.107990465333195,2.7582534611288607,-0.4125613804367423,2.60068118260264,0.9868023428313974,16.016359595481383,4.530859049207675,-0.962945414512471,-13.310538861318433,12.37003897175762,-6.667280391422143,671.0,663.0,665.0,686.0,663.0,661.0,5.455404950864083,3.481655691439322,0.3881422999556139,-0.1998096153664904,6.101,-0.8929544801339928,21.851650280005902,-4.583161936103123,-3.230563718942022,-17.2195462035746,28.67911560722018,0.9463812945753156,3.4364,3.4505,3.4788,3.5743,3.5547,3.5425,3595.659912109375,3592.419921875,3441.3798828125,3373.760009765625,3249.719970703125,3489.570068359375,0.0901896299663081,4.388938280741652,2.0042881785053988,3.816945465478433,-6.8733423590206275,2.1683455291302765,0.8948035378700367,0.8956645848674103,0.9077140169332079,0.886777663402242,0.88867211430618,0.91899,-5.723298783235692,11.901159858799796,8.933889219773675,-5.461711711711711,0.0989020619202023,0.3133339612571034,0.1823471193353927,0.1763594247137539,0.6012024048096278,-0.2997002997002969,0.0,0.1004016064257113,-0.1996007984031964,0.7035175879397014,0.4044489383215282,-0.5030181086519114,962.0,2.8877005347593583,0.3436087674950483,-0.0196934388026389,1.9713501573063792,0.2108901320992355,-0.3938615941183335,1.8018374782195468
2024-10-09,103799.0,5.354025415127279,977.0,1.5592515592515594,2.894314972136493,2.169740546965578,1261.0,1256.0,1081.0,937.0,963.0,905.0,768.0,806.0,754.0,844.0,733.0,647.0,650.0,0.0,0.0,1.0,0.0,7.0,0.7,0.6,0.55,0.0,0.0,0.0,1.0,60000.0,1.0,1.0,15000.0,1.0,46.0,47.0,51.0,31.0,31.0,32.0,990.0,983.0,978.0,1013.0,973.0,967.0,98524.0,96490.0,93900.0,94289.0,91899.0,91001.0,2.107990465333195,2.7582534611288607,-0.4125613804367423,2.60068118260264,0.9868023428313974,0.1232272332185413,4.530859049207675,-0.962945414512471,-13.310538861318433,12.37003897175762,-6.667280391422143,1.7478427450116143,663.0,665.0,686.0,663.0,661.0,671.0,3.481655691439322,0.3881422999556139,-0.1998096153664904,6.101,-0.8929544801339928,-1.4003166103152422,-4.583161936103123,-3.230563718942022,-17.2195462035746,28.67911560722018,0.9463812945753156,-13.957365081083845,3.4505,3.4788,3.5743,3.5547,3.5425,3.6537,3592.419921875,3441.3798828125,3373.760009765625,3249.719970703125,3489.570068359375,3415.510009765625,4.388938280741652,2.0042881785053988,3.816945465478433,-6.8733423590206275,2.1683455291302765,3.500303326231061,0.8956645848674103,0.9077140169332079,0.886777663402242,0.88867211430618,0.91899,0.9018840249353327,-5.723298783235692,11.901159858799796,8.933889219773675,-5.461711711711711,0.0989020619202023,0.3133339612571034,0.1823471193353927,0.1763594247137539,0.6012024048096278,-0.2997002997002969,0.0,0.1004016064257113,-0.1996007984031964,0.7035175879397014,0.4044489383215282,-0.5030181086519114,962.0,2.8877005347593583,0.3436087674950483,-0.0196934388026389,1.9713501573063792,0.2108901320992355,-0.3938615941183335,1.8018374782195468
2024-09-18,98524.0,2.107990465333195,977.0,1.5592515592515594,0.3436087674950483,0.2108901320992355,1256.0,1081.0,937.0,963.0,905.0,768.0,806.0,754.0,844.0,733.0,647.0,650.0,938.0,0.0,0.0,1.0,0.0,7.0,0.7,0.6,0.55,0.0,0.0,0.0,1.0,60000.0,1.0,1.0,15000.0,1.0,47.0,51.0,55.0,31.0,32.0,33.0,983.0,978.0,1013.0,973.0,967.0,966.0,96490.0,93900.0,94289.0,91899.0,91001.0,90889.0,2.7582534611288607,-0.4125613804367423,2.60068118260264,0.9868023428313974,0.1232272332185413,3.04875283446712,-0.962945414512471,-13.310538861318433,12.37003897175762,-6.667280391422143,1.7478427450116143,-4.758658746388812,665.0,686.0,663.0,661.0,671.0,674.0,0.3881422999556139,-0.1998096153664904,6.101,-0.8929544801339928,-1.4003166103152422,1.7165803572316043,-3.230563718942022,-17.2195462035746,28.67911560722018,0.9463812945753156,-13.957365081083845,9.144888769734154,3.4788,3.5743,3.5547,3.5425,3.6537,3.6655,3441.3798828125,3373.760009765625,3249.719970703125,3489.570068359375,3415.510009765625,3300.0,2.0042881785053988,3.816945465478433,-6.8733423590206275,2.1683455291302765,3.500303326231061,-0.9011987855176804,0.9077140169332079,0.886777663402242,0.88867211430618,0.91899,0.9018840249353327,0.8881603377176696,11.901159858799796,14.889918887601391,-5.461711711711711,22.482758620689655,0.3133339612571034,0.2909448149477622,0.1763594247137539,0.265391821955525,-0.2997002997002969,-0.0998003992016053,0.1004016064257113,-0.4995004995004995,0.7035175879397014,-1.0934393638170918,-0.5030181086519114,0.2016129032258093,962.0,2.8877005347593583,-0.0196934388026389,1.9713501573063792,6.013010053222945,-0.3938615941183335,1.8018374782195468,1.9088744501392307
2024-09-04,96490.0,2.7582534611288607,977.0,1.5592515592515594,0.3436087674950483,0.2108901320992355,1256.0,1081.0,937.0,963.0,905.0,768.0,806.0,754.0,844.0,733.0,647.0,650.0,938.0,0.0,0.0,1.0,0.0,7.0,0.7,0.6,0.55,0.0,0.0,0.0,1.0,60000.0,1.0,1.0,15000.0,1.0,47.0,51.0,55.0,31.0,32.0,33.0,978.0,1013.0,973.0,967.0,966.0,962.0,93900.0,94289.0,91899.0,91001.0,90889.0,88200.0,-0.4125613804367423,2.60068118260264,0.9868023428313974,0.1232272332185413,3.04875283446712,-4.854368932038835,-13.310538861318433,12.37003897175762,-6.667280391422143,1.7478427450116143,-4.758658746388812,3.8105199808800942,686.0,663.0,661.0,671.0,674.0,685.0,-0.1998096153664904,6.101,-0.8929544801339928,-1.4003166103152422,1.7165803572316043,-4.8084474259383665,-17.2195462035746,28.67911560722018,0.9463812945753156,-13.957365081083845,9.144888769734154,-14.867264865870103,3.5743,3.5547,3.5425,3.6537,3.6655,3.6877,3373.760009765625,3249.719970703125,3489.570068359375,3415.510009765625,3300.0,3330.010009765625,3.816945465478433,-6.8733423590206275,2.1683455291302765,3.500303326231061,-0.9011987855176804,0.2224116004083044,0.886777663402242,0.88867211430618,0.91899,0.9018840249353327,0.8881603377176696,0.8766785611339172,11.901159858799796,14.889918887601391,-5.461711711711711,22.482758620689655,0.3133339612571034,0.2909448149477622,0.1763594247137539,0.265391821955525,-0.2997002997002969,-0.0998003992016053,0.1004016064257113,-0.4995004995004995,0.7035175879397014,-1.0934393638170918,-0.5030181086519114,0.2016129032258093,962.0,2.8877005347593583,-0.0196934388026389,1.9713501573063792,6.013010053222945,-0.3938615941183335,1.8018374782195468,1.9088744501392307
2024-08-21,93900.0,-0.4125613804367423,977.0,1.5592515592515594,-0.0196934388026389,-0.3938615941183335,1081.0,937.0,963.0,905.0,768.0,806.0,754.0,844.0,733.0,647.0,650.0,938.0,675.0,0.0,0.0,1.0,0.0,7.0,0.7,0.6,0.55,0.0,0.0,0.0,1.0,60000.0,1.0,1.0,15000.0,1.0,51.0,55.0,54.0,32.0,33.0,31.0,1013.0,973.0,967.0,966.0,962.0,983.0,94289.0,91899.0,91001.0,90889.0,88200.0,92700.0,2.60068118260264,0.9868023428313974,0.1232272332185413,3.04875283446712,-4.854368932038835,-0.9657706935601044,12.37003897175762,-6.667280391422143,1.7478427450116143,-4.758658746388812,3.8105199808800942,-12.869766421319287,663.0,661.0,671.0,674.0,685.0,658.0,6.101,-0.8929544801339928,-1.4003166103152422,1.7165803572316043,-4.8084474259383665,0.6542732519380584,28.67911560722018,0.9463812945753156,-13.957365081083845,9.144888769734154,-14.867264865870103,-10.07585269784482,3.5547,3.5425,3.6537,3.6655,3.6877,3.6856,3249.719970703125,3489.570068359375,3415.510009765625,3300.0,3330.010009765625,3322.6201171875,-6.8733423590206275,2.1683455291302765,3.500303326231061,-0.9011987855176804,0.2224116004083044,1.779431874398675,0.88867211430618,0.91899,0.9018840249353327,0.8881603377176696,0.8766785611339172,0.8771016851327953,14.889918887601391,-11.350796096558808,22.482758620689655,-2.1592442645074224,0.2909448149477622,-0.0097601828617485,0.265391821955525,0.1275867997430166,-0.0998003992016053,0.8048289738430555,-0.4995004995004995,0.0,-1.0934393638170918,0.2991026919242244,0.2016129032258093,-0.3015075376884393,962.0,2.8877005347593583,1.9713501573063792,6.013010053222945,7.731709181723198,1.8018374782195468,1.9088744501392307,1.0748302094593216
2024-08-07,94289.0,2.60068118260264,977.0,1.5592515592515594,-0.0196934388026389,-0.3938615941183335,1081.0,937.0,963.0,905.0,768.0,806.0,754.0,844.0,733.0,647.0,650.0,938.0,675.0,0.0,0.0,1.0,0.0,7.0,0.7,0.6,0.55,0.0,0.0,0.0,1.0,60000.0,1.0,1.0,15000.0,1.0,51.0,55.0,54.0,32.0,33.0,31.0,973.0,967.0,966.0,962.0,983.0,968.0,91899.0,91001.0,90889.0,88200.0,92700.0,93604.0,0.9868023428313974,0.1232272332185413,3.04875283446712,-4.854368932038835,-0.9657706935601044,-0.4318689501116903,-6.667280391422143,1.7478427450116143,-4.758658746388812,3.8105199808800942,-12.869766421319287,13.528747250133769,661.0,671.0,674.0,685.0,658.0,666.0,-0.8929544801339928,-1.4003166103152422,1.7165803572316043,-4.8084474259383665,0.6542732519380584,2.942128018352761,0.9463812945753156,-13.957365081083845,9.144888769734154,-14.867264865870103,-10.07585269784482,27.140533390533395,3.5425,3.6537,3.6655,3.6877,3.6856,3.5654,3489.570068359375,3415.510009765625,3300.0,3330.010009765625,3322.6201171875,3264.530029296875,2.1683455291302765,3.500303326231061,-0.9011987855176804,0.2224116004083044,1.779431874398675,3.481802964181708,0.91899,0.9018840249353327,0.8881603377176696,0.8766785611339172,0.8771016851327953,0.8914496866726348,14.889918887601391,-11.350796096558808,22.482758620689655,-2.1592442645074224,0.2909448149477622,-0.0097601828617485,0.265391821955525,0.1275867997430166,-0.0998003992016053,0.8048289738430555,-0.4995004995004995,0.0,-1.0934393638170918,0.2991026919242244,0.2016129032258093,-0.3015075376884393,962.0,2.8877005347593583,1.9713501573063792,6.013010053222945,7.731709181723198,1.8018374782195468,1.9088744501392307,1.0748302094593216
2024-07-17,91899.0,0.9868023428313974,962.0,2.8877005347593583,1.9713501573063792,1.8018374782195468,937.0,963.0,905.0,768.0,806.0,754.0,844.0,733.0,647.0,650.0,938.0,675.0,714.0,0.0,0.0,1.0,0.0,7.0,0.7,0.6,0.55,0.0,0.0,0.0,1.0,60000.0,1.0,1.0,15000.0,1.0,55.0,54.0,55.0,33.0,31.0,35.0,967.0,966.0,962.0,983.0,968.0,936.0,91001.0,90889.0,88200.0,92700.0,93604.0,94010.0,0.1232272332185413,3.04875283446712,-4.854368932038835,-0.9657706935601044,-0.4318689501116903,5.629213483146067,1.7478427450116143,-4.758658746388812,3.8105199808800942,-12.869766421319287,13.528747250133769,-24.666146375303494,671.0,674.0,685.0,658.0,666.0,690.0,-1.4003166103152422,1.7165803572316043,-4.8084474259383665,0.6542732519380584,2.942128018352761,0.6582193538200406,-13.957365081083845,9.144888769734154,-14.867264865870103,-10.07585269784482,27.140533390533395,-21.030809098761875,3.6537,3.6655,3.6877,3.6856,3.5654,3.6802,3415.510009765625,3300.0,3330.010009765625,3322.6201171875,3264.530029296875,3154.68994140625,3.500303326231061,-0.9011987855176804,0.2224116004083044,1.779431874398675,3.481802964181708,-2.1091263911442524,0.9018840249353327,0.8881603377176696,0.8766785611339172,0.8771016851327953,0.8914496866726348,0.9216576308075412,-11.350796096558808,3.343949044585987,-2.1592442645074224,-7.084639498432602,-0.0097601828617485,-0.1756889268832344,0.1275867997430166,0.1298665998206028,0.8048289738430555,-0.3009027081243702,0.0,0.7042253521126646,0.2991026919242244,1.6210739614994876,-0.3015075376884393,-1.5825914935707164,935.0,1.7410228509249184,6.013010053222945,7.731709181723198,-0.952837689463256,1.9088744501392307,1.0748302094593216,-7.554089087909498
2024-07-03,91001.0,0.1232272332185413,962.0,2.8877005347593583,1.9713501573063792,1.8018374782195468,937.0,963.0,905.0,768.0,806.0,754.0,844.0,733.0,647.0,650.0,938.0,675.0,714.0,0.0,0.0,1.0,0.0,7.0,0.7,0.6,0.55,0.0,0.0,0.0,1.0,60000.0,1.0,1.0,15000.0,1.0,55.0,54.0,55.0,33.0,31.0,35.0,966.0,962.0,983.0,968.0,936.0,975.0,90889.0,88200.0,92700.0,93604.0,94010.0,89000.0,3.04875283446712,-4.854368932038835,-0.9657706935601044,-0.4318689501116903,5.629213483146067,4.106961129502041,-4.758658746388812,3.8105199808800942,-12.869766421319287,13.528747250133769,-24.666146375303494,-3.999999999999993,674.0,685.0,658.0,666.0,690.0,653.0,1.7165803572316043,-4.8084474259383665,0.6542732519380584,2.942128018352761,0.6582193538200406,5.544156398745978,9.144888769734154,-14.867264865870103,-10.07585269784482,27.140533390533395,-21.030809098761875,13.841441865944155,3.6655,3.6877,3.6856,3.5654,3.6802,3.7448,3300.0,3330.010009765625,3322.6201171875,3264.530029296875,3154.68994140625,3222.659912109375,-0.9011987855176804,0.2224116004083044,1.779431874398675,3.481802964181708,-2.1091263911442524,1.4218793483620924,0.8881603377176696,0.8766785611339172,0.8771016851327953,0.8914496866726348,0.9216576308075412,0.8782836955020032,-11.350796096558808,3.343949044585987,-2.1592442645074224,-7.084639498432602,-0.0097601828617485,-0.1756889268832344,0.1275867997430166,0.1298665998206028,0.8048289738430555,-0.3009027081243702,0.0,0.7042253521126646,0.2991026919242244,1.6210739614994876,-0.3015075376884393,-1.5825914935707164,935.0,1.7410228509249184,6.013010053222945,7.731709181723198,-0.952837689463256,1.9088744501392307,1.0748302094593216,-7.554089087909498
2024-06-20,90889.0,3.04875283446712,962.0,2.8877005347593583,6.013010053222945,1.9088744501392307,963.0,905.0,768.0,806.0,754.0,844.0,733.0,647.0,650.0,938.0,675.0,714.0,867.0,0.0,0.0,1.0,0.0,7.0,0.7,0.6,0.55,0.0,0.0,0.0,1.0,60000.0,1.0,1.0,15000.0,1.0,54.0,55.0,63.0,31.0,35.0,34.0,962.0,983.0,968.0,936.0,975.0,936.0,88200.0,92700.0,93604.0,94010.0,89000.0,85489.0,-4.854368932038835,-0.9657706935601044,-0.4318689501116903,5.629213483146067,4.106961129502041,2.9987951807228916,3.8105199808800942,-12.869766421319287,13.528747250133769,-24.666146375303494,-3.999999999999993,5.972256575150457,685.0,658.0,666.0,690.0,653.0,656.0,-4.8084474259383665,0.6542732519380584,2.942128018352761,0.6582193538200406,5.544156398745978,0.0010415581710238,-14.867264865870103,-10.07585269784482,27.140533390533395,-21.030809098761875,13.841441865944155,7.222739981360664,3.6877,3.6856,3.5654,3.6802,3.7448,3.677,3330.010009765625,3322.6201171875,3264.530029296875,3154.68994140625,3222.659912109375,3177.47998046875,0.2224116004083044,1.779431874398675,3.481802964181708,-2.1091263911442524,1.4218793483620924,1.3181837962158178,0.8766785611339172,0.8771016851327953,0.8914496866726348,0.9216576308075412,0.8782836955020032,0.8904083907052317,3.343949044585987,39.040590405904055,-7.084639498432602,55.30671859785784,-0.1756889268832344,-0.1681769120710861,0.1298665998206028,0.1055145724996976,-0.3009027081243702,-0.1002004008015975,0.7042253521126646,-0.2008032128513941,1.6210739614994876,-0.4036326942482255,-1.5825914935707164,1.2012012012011897,935.0,1.7410228509249184,7.731709181723198,-0.952837689463256,-4.974515800203873,1.0748302094593216,-7.554089087909498,-6.740693850996114
2024-06-05,88200.0,-4.854368932038835,962.0,2.8877005347593583,6.013010053222945,1.9088744501392307,963.0,905.0,768.0,806.0,754.0,844.0,733.0,647.0,650.0,938.0,675.0,714.0,867.0,0.0,0.0,1.0,0.0,7.0,0.7,0.6,0.55,0.0,0.0,0.0,1.0,60000.0,1.0,1.0,15000.0,1.0,54.0,55.0,63.0,31.0,35.0,34.0,983.0,968.0,936.0,975.0,936.0,963.0,92700.0,93604.0,94010.0,89000.0,85489.0,83000.0,-0.9657706935601044,-0.4318689501116903,5.629213483146067,4.106961129502041,2.9987951807228916,8.071509485553573,-12.869766421319287,13.528747250133769,-24.666146375303494,-3.999999999999993,5.972256575150457,-4.891569528826406,658.0,666.0,690.0,653.0,656.0,708.0,0.6542732519380584,2.942128018352761,0.6582193538200406,5.544156398745978,0.0010415581710238,-1.020618556701031,-10.07585269784482,27.140533390533395,-21.030809098761875,13.841441865944155,7.222739981360664,-4.875886524822687,3.6856,3.5654,3.6802,3.7448,3.677,3.6734,3322.6201171875,3264.530029296875,3154.68994140625,3222.659912109375,3177.47998046875,3136.139892578125,1.779431874398675,3.481802964181708,-2.1091263911442524,1.4218793483620924,1.3181837962158178,-2.516861784026343,0.8771016851327953,0.8914496866726348,0.9216576308075412,0.8782836955020032,0.8904083907052317,0.8644932819497969,3.343949044585987,39.040590405904055,-7.084639498432602,55.30671859785784,-0.1756889268832344,-0.1681769120710861,0.1298665998206028,0.1055145724996976,-0.3009027081243702,-0.1002004008015975,0.7042253521126646,-0.2008032128513941,1.6210739614994876,-0.4036326942482255,-1.5825914935707164,1.2012012012011897,935.0,1.7410228509249184,7.731709181723198,-0.952837689463256,-4.974515800203873,1.0748302094593216,-7.554089087909498,-6.740693850996114
2024-05-23,92700.0,-0.9657706935601044,962.0,2.8877005347593583,7.731709181723198,1.0748302094593216,905.0,768.0,806.0,754.0,844.0,733.0,647.0,650.0,938.0,675.0,714.0,867.0,980.0,0.0,0.0,1.0,0.0,7.0,0.7,0.6,0.55,0.0,0.0,0.0,1.0,60000.0,1.0,1.0,15000.0,1.0,55.0,63.0,70.0,35.0,34.0,35.0,968.0,936.0,975.0,936.0,963.0,937.0,93604.0,94010.0,89000.0,85489.0,83000.0,76801.0,-0.4318689501116903,5.629213483146067,4.106961129502041,2.9987951807228916,8.071509485553573,-2.7835443037974685,13.528747250133769,-24.666146375303494,-3.999999999999993,5.972256575150457,-4.891569528826406,-1.033798381405001,666.0,690.0,653.0,656.0,708.0,649.0,2.942128018352761,0.6582193538200406,5.544156398745978,0.0010415581710238,-1.020618556701031,-5.216048779534484,27.140533390533395,-21.030809098761875,13.841441865944155,7.222739981360664,-4.875886524822687,-10.270049696139443,3.5654,3.6802,3.7448,3.677,3.6734,3.5541,3264.530029296875,3154.68994140625,3222.659912109375,3177.47998046875,3136.139892578125,3217.110107421875,3.481802964181708,-2.1091263911442524,1.4218793483620924,1.3181837962158178,-2.516861784026343,1.931473693085873,0.8914496866726348,0.9216576308075412,0.8782836955020032,0.8904083907052317,0.8644932819497969,0.7917628865979381,39.040590405904055,22.07207207207207,55.30671859785784,-4.376163873370578,-0.1681769120710861,-0.0993640076607455,0.1055145724996976,-0.0256917892064259,-0.1002004008015975,1.0121457489878545,-0.2008032128513941,0.4032258064516043,-0.4036326942482255,0.3036437246963534,1.2012012012011897,0.9090909090909148,935.0,1.7410228509249184,-0.952837689463256,-4.974515800203873,-11.247232629427794,-7.554089087909498,-6.740693850996114,-12.66805383865296
2024-05-08,93604.0,-0.4318689501116903,962.0,2.8877005347593583,7.731709181723198,1.0748302094593216,905.0,768.0,806.0,754.0,844.0,733.0,647.0,650.0,938.0,675.0,714.0,867.0,980.0,0.0,0.0,1.0,0.0,7.0,0.7,0.6,0.55,0.0,0.0,0.0,1.0,60000.0,1.0,1.0,15000.0,1.0,55.0,63.0,70.0,35.0,34.0,35.0,936.0,975.0,936.0,963.0,937.0,938.0,94010.0,89000.0,85489.0,83000.0,76801.0,79000.0,5.629213483146067,4.106961129502041,2.9987951807228916,8.071509485553573,-2.7835443037974685,-3.1732218804005443,-24.666146375303494,-3.999999999999993,5.972256575150457,-4.891569528826406,-1.033798381405001,1.070237717189134,690.0,653.0,656.0,708.0,649.0,655.0,0.6582193538200406,5.544156398745978,0.0010415581710238,-1.020618556701031,-5.216048779534484,-8.626785714285715,-21.030809098761875,13.841441865944155,7.222739981360664,-4.875886524822687,-10.270049696139443,-10.814132642341894,3.6802,3.7448,3.677,3.6734,3.5541,3.5842,3154.68994140625,3222.659912109375,3177.47998046875,3136.139892578125,3217.110107421875,3156.14990234375,-2.1091263911442524,1.4218793483620924,1.3181837962158178,-2.516861784026343,1.931473693085873,0.4433149738243163,0.9216576308075412,0.8782836955020032,0.8904083907052317,0.8644932819497969,0.7917628865979381,0.7719517676718326,39.040590405904055,22.07207207207207,55.30671859785784,-4.376163873370578,-0.1681769120710861,-0.0993640076607455,0.1055145724996976,-0.0256917892064259,-0.1002004008015975,1.0121457489878545,-0.2008032128513941,0.4032258064516043,-0.4036326942482255,0.3036437246963534,1.2012012012011897,0.9090909090909148,935.0,1.7410228509249184,-0.952837689463256,-4.974515800203873,-11.247232629427794,-7.554089087909498,-6.740693850996114,-12.66805383865296
2024-04-17,94010.0,5.629213483146067,935.0,1.7410228509249184,-0.952837689463256,-7.554089087909498,768.0,806.0,754.0,844.0,733.0,647.0,650.0,938.0,675.0,714.0,867.0,980.0,764.0,0.0,0.0,1.0,0.0,7.0,0.7,0.6,0.55,0.0,0.0,0.0,1.0,60000.0,1.0,1.0,15000.0,1.0,63.0,70.0,100.0,34.0,35.0,49.0,975.0,936.0,963.0,937.0,938.0,923.0,89000.0,85489.0,83000.0,76801.0,79000.0,81589.0,4.106961129502041,2.9987951807228916,8.071509485553573,-2.7835443037974685,-3.1732218804005443,25.502230426088296,-3.999999999999993,5.972256575150457,-4.891569528826406,-1.033798381405001,1.070237717189134,58.955813885391365,653.0,656.0,708.0,649.0,655.0,657.0,5.544156398745978,0.0010415581710238,-1.020618556701031,-5.216048779534484,-8.626785714285715,31.74920597576756,13.841441865944155,7.222739981360664,-4.875886524822687,-10.270049696139443,-10.814132642341894,48.261079774375496,3.7448,3.677,3.6734,3.5541,3.5842,3.6141,3222.659912109375,3177.47998046875,3136.139892578125,3217.110107421875,3156.14990234375,3142.219970703125,1.4218793483620924,1.3181837962158178,-2.516861784026343,1.931473693085873,0.4433149738243163,-1.001573371372179,0.8782836955020032,0.8904083907052317,0.8644932819497969,0.7917628865979381,0.7719517676718326,0.7284732142857143,22.07207207207207,-57.192441187813344,-4.376163873370578,-49.45882352941177,-0.0993640076607455,-0.2526286827352683,-0.0256917892064259,-0.0489415631693589,1.0121457489878545,-0.4032258064516186,0.4032258064516043,-1.293532338308455,0.3036437246963534,-1.8867924528301945,0.9090909090909148,3.773584905660371,919.0,34.948604992657856,-4.974515800203873,-11.247232629427794,-5.527456284125531,-6.740693850996114,-12.66805383865296,-4.366055497220733
2024-04-03,89000.0,4.106961129502041,935.0,1.7410228509249184,-0.952837689463256,-7.554089087909498,768.0,806.0,754.0,844.0,733.0,647.0,650.0,938.0,675.0,714.0,867.0,980.0,764.0,0.0,0.0,1.0,0.0,7.0,0.7,0.6,0.55,0.0,0.0,0.0,1.0,60000.0,1.0,1.0,15000.0,1.0,63.0,70.0,100.0,34.0,35.0,49.0,936.0,963.0,937.0,938.0,923.0,924.0,85489.0,83000.0,76801.0,79000.0,81589.0,65010.0,2.9987951807228916,8.071509485553573,-2.7835443037974685,-3.1732218804005443,25.502230426088296,-23.517647058823528,5.972256575150457,-4.891569528826406,-1.033798381405001,1.070237717189134,58.955813885391365,0.994260170932547,656.0,708.0,649.0,655.0,657.0,633.0,0.0010415581710238,-1.020618556701031,-5.216048779534484,-8.626785714285715,31.74920597576756,-22.71888437377842,7.222739981360664,-4.875886524822687,-10.270049696139443,-10.814132642341894,48.261079774375496,1.9395655328442996,3.677,3.6734,3.5541,3.5842,3.6141,3.653,3177.47998046875,3136.139892578125,3217.110107421875,3156.14990234375,3142.219970703125,3174.010009765625,1.3181837962158178,-2.516861784026343,1.931473693085873,0.4433149738243163,-1.001573371372179,2.1228874832871725,0.8904083907052317,0.8644932819497969,0.7917628865979381,0.7719517676718326,0.7284732142857143,0.7647335607575579,22.07207207207207,-57.192441187813344,-4.376163873370578,-49.45882352941177,-0.0993640076607455,-0.2526286827352683,-0.0256917892064259,-0.0489415631693589,1.0121457489878545,-0.4032258064516186,0.4032258064516043,-1.293532338308455,0.3036437246963534,-1.8867924528301945,0.9090909090909148,3.773584905660371,919.0,34.948604992657856,-4.974515800203873,-11.247232629427794,-5.527456284125531,-6.740693850996114,-12.66805383865296,-4.366055497220733
2024-03-20,85489.0,2.9987951807228916,935.0,1.7410228509249184,-4.974515800203873,-6.740693850996114,806.0,754.0,844.0,733.0,647.0,650.0,938.0,675.0,714.0,867.0,980.0,764.0,719.0,0.0,0.0,1.0,0.0,7.0,0.7,0.6,0.55,0.0,0.0,0.0,1.0,60000.0,1.0,1.0,15000.0,1.0,70.0,100.0,61.0,35.0,49.0,38.0,963.0,937.0,938.0,923.0,924.0,919.0,83000.0,76801.0,79000.0,81589.0,65010.0,85000.0,8.071509485553573,-2.7835443037974685,-3.1732218804005443,25.502230426088296,-23.517647058823528,-3.4310384003635535,-4.891569528826406,-1.033798381405001,1.070237717189134,58.955813885391365,0.994260170932547,-4.507791271410875,708.0,649.0,655.0,657.0,633.0,643.0,-1.020618556701031,-5.216048779534484,-8.626785714285715,31.74920597576756,-22.71888437377842,-15.448885472713297,-4.875886524822687,-10.270049696139443,-10.814132642341894,48.261079774375496,1.9395655328442996,-9.923506340022575,3.6734,3.5541,3.5842,3.6141,3.653,3.7285,3136.139892578125,3217.110107421875,3156.14990234375,3142.219970703125,3174.010009765625,3108.030029296875,-2.516861784026343,1.931473693085873,0.4433149738243163,-1.001573371372179,2.1228874832871725,0.6734183001083008,0.8644932819497969,0.7917628865979381,0.7719517676718326,0.7284732142857143,0.7647335607575579,0.7727202479977455,-57.192441187813344,85.87813620071685,-49.45882352941177,96.03321033210332,-0.2526286827352683,0.2048981305395337,-0.0489415631693589,0.3273451399855119,-0.4032258064516186,0.4048582995951474,-1.293532338308455,0.5,-1.8867924528301945,-0.5923000987166774,3.773584905660371,2.5806451612903287,919.0,34.948604992657856,-11.247232629427794,-5.527456284125531,-3.056032129766826,-12.66805383865296,-4.366055497220733,-1.3809434153547584
2024-03-06,83000.0,8.071509485553573,935.0,1.7410228509249184,-4.974515800203873,-6.740693850996114,806.0,754.0,844.0,733.0,647.0,650.0,938.0,675.0,714.0,867.0,980.0,764.0,719.0,0.0,0.0,1.0,0.0,7.0,0.7,0.6,0.55,0.0,0.0,0.0,1.0,60000.0,1.0,1.0,15000.0,1.0,70.0,100.0,61.0,35.0,49.0,38.0,937.0,938.0,923.0,924.0,919.0,928.0,76801.0,79000.0,81589.0,65010.0,85000.0,88020.0,-2.7835443037974685,-3.1732218804005443,25.502230426088296,-23.517647058823528,-3.4310384003635535,3.551722920906813,-1.033798381405001,1.070237717189134,58.955813885391365,0.994260170932547,-4.507791271410875,-4.8013936002564215,649.0,655.0,657.0,633.0,643.0,638.0,-5.216048779534484,-8.626785714285715,31.74920597576756,-22.71888437377842,-15.448885472713297,-3.8688892829697936,-10.270049696139443,-10.814132642341894,48.261079774375496,1.9395655328442996,-9.923506340022575,-22.831936119591965,3.5541,3.5842,3.6141,3.653,3.7285,3.65,3217.110107421875,3156.14990234375,3142.219970703125,3174.010009765625,3108.030029296875,3087.239990234375,1.931473693085873,0.4433149738243163,-1.001573371372179,2.1228874832871725,0.6734183001083008,-0.8886241808734298,0.7917628865979381,0.7719517676718326,0.7284732142857143,0.7647335607575579,0.7727202479977455,0.6765564950038432,-57.192441187813344,85.87813620071685,-49.45882352941177,96.03321033210332,-0.2526286827352683,0.2048981305395337,-0.0489415631693589,0.3273451399855119,-0.4032258064516186,0.4048582995951474,-1.293532338308455,0.5,-1.8867924528301945,-0.5923000987166774,3.773584905660371,2.5806451612903287,919.0,34.948604992657856,-11.247232629427794,-5.527456284125531,-3.056032129766826,-12.66805383865296,-4.366055497220733,-1.3809434153547584
2024-02-21,76801.0,-2.7835443037974685,935.0,1.7410228509249184,-11.247232629427794,-12.66805383865296,754.0,844.0,733.0,647.0,650.0,938.0,675.0,714.0,867.0,980.0,764.0,719.0,538.0,0.0,0.0,1.0,0.0,7.0,0.7,0.6,0.55,0.0,0.0,0.0,1.0,60000.0,1.0,1.0,15000.0,1.0,100.0,61.0,78.0,49.0,38.0,36.0,938.0,923.0,924.0,919.0,928.0,925.0,79000.0,81589.0,65010.0,85000.0,88020.0,85001.0,-3.1732218804005443,25.502230426088296,-23.517647058823528,-3.4310384003635535,3.551722920906813,-11.169517917419975,1.070237717189134,58.955813885391365,0.994260170932547,-4.507791271410875,-4.8013936002564215,10.695650156594356,655.0,657.0,633.0,643.0,638.0,648.0,-8.626785714285715,31.74920597576756,-22.71888437377842,-15.448885472713297,-3.8688892829697936,23.03160880355633,-10.814132642341894,48.261079774375496,1.9395655328442996,-9.923506340022575,-22.831936119591965,45.2119589468987,3.5842,3.6141,3.653,3.7285,3.65,3.7085,3156.14990234375,3142.219970703125,3174.010009765625,3108.030029296875,3087.239990234375,3114.919921875,0.4433149738243163,-1.001573371372179,2.1228874832871725,0.6734183001083008,-0.8886241808734298,-0.4728873179283197,0.7719517676718326,0.7284732142857143,0.7647335607575579,0.7727202479977455,0.6765564950038432,0.6280738310575161,85.87813620071685,9.929078014184398,96.03321033210332,2.9439696106362776,0.2048981305395337,-0.0810788812992655,0.3273451399855119,0.0130348849898752,0.4048582995951474,-0.2020202020202048,0.5,-3.1007751937984525,-0.5923000987166774,-4.071969696969695,2.5806451612903287,-0.641025641025635,919.0,34.948604992657856,-5.527456284125531,-3.056032129766826,2.9784072999588425,-4.366055497220733,-1.3809434153547584,7.806766905553735
2024-02-07,79000.0,-3.1732218804005443,935.0,1.7410228509249184,-11.247232629427794,-12.66805383865296,754.0,844.0,733.0,647.0,650.0,938.0,675.0,714.0,867.0,980.0,764.0,719.0,538.0,0.0,0.0,1.0,0.0,7.0,0.7,0.6,0.55,0.0,0.0,0.0,1.0,60000.0,1.0,1.0,15000.0,1.0,100.0,61.0,78.0,49.0,38.0,36.0,923.0,924.0,919.0,928.0,925.0,924.0,81589.0,65010.0,85000.0,88020.0,85001.0,95689.0,25.502230426088296,-23.517647058823528,-3.4310384003635535,3.551722920906813,-11.169517917419975,-9.727358490566038,58.955813885391365,0.994260170932547,-4.507791271410875,-4.8013936002564215,10.695650156594356,-2.2494609800057215,657.0,633.0,643.0,638.0,648.0,636.0,31.74920597576756,-22.71888437377842,-15.448885472713297,-3.8688892829697936,23.03160880355633,-26.666488890074064,48.261079774375496,1.9395655328442996,-9.923506340022575,-22.831936119591965,45.2119589468987,-1.1276335847037475,3.6141,3.653,3.7285,3.65,3.7085,3.7592,3142.219970703125,3174.010009765625,3108.030029296875,3087.239990234375,3114.919921875,3129.719970703125,-1.001573371372179,2.1228874832871725,0.6734183001083008,-0.8886241808734298,-0.4728873179283197,-0.2199866807766994,0.7284732142857143,0.7647335607575579,0.7727202479977455,0.6765564950038432,0.6280738310575161,0.8698920918900738,85.87813620071685,9.929078014184398,96.03321033210332,2.9439696106362776,0.2048981305395337,-0.0810788812992655,0.3273451399855119,0.0130348849898752,0.4048582995951474,-0.2020202020202048,0.5,-3.1007751937984525,-0.5923000987166774,-4.071969696969695,2.5806451612903287,-0.641025641025635,919.0,34.948604992657856,-5.527456284125531,-3.056032129766826,2.9784072999588425,-4.366055497220733,-1.3809434153547584,7.806766905553735
2024-01-17,81589.0,25.502230426088296,919.0,34.948604992657856,-5.527456284125531,-4.366055497220733,844.0,733.0,647.0,650.0,938.0,675.0,714.0,867.0,980.0,764.0,719.0,538.0,966.0,0.0,0.0,1.0,0.0,7.0,0.7,0.6,0.55,0.0,0.0,0.0,1.0,60000.0,1.0,1.0,15000.0,1.0,61.0,78.0,59.0,38.0,36.0,36.0,924.0,919.0,928.0,925.0,924.0,797.0,65010.0,85000.0,88020.0,85001.0,95689.0,106000.0,-23.517647058823528,-3.4310384003635535,3.551722920906813,-11.169517917419975,-9.727358490566038,1.9230769230769231,0.994260170932547,-4.507791271410875,-4.8013936002564215,10.695650156594356,-2.2494609800057215,-2.548416040421068,633.0,643.0,638.0,648.0,636.0,472.0,-22.71888437377842,-15.448885472713297,-3.8688892829697936,23.03160880355633,-26.666488890074064,2.739003575293489,1.9395655328442996,-9.923506340022575,-22.831936119591965,45.2119589468987,-1.1276335847037475,-2.699870838495404,3.653,3.7285,3.65,3.7085,3.7592,3.7397,3174.010009765625,3108.030029296875,3087.239990234375,3114.919921875,3129.719970703125,3136.6201171875,2.1228874832871725,0.6734183001083008,-0.8886241808734298,-0.4728873179283197,-0.2199866807766994,-0.3421811646539648,0.7647335607575579,0.7727202479977455,0.6765564950038432,0.6280738310575161,0.8698920918900738,0.7066619555869628,9.929078014184398,-1.780185758513932,2.9439696106362776,-2.2284122562674096,-0.0810788812992655,-0.0853885491766104,0.0130348849898752,0.0090949329097115,-0.2020202020202048,0.2024291497975737,-3.1007751937984525,1.2757605495583877,-4.071969696969695,1.538461538461533,-0.641025641025635,0.2141327623126216,681.0,21.607142857142858,-3.056032129766826,2.9784072999588425,2.0122475730143776,-1.3809434153547584,7.806766905553735,4.639992157759734
2024-01-04,65010.0,-23.517647058823528,919.0,34.948604992657856,-5.527456284125531,-4.366055497220733,844.0,733.0,647.0,650.0,938.0,675.0,714.0,867.0,980.0,764.0,719.0,538.0,966.0,0.0,0.0,1.0,0.0,7.0,0.7,0.6,0.55,0.0,0.0,0.0,1.0,60000.0,1.0,1.0,20000.0,0.0,61.0,78.0,59.0,38.0,36.0,36.0,919.0,928.0,925.0,924.0,797.0,785.0,85000.0,88020.0,85001.0,95689.0,106000.0,104000.0,-3.4310384003635535,3.551722920906813,-11.169517917419975,-9.727358490566038,1.9230769230769231,-0.9523809523809524,-4.507791271410875,-4.8013936002564215,10.695650156594356,-2.2494609800057215,-2.548416040421068,-0.2729122434536521,643.0,638.0,648.0,636.0,472.0,474.0,-15.448885472713297,-3.8688892829697936,23.03160880355633,-26.666488890074064,2.739003575293489,3.629098084307505,-9.923506340022575,-22.831936119591965,45.2119589468987,-1.1276335847037475,-2.699870838495404,-8.456614713395913,3.7285,3.65,3.7085,3.7592,3.7397,3.7709,3108.030029296875,3087.239990234375,3114.919921875,3129.719970703125,3136.6201171875,3147.389892578125,0.6734183001083008,-0.8886241808734298,-0.4728873179283197,-0.2199866807766994,-0.3421811646539648,-2.9182636465723317,0.7727202479977455,0.6765564950038432,0.6280738310575161,0.8698920918900738,0.7066619555869628,0.7123190093286393,9.929078014184398,-1.780185758513932,2.9439696106362776,-2.2284122562674096,-0.0810788812992655,-0.0853885491766104,0.0130348849898752,0.0090949329097115,-0.2020202020202048,0.2024291497975737,-3.1007751937984525,1.2757605495583877,-4.071969696969695,1.538461538461533,-0.641025641025635,0.2141327623126216,681.0,21.607142857142858,-3.056032129766826,2.9784072999588425,2.0122475730143776,-1.3809434153547584,7.806766905553735,4.639992157759734
2023-12-20,85000.0,-3.4310384003635535,919.0,34.948604992657856,-3.056032129766826,-1.3809434153547584,733.0,647.0,650.0,938.0,675.0,714.0,867.0,980.0,764.0,719.0,538.0,966.0,793.0,0.0,0.0,1.0,0.0,7.0,0.7,0.6,0.55,0.0,0.0,0.0,1.0,60000.0,1.0,1.0,20000.0,0.0,78.0,59.0,52.0,36.0,36.0,36.0,928.0,925.0,924.0,797.0,785.0,651.0,88020.0,85001.0,95689.0,106000.0,104000.0,105000.0,3.551722920906813,-11.169517917419975,-9.727358490566038,1.9230769230769231,-0.9523809523809524,3.96039603960396,-4.8013936002564215,10.695650156594356,-2.2494609800057215,-2.548416040421068,-0.2729122434536521,1.9091507570770192,638.0,648.0,636.0,472.0,474.0,496.0,-3.8688892829697936,23.03160880355633,-26.666488890074064,2.739003575293489,3.629098084307505,4.448101772568556,-22.831936119591965,45.2119589468987,-1.1276335847037475,-2.699870838495404,-8.456614713395913,-3.6691875250970343,3.65,3.7085,3.7592,3.7397,3.7709,3.7586,3087.239990234375,3114.919921875,3129.719970703125,3136.6201171875,3147.389892578125,3242.0,-0.8886241808734298,-0.4728873179283197,-0.2199866807766994,-0.3421811646539648,-2.9182636465723317,0.5932618615253669,0.6765564950038432,0.6280738310575161,0.8698920918900738,0.7066619555869628,0.7123190093286393,0.7452675510508272,-1.780185758513932,9.770603228547154,-2.2284122562674096,-18.28528072837633,-0.0853885491766104,-0.0681392666589567,0.0090949329097115,0.0115215756664321,0.2024291497975737,0.508646998982706,1.2757605495583877,1.79820179820181,1.538461538461533,2.362204724409455,0.2141327623126216,0.4301075268817265,681.0,21.607142857142858,2.9784072999588425,2.0122475730143776,1.1214779069887852,7.806766905553735,4.639992157759734,3.4277651511951133
2023-12-06,88020.0,3.551722920906813,919.0,34.948604992657856,-3.056032129766826,-1.3809434153547584,733.0,647.0,650.0,938.0,675.0,714.0,867.0,980.0,764.0,719.0,538.0,966.0,793.0,0.0,0.0,1.0,0.0,7.0,0.7,0.6,0.55,0.0,0.0,0.0,1.0,60000.0,1.0,1.0,20000.0,0.0,78.0,59.0,52.0,36.0,36.0,36.0,925.0,924.0,797.0,785.0,651.0,645.0,85001.0,95689.0,106000.0,104000.0,105000.0,101000.0,-11.169517917419975,-9.727358490566038,1.9230769230769231,-0.9523809523809524,3.96039603960396,1.0,10.695650156594356,-2.2494609800057215,-2.548416040421068,-0.2729122434536521,1.9091507570770192,-8.77983813133899,648.0,636.0,472.0,474.0,496.0,470.0,23.03160880355633,-26.666488890074064,2.739003575293489,3.629098084307505,4.448101772568556,3.848641157902841,45.2119589468987,-1.1276335847037475,-2.699870838495404,-8.456614713395913,-3.6691875250970343,0.589108478621535,3.7085,3.7592,3.7397,3.7709,3.7586,3.7121,3114.919921875,3129.719970703125,3136.6201171875,3147.389892578125,3242.0,3222.8798828125,-0.4728873179283197,-0.2199866807766994,-0.3421811646539648,-2.9182636465723317,0.5932618615253669,1.534253010877794,0.6280738310575161,0.8698920918900738,0.7066619555869628,0.7123190093286393,0.7452675510508272,0.7487637983823736,-1.780185758513932,9.770603228547154,-2.2284122562674096,-18.28528072837633,-0.0853885491766104,-0.0681392666589567,0.0090949329097115,0.0115215756664321,0.2024291497975737,0.508646998982706,1.2757605495583877,1.79820179820181,1.538461538461533,2.362204724409455,0.2141327623126216,0.4301075268817265,681.0,21.607142857142858,2.9784072999588425,2.0122475730143776,1.1214779069887852,7.806766905553735,4.639992157759734,3.4277651511951133
2023-11-22,85001.0,-11.169517917419975,919.0,34.948604992657856,2.9784072999588425,7.806766905553735,647.0,650.0,938.0,675.0,714.0,867.0,980.0,764.0,719.0,538.0,966.0,793.0,1055.0,0.0,0.0,1.0,0.0,7.0,0.7,0.6,0.55,0.0,0.0,0.0,1.0,60000.0,1.0,1.0,20000.0,0.0,59.0,52.0,51.0,36.0,36.0,38.0,924.0,797.0,785.0,651.0,645.0,636.0,95689.0,106000.0,104000.0,105000.0,101000.0,100000.0,-9.727358490566038,1.9230769230769231,-0.9523809523809524,3.96039603960396,1.0,0.5035226484688288,-2.2494609800057215,-2.548416040421068,-0.2729122434536521,1.9091507570770192,-8.77983813133899,-4.92209608260268,636.0,472.0,474.0,496.0,470.0,478.0,-26.666488890074064,2.739003575293489,3.629098084307505,4.448101772568556,3.848641157902841,2.3650592249919224,-1.1276335847037475,-2.699870838495404,-8.456614713395913,-3.6691875250970343,0.589108478621535,-15.73673031927679,3.7592,3.7397,3.7709,3.7586,3.7121,3.6265,3129.719970703125,3136.6201171875,3147.389892578125,3242.0,3222.8798828125,3174.179931640625,-0.2199866807766994,-0.3421811646539648,-2.9182636465723317,0.5932618615253669,1.534253010877794,-4.476471158287647,0.8698920918900738,0.7066619555869628,0.7123190093286393,0.7452675510508272,0.7487637983823736,0.7698822080221726,9.770603228547154,1.9047619047619049,-18.28528072837633,10.477787091366302,-0.0681392666589567,-0.0961775662704026,0.0115215756664321,0.057944634053849,0.508646998982706,0.9240246406570752,1.79820179820181,1.9348268839103784,2.362204724409455,2.6262626262626205,0.4301075268817265,0.10764262648008,681.0,21.607142857142858,2.0122475730143776,1.1214779069887852,-1.3645881211378377,4.639992157759734,3.4277651511951133,-0.4742644276452434
2023-11-08,95689.0,-9.727358490566038,919.0,34.948604992657856,2.9784072999588425,7.806766905553735,647.0,650.0,938.0,675.0,714.0,867.0,980.0,764.0,719.0,538.0,966.0,793.0,1055.0,0.0,0.0,1.0,0.0,7.0,0.7,0.6,0.55,0.0,0.0,0.0,1.0,60000.0,1.0,1.0,20000.0,0.0,59.0,52.0,51.0,36.0,36.0,38.0,797.0,785.0,651.0,645.0,636.0,632.0,106000.0,104000.0,105000.0,101000.0,100000.0,99499.0,1.9230769230769231,-0.9523809523809524,3.96039603960396,1.0,0.5035226484688288,4.513560639482364,-2.548416040421068,-0.2729122434536521,1.9091507570770192,-8.77983813133899,-4.92209608260268,19.8378164556962,472.0,474.0,496.0,470.0,478.0,470.0,2.739003575293489,3.629098084307505,4.448101772568556,3.848641157902841,2.3650592249919224,7.532139558139337,-2.699870838495404,-8.456614713395913,-3.6691875250970343,0.589108478621535,-15.73673031927679,39.28253339930728,3.7397,3.7709,3.7586,3.7121,3.6265,3.5831,3136.6201171875,3147.389892578125,3242.0,3222.8798828125,3174.179931640625,3322.929931640625,-0.3421811646539648,-2.9182636465723317,0.5932618615253669,1.534253010877794,-4.476471158287647,1.4560747166145016,0.7066619555869628,0.7123190093286393,0.7452675510508272,0.7487637983823736,0.7698822080221726,0.7841420454097676,9.770603228547154,1.9047619047619049,-18.28528072837633,10.477787091366302,-0.0681392666589567,-0.0961775662704026,0.0115215756664321,0.057944634053849,0.508646998982706,0.9240246406570752,1.79820179820181,1.9348268839103784,2.362204724409455,2.6262626262626205,0.4301075268817265,0.10764262648008,681.0,21.607142857142858,2.0122475730143776,1.1214779069887852,-1.3645881211378377,4.639992157759734,3.4277651511951133,-0.4742644276452434
2023-10-18,106000.0,1.9230769230769231,681.0,21.607142857142858,2.0122475730143776,4.639992157759734,650.0,938.0,675.0,714.0,867.0,980.0,764.0,719.0,538.0,966.0,793.0,1055.0,967.0,0.0,0.0,1.0,0.0,7.0,0.7,0.6,0.55,0.0,0.0,0.0,1.0,60000.0,1.0,1.0,20000.0,0.0,52.0,51.0,46.0,36.0,38.0,42.0,785.0,651.0,645.0,636.0,632.0,581.0,104000.0,105000.0,101000.0,100000.0,99499.0,95202.0,-0.9523809523809524,3.96039603960396,1.0,0.5035226484688288,4.513560639482364,-1.8536082474226805,-0.2729122434536521,1.9091507570770192,-8.77983813133899,-4.92209608260268,19.8378164556962,-2.5435073627844753,474.0,496.0,470.0,478.0,470.0,462.0,3.629098084307505,4.448101772568556,3.848641157902841,2.3650592249919224,7.532139558139337,-0.0008474432636734,-8.456614713395913,-3.6691875250970343,0.589108478621535,-15.73673031927679,39.28253339930728,3.32108968472605,3.7709,3.7586,3.7121,3.6265,3.5831,3.7024,3147.389892578125,3242.0,3222.8798828125,3174.179931640625,3322.929931640625,3275.239990234375,-2.9182636465723317,0.5932618615253669,1.534253010877794,-4.476471158287647,1.4560747166145016,2.8210169815769004,0.7123190093286393,0.7452675510508272,0.7487637983823736,0.7698822080221726,0.7841420454097676,0.8067897729680257,1.9047619047619049,4.71441523118767,10.477787091366302,0.9306260575296108,-0.0961775662704026,-0.048377632679559,0.057944634053849,0.038847091172302,0.9240246406570752,-0.2049180327868736,1.9348268839103784,-0.8080808080808052,2.6262626262626205,-0.9009009009009066,0.10764262648008,-0.2148227712137364,560.0,10.891089108910892,1.1214779069887852,-1.3645881211378377,2.2100889464233515,3.4277651511951133,-0.4742644276452434,1.4208349324122638
2023-10-04,104000.0,-0.9523809523809524,681.0,21.607142857142858,2.0122475730143776,4.639992157759734,650.0,938.0,675.0,714.0,867.0,980.0,764.0,719.0,538.0,966.0,793.0,1055.0,967.0,0.0,0.0,1.0,0.0,7.0,0.7,0.6,0.55,0.0,0.0,0.0,1.0,60000.0,1.0,1.0,20000.0,0.0,52.0,51.0,46.0,36.0,38.0,42.0,651.0,645.0,636.0,632.0,581.0,588.0,105000.0,101000.0,100000.0,99499.0,95202.0,97000.0,3.96039603960396,1.0,0.5035226484688288,4.513560639482364,-1.8536082474226805,0.8253123505810448,1.9091507570770192,-8.77983813133899,-4.92209608260268,19.8378164556962,-2.5435073627844753,0.323378352672628,496.0,470.0,478.0,470.0,462.0,471.0,4.448101772568556,3.848641157902841,2.3650592249919224,7.532139558139337,-0.0008474432636734,-2.477685950413223,-3.6691875250970343,0.589108478621535,-15.73673031927679,39.28253339930728,3.32108968472605,-7.948471132774902,3.7586,3.7121,3.6265,3.5831,3.7024,3.7747,3242.0,3222.8798828125,3174.179931640625,3322.929931640625,3275.239990234375,3185.3798828125,0.5932618615253669,1.534253010877794,-4.476471158287647,1.4560747166145016,2.8210169815769004,-1.1874710838162448,0.7452675510508272,0.7487637983823736,0.7698822080221726,0.7841420454097676,0.8067897729680257,0.8220199657632922,1.9047619047619049,4.71441523118767,10.477787091366302,0.9306260575296108,-0.0961775662704026,-0.048377632679559,0.057944634053849,0.038847091172302,0.9240246406570752,-0.2049180327868736,1.9348268839103784,-0.8080808080808052,2.6262626262626205,-0.9009009009009066,0.10764262648008,-0.2148227712137364,560.0,10.891089108910892,1.1214779069887852,-1.3645881211378377,2.2100889464233515,3.4277651511951133,-0.4742644276452434,1.4208349324122638
2023-09-20,105000.0,3.96039603960396,681.0,21.607142857142858,1.1214779069887852,3.4277651511951133,938.0,675.0,714.0,867.0,980.0,764.0,719.0,538.0,966.0,793.0,1055.0,967.0,975.0,0.0,0.0,1.0,0.0,7.0,0.7,0.6,0.55,0.0,0.0,0.0,1.0,60000.0,1.0,1.0,20000.0,0.0,51.0,46.0,51.0,38.0,42.0,39.0,645.0,636.0,632.0,581.0,588.0,586.0,101000.0,100000.0,99499.0,95202.0,97000.0,96206.0,1.0,0.5035226484688288,4.513560639482364,-1.8536082474226805,0.8253123505810448,-1.8316139631228252,-8.77983813133899,-4.92209608260268,19.8378164556962,-2.5435073627844753,0.323378352672628,-15.483297369960436,470.0,478.0,470.0,462.0,471.0,454.0,3.848641157902841,2.3650592249919224,7.532139558139337,-0.0008474432636734,-2.477685950413223,0.2468890324932478,0.589108478621535,-15.73673031927679,39.28253339930728,3.32108968472605,-7.948471132774902,-13.49095966620306,3.7121,3.6265,3.5831,3.7024,3.7747,3.7579,3222.8798828125,3174.179931640625,3322.929931640625,3275.239990234375,3185.3798828125,3223.659912109375,1.534253010877794,-4.476471158287647,1.4560747166145016,2.8210169815769004,-1.1874710838162448,1.3863413690265949,0.7487637983823736,0.7698822080221726,0.7841420454097676,0.8067897729680257,0.8220199657632922,0.7950909090909091,4.71441523118767,19.37229437229437,0.9306260575296108,-5.5910543130990416,-0.048377632679559,-0.0467951557654751,0.038847091172302,0.0163913028961003,-0.2049180327868736,0.4115226337448471,-0.8080808080808052,1.642710472279255,-0.9009009009009066,1.9387755102040876,-0.2148227712137364,0.21528525296016,560.0,10.891089108910892,-1.3645881211378377,2.2100889464233515,3.687987789697015,-0.4742644276452434,1.4208349324122638,1.7220438969376246
2023-09-06,101000.0,1.0,681.0,21.607142857142858,1.1214779069887852,3.4277651511951133,938.0,675.0,714.0,867.0,980.0,764.0,719.0,538.0,966.0,793.0,1055.0,967.0,975.0,0.0,0.0,1.0,0.0,7.0,0.7,0.6,0.55,0.0,0.0,0.0,1.0,60000.0,1.0,1.0,20000.0,0.0,51.0,46.0,51.0,38.0,42.0,39.0,636.0,632.0,581.0,588.0,586.0,581.0,100000.0,99499.0,95202.0,97000.0,96206.0,98001.0,0.5035226484688288,4.513560639482364,-1.8536082474226805,0.8253123505810448,-1.8316139631228252,6.522826086956522,-4.92209608260268,19.8378164556962,-2.5435073627844753,0.323378352672628,-15.483297369960436,-3.4460185062594726,478.0,470.0,462.0,471.0,454.0,454.0,2.3650592249919224,7.532139558139337,-0.0008474432636734,-2.477685950413223,0.2468890324932478,6.783799564732735,-15.73673031927679,39.28253339930728,3.32108968472605,-7.948471132774902,-13.49095966620306,6.616579446527983,3.6265,3.5831,3.7024,3.7747,3.7579,3.661,3174.179931640625,3322.929931640625,3275.239990234375,3185.3798828125,3223.659912109375,3179.580078125,-4.476471158287647,1.4560747166145016,2.8210169815769004,-1.1874710838162448,1.3863413690265949,0.1808531644765339,0.7698822080221726,0.7841420454097676,0.8067897729680257,0.8220199657632922,0.7950909090909091,0.8119252373614356,4.71441523118767,19.37229437229437,0.9306260575296108,-5.5910543130990416,-0.048377632679559,-0.0467951557654751,0.038847091172302,0.0163913028961003,-0.2049180327868736,0.4115226337448471,-0.8080808080808052,1.642710472279255,-0.9009009009009066,1.9387755102040876,-0.2148227712137364,0.21528525296016,560.0,10.891089108910892,-1.3645881211378377,2.2100889464233515,3.687987789697015,-0.4742644276452434,1.4208349324122638,1.7220438969376246
2023-08-23,100000.0,0.5035226484688288,681.0,21.607142857142858,-1.3645881211378377,-0.4742644276452434,675.0,714.0,867.0,980.0,764.0,719.0,538.0,966.0,793.0,1055.0,967.0,975.0,906.0,0.0,0.0,1.0,0.0,7.0,0.7,0.6,0.55,0.0,0.0,0.0,1.0,60000.0,1.0,1.0,20000.0,0.0,46.0,51.0,83.0,42.0,39.0,39.0,632.0,581.0,588.0,586.0,581.0,596.0,99499.0,95202.0,97000.0,96206.0,98001.0,92000.0,4.513560639482364,-1.8536082474226805,0.8253123505810448,-1.8316139631228252,6.522826086956522,-8.911792952545024,19.8378164556962,-2.5435073627844753,0.323378352672628,-15.483297369960436,-3.4460185062594726,12.277931306750894,470.0,462.0,471.0,454.0,454.0,480.0,7.532139558139337,-0.0008474432636734,-2.477685950413223,0.2468890324932478,6.783799564732735,-5.330865417633313,39.28253339930728,3.32108968472605,-7.948471132774902,-13.49095966620306,6.616579446527983,18.717511371020137,3.5831,3.7024,3.7747,3.7579,3.661,3.599,3322.929931640625,3275.239990234375,3185.3798828125,3223.659912109375,3179.580078125,3173.840087890625,1.4560747166145016,2.8210169815769004,-1.1874710838162448,1.3863413690265949,0.1808531644765339,-2.9163229232890244,0.7841420454097676,0.8067897729680257,0.8220199657632922,0.7950909090909091,0.8119252373614356,0.813914397437939,19.37229437229437,-14.285714285714285,-5.5910543130990416,16.248839368616526,-0.0467951557654751,-0.2523673048976683,0.0163913028961003,0.0233782479065841,0.4115226337448471,0.3095975232198113,1.642710472279255,-1.91339375629405,1.9387755102040876,-2.1956087824351327,0.21528525296016,-0.2148227712137364,560.0,10.891089108910892,2.2100889464233515,3.687987789697015,6.580753833196812,1.4208349324122638,1.7220438969376246,4.840470040382726
2023-08-10,99499.0,4.513560639482364,681.0,21.607142857142858,-1.3645881211378377,-0.4742644276452434,675.0,714.0,867.0,980.0,764.0,719.0,538.0,966.0,793.0,1055.0,967.0,975.0,906.0,0.0,0.0,1.0,0.0,7.0,0.7,0.6,0.55,0.0,0.0,0.0,1.0,60000.0,1.0,1.0,20000.0,0.0,46.0,51.0,83.0,42.0,39.0,39.0,581.0,588.0,586.0,581.0,596.0,474.0,95202.0,97000.0,96206.0,98001.0,92000.0,101001.0,-1.8536082474226805,0.8253123505810448,-1.8316139631228252,6.522826086956522,-8.911792952545024,-2.622419760704197,-2.5435073627844753,0.323378352672628,-15.483297369960436,-3.4460185062594726,12.277931306750894,-5.445569620253171,462.0,471.0,454.0,454.0,480.0,410.0,-0.0008474432636734,-2.477685950413223,0.2468890324932478,6.783799564732735,-5.330865417633313,-1.2325356318606324,3.32108968472605,-7.948471132774902,-13.49095966620306,6.616579446527983,18.717511371020137,-2.7080668636704432,3.7024,3.7747,3.7579,3.661,3.599,3.5546,3275.239990234375,3185.3798828125,3223.659912109375,3179.580078125,3173.840087890625,3269.179931640625,2.8210169815769004,-1.1874710838162448,1.3863413690265949,0.1808531644765339,-2.9163229232890244,-1.6507006928744694,0.8067897729680257,0.8220199657632922,0.7950909090909091,0.8119252373614356,0.813914397437939,0.8459116072998937,19.37229437229437,-14.285714285714285,-5.5910543130990416,16.248839368616526,-0.0467951557654751,-0.2523673048976683,0.0163913028961003,0.0233782479065841,0.4115226337448471,0.3095975232198113,1.642710472279255,-1.91339375629405,1.9387755102040876,-2.1956087824351327,0.21528525296016,-0.2148227712137364,560.0,10.891089108910892,2.2100889464233515,3.687987789697015,6.580753833196812,1.4208349324122638,1.7220438969376246,4.840470040382726
2023-07-19,95202.0,-1.8536082474226805,560.0,10.891089108910892,2.2100889464233515,1.4208349324122638,714.0,867.0,980.0,764.0,719.0,538.0,966.0,793.0,1055.0,967.0,975.0,906.0,941.0,0.0,0.0,1.0,0.0,7.0,0.7,0.6,0.55,0.0,0.0,0.0,1.0,60000.0,1.0,1.0,20000.0,0.0,51.0,83.0,53.0,39.0,39.0,46.0,588.0,586.0,581.0,596.0,474.0,507.0,97000.0,96206.0,98001.0,92000.0,101001.0,103721.0,0.8253123505810448,-1.8316139631228252,6.522826086956522,-8.911792952545024,-2.622419760704197,7.481787753494783,0.323378352672628,-15.483297369960436,-3.4460185062594726,12.277931306750894,-5.445569620253171,1.713527306625802,471.0,454.0,454.0,480.0,410.0,430.0,-2.477685950413223,0.2468890324932478,6.783799564732735,-5.330865417633313,-1.2325356318606324,2.015172867739513,-7.948471132774902,-13.49095966620306,6.616579446527983,18.717511371020137,-2.7080668636704432,-2.2968197879858634,3.7747,3.7579,3.661,3.599,3.5546,3.5178,3185.3798828125,3223.659912109375,3179.580078125,3173.840087890625,3269.179931640625,3324.050048828125,-1.1874710838162448,1.3863413690265949,0.1808531644765339,-2.9163229232890244,-1.6507006928744694,0.1560751538241759,0.8220199657632922,0.7950909090909091,0.8119252373614356,0.813914397437939,0.8459116072998937,0.8579854246457495,-14.285714285714285,-1.372369624885636,16.248839368616526,-17.84897025171625,-0.2523673048976683,-0.1190402188102194,0.0233782479065841,0.0227762070630536,0.3095975232198113,0.1033057851239757,-1.91339375629405,1.6376663254861763,-2.1956087824351327,2.0366598778004072,-0.2148227712137364,-0.9574468085106445,505.0,10.262008733624455,3.687987789697015,6.580753833196812,0.9691886539693634,1.7220438969376246,4.840470040382726,2.835871151184107
2023-07-05,97000.0,0.8253123505810448,560.0,10.891089108910892,2.2100889464233515,1.4208349324122638,714.0,867.0,980.0,764.0,719.0,538.0,966.0,793.0,1055.0,967.0,975.0,906.0,941.0,0.0,0.0,1.0,0.0,7.0,0.7,0.6,0.55,0.0,0.0,0.0,1.0,60000.0,1.0,1.0,20000.0,0.0,51.0,83.0,53.0,39.0,39.0,46.0,586.0,581.0,596.0,474.0,507.0,515.0,96206.0,98001.0,92000.0,101001.0,103721.0,96501.0,-1.8316139631228252,6.522826086956522,-8.911792952545024,-2.622419760704197,7.481787753494783,3.2063142359068695,-15.483297369960436,-3.4460185062594726,12.277931306750894,-5.445569620253171,1.713527306625802,-3.4208131067961194,454.0,454.0,480.0,410.0,430.0,430.0,0.2468890324932478,6.783799564732735,-5.330865417633313,-1.2325356318606324,2.015172867739513,1.979328921437853,-13.49095966620306,6.616579446527983,18.717511371020137,-2.7080668636704432,-2.2968197879858634,-8.449843804234643,3.7579,3.661,3.599,3.5546,3.5178,3.6796,3223.659912109375,3179.580078125,3173.840087890625,3269.179931640625,3324.050048828125,3318.8701171875,1.3863413690265949,0.1808531644765339,-2.9163229232890244,-1.6507006928744694,0.1560751538241759,3.0391414200750178,0.7950909090909091,0.8119252373614356,0.813914397437939,0.8459116072998937,0.8579854246457495,0.8143475582484536,-14.285714285714285,-1.372369624885636,16.248839368616526,-17.84897025171625,-0.2523673048976683,-0.1190402188102194,0.0233782479065841,0.0227762070630536,0.3095975232198113,0.1033057851239757,-1.91339375629405,1.6376663254861763,-2.1956087824351327,2.0366598778004072,-0.2148227712137364,-0.9574468085106445,505.0,10.262008733624455,3.687987789697015,6.580753833196812,0.9691886539693634,1.7220438969376246,4.840470040382726,2.835871151184107
2023-06-21,96206.0,-1.8316139631228252,560.0,10.891089108910892,3.687987789697015,1.7220438969376246,867.0,980.0,764.0,719.0,538.0,966.0,793.0,1055.0,967.0,975.0,906.0,941.0,1174.0,0.0,0.0,1.0,0.0,7.0,0.7,0.6,0.55,0.0,0.0,0.0,1.0,60000.0,1.0,1.0,20000.0,0.0,83.0,53.0,41.0,39.0,46.0,42.0,581.0,596.0,474.0,507.0,515.0,510.0,98001.0,92000.0,101001.0,103721.0,96501.0,93503.0,6.522826086956522,-8.911792952545024,-2.622419760704197,7.481787753494783,3.2063142359068695,6.253409090909091,-3.4460185062594726,12.277931306750894,-5.445569620253171,1.713527306625802,-3.4208131067961194,17.073861123396732,454.0,480.0,410.0,430.0,430.0,466.0,6.783799564732735,-5.330865417633313,-1.2325356318606324,2.015172867739513,1.979328921437853,0.606055358828062,6.616579446527983,18.717511371020137,-2.7080668636704432,-2.2968197879858634,-8.449843804234643,-1.4820172356148111,3.661,3.599,3.5546,3.5178,3.6796,3.6871,3179.580078125,3173.840087890625,3269.179931640625,3324.050048828125,3318.8701171875,3220.97998046875,0.1808531644765339,-2.9163229232890244,-1.6507006928744694,0.1560751538241759,3.0391414200750178,-0.1822244149847256,0.8119252373614356,0.813914397437939,0.8459116072998937,0.8579854246457495,0.8143475582484536,0.8046660527878418,-1.372369624885636,8.756218905472638,-17.84897025171625,19.07356948228883,-0.1190402188102194,-0.0857100268309649,0.0227762070630536,0.0580370707991491,0.1033057851239757,0.5192107995846313,1.6376663254861763,1.243523316062179,2.0366598778004072,1.7616580310880858,-0.9574468085106445,-0.7391763463569195,505.0,10.262008733624455,6.580753833196812,0.9691886539693634,-1.0124188508238876,4.840470040382726,2.835871151184107,-1.3444308084116892
2023-06-07,98001.0,6.522826086956522,560.0,10.891089108910892,3.687987789697015,1.7220438969376246,867.0,980.0,764.0,719.0,538.0,966.0,793.0,1055.0,967.0,975.0,906.0,941.0,1174.0,0.0,0.0,1.0,0.0,7.0,0.7,0.6,0.55,0.0,0.0,0.0,1.0,60000.0,1.0,1.0,20000.0,0.0,83.0,53.0,41.0,39.0,46.0,42.0,596.0,474.0,507.0,515.0,510.0,517.0,92000.0,101001.0,103721.0,96501.0,93503.0,88000.0,-8.911792952545024,-2.622419760704197,7.481787753494783,3.2063142359068695,6.253409090909091,1.6682841166412494,12.277931306750894,-5.445569620253171,1.713527306625802,-3.4208131067961194,17.073861123396732,-6.919715430353731,480.0,410.0,430.0,430.0,466.0,431.0,-5.330865417633313,-1.2325356318606324,2.015172867739513,1.979328921437853,0.606055358828062,0.4347788280101912,18.717511371020137,-2.7080668636704432,-2.2968197879858634,-8.449843804234643,-1.4820172356148111,-17.14883023975252,3.599,3.5546,3.5178,3.6796,3.6871,3.571,3173.840087890625,3269.179931640625,3324.050048828125,3318.8701171875,3220.97998046875,3226.860107421875,-2.9163229232890244,-1.6507006928744694,0.1560751538241759,3.0391414200750178,-0.1822244149847256,-2.2175467804752604,0.813914397437939,0.8459116072998937,0.8579854246457495,0.8143475582484536,0.8046660527878418,0.7618981653838495,-1.372369624885636,8.756218905472638,-17.84897025171625,19.07356948228883,-0.1190402188102194,-0.0857100268309649,0.0227762070630536,0.0580370707991491,0.1033057851239757,0.5192107995846313,1.6376663254861763,1.243523316062179,2.0366598778004072,1.7616580310880858,-0.9574468085106445,-0.7391763463569195,505.0,10.262008733624455,6.580753833196812,0.9691886539693634,-1.0124188508238876,4.840470040382726,2.835871151184107,-1.3444308084116892
2023-05-17,92000.0,-8.911792952545024,560.0,10.891089108910892,6.580753833196812,4.840470040382726,980.0,764.0,719.0,538.0,966.0,793.0,1055.0,967.0,975.0,906.0,941.0,1174.0,955.0,0.0,0.0,1.0,0.0,7.0,0.7,0.6,0.55,0.0,0.0,0.0,1.0,60000.0,1.0,1.0,20000.0,0.0,53.0,41.0,53.0,46.0,42.0,47.0,474.0,507.0,515.0,510.0,517.0,508.0,101001.0,103721.0,96501.0,93503.0,88000.0,86556.0,-2.622419760704197,7.481787753494783,3.2063142359068695,6.253409090909091,1.6682841166412494,0.6465116279069767,-5.445569620253171,1.713527306625802,-3.4208131067961194,17.073861123396732,-6.919715430353731,6.090782769800826,410.0,430.0,430.0,466.0,431.0,436.0,-1.2325356318606324,2.015172867739513,1.979328921437853,0.606055358828062,0.4347788280101912,8.980895341344148,-2.7080668636704432,-2.2968197879858634,-8.449843804234643,-1.4820172356148111,-17.14883023975252,30.59158494147423,3.5546,3.5178,3.6796,3.6871,3.571,3.5572,3269.179931640625,3324.050048828125,3318.8701171875,3220.97998046875,3226.860107421875,3300.0400390625,-1.6507006928744694,0.1560751538241759,3.0391414200750178,-0.1822244149847256,-2.2175467804752604,-2.6111688866748928,0.8459116072998937,0.8579854246457495,0.8143475582484536,0.8046660527878418,0.7618981653838495,0.7526543247450023,8.756218905472638,21.5235792019347,19.07356948228883,5.763688760806916,-0.0857100268309649,0.0487791237778033,0.0580370707991491,0.1186456146755498,0.5192107995846313,0.5219206680584552,1.243523316062179,0.4162330905307031,1.7616580310880858,1.5789473684210529,-0.7391763463569195,0.2116402116402146,505.0,10.262008733624455,0.9691886539693634,-1.0124188508238876,0.854770433083686,2.835871151184107,-1.3444308084116892,0.2469798161064141
2023-05-04,101001.0,-2.622419760704197,560.0,10.891089108910892,6.580753833196812,4.840470040382726,980.0,764.0,719.0,538.0,966.0,793.0,1055.0,967.0,975.0,906.0,941.0,1174.0,955.0,0.0,0.0,1.0,0.0,7.0,0.7,0.6,0.55,0.0,0.0,0.0,1.0,60000.0,1.0,1.0,20000.0,0.0,53.0,41.0,53.0,46.0,42.0,47.0,507.0,515.0,510.0,517.0,508.0,509.0,103721.0,96501.0,93503.0,88000.0,86556.0,86000.0,7.481787753494783,3.2063142359068695,6.253409090909091,1.6682841166412494,0.6465116279069767,0.0,1.713527306625802,-3.4208131067961194,17.073861123396732,-6.919715430353731,6.090782769800826,-4.645566407535177,430.0,430.0,466.0,431.0,436.0,430.0,2.015172867739513,1.979328921437853,0.606055358828062,0.4347788280101912,8.980895341344148,0.061635327473236,-2.2968197879858634,-8.449843804234643,-1.4820172356148111,-17.14883023975252,30.59158494147423,7.067233734503664,3.5178,3.6796,3.6871,3.571,3.5572,3.5831,3324.050048828125,3318.8701171875,3220.97998046875,3226.860107421875,3300.0400390625,3388.52001953125,0.1560751538241759,3.0391414200750178,-0.1822244149847256,-2.2175467804752604,-2.6111688866748928,3.0086172647952942,0.8579854246457495,0.8143475582484536,0.8046660527878418,0.7618981653838495,0.7526543247450023,0.8149804783745878,8.756218905472638,21.5235792019347,19.07356948228883,5.763688760806916,-0.0857100268309649,0.0487791237778033,0.0580370707991491,0.1186456146755498,0.5192107995846313,0.5219206680584552,1.243523316062179,0.4162330905307031,1.7616580310880858,1.5789473684210529,-0.7391763463569195,0.2116402116402146,505.0,10.262008733624455,0.9691886539693634,-1.0124188508238876,0.854770433083686,2.835871151184107,-1.3444308084116892,0.2469798161064141
2023-04-19,103721.0,7.481787753494783,505.0,10.262008733624455,0.9691886539693634,2.835871151184107,764.0,719.0,538.0,966.0,793.0,1055.0,967.0,975.0,906.0,941.0,1174.0,955.0,976.0,0.0,0.0,1.0,0.0,7.0,0.7,0.6,0.55,0.0,0.0,0.0,1.0,60000.0,1.0,1.0,20000.0,0.0,41.0,53.0,49.0,42.0,47.0,39.0,515.0,510.0,517.0,508.0,509.0,459.0,96501.0,93503.0,88000.0,86556.0,86000.0,86000.0,3.2063142359068695,6.253409090909091,1.6682841166412494,0.6465116279069767,0.0,7.5,-3.4208131067961194,17.073861123396732,-6.919715430353731,6.090782769800826,-4.645566407535177,-2.758391492190087,430.0,466.0,431.0,436.0,430.0,408.0,1.979328921437853,0.606055358828062,0.4347788280101912,8.980895341344148,0.061635327473236,3.3891492323679926,-8.449843804234643,-1.4820172356148111,-17.14883023975252,30.59158494147423,7.067233734503664,6.061521117687323,3.6796,3.6871,3.571,3.5572,3.5831,2.7767,3318.8701171875,3220.97998046875,3226.860107421875,3300.0400390625,3388.52001953125,3289.550048828125,3.0391414200750178,-0.1822244149847256,-2.2175467804752604,-2.6111688866748928,3.0086172647952942,-0.0944483598142916,0.8143475582484536,0.8046660527878418,0.7618981653838495,0.7526543247450023,0.8149804783745878,0.8154827942612769,21.5235792019347,-23.212627669452186,5.763688760806916,-18.160377358490564,0.0487791237778033,0.0059035545612726,0.1186456146755498,0.1041514398479754,0.5219206680584552,0.209205020920505,0.4162330905307031,-0.6204756980351691,1.5789473684210529,-1.0416666666666663,0.2116402116402146,1.5037593984962467,458.0,-15.65377532228361,-1.0124188508238876,0.854770433083686,1.2779289306620496,-1.3444308084116892,0.2469798161064141,-1.1493832466190577
2023-04-05,96501.0,3.2063142359068695,505.0,10.262008733624455,0.9691886539693634,2.835871151184107,764.0,719.0,538.0,966.0,793.0,1055.0,967.0,975.0,906.0,941.0,1174.0,955.0,976.0,0.0,0.0,1.0,0.0,7.0,0.7,0.6,0.55,0.0,0.0,0.0,1.0,60000.0,1.0,1.0,20000.0,0.0,41.0,53.0,49.0,42.0,47.0,39.0,510.0,517.0,508.0,509.0,459.0,462.0,93503.0,88000.0,86556.0,86000.0,86000.0,80000.0,6.253409090909091,1.6682841166412494,0.6465116279069767,0.0,7.5,-9.098139920688126,17.073861123396732,-6.919715430353731,6.090782769800826,-4.645566407535177,-2.758391492190087,7.51656649714902,466.0,431.0,436.0,430.0,408.0,410.0,0.606055358828062,0.4347788280101912,8.980895341344148,0.061635327473236,3.3891492323679926,-5.558950428679888,-1.4820172356148111,-17.14883023975252,30.59158494147423,7.067233734503664,6.061521117687323,-13.863085971285244,3.6871,3.571,3.5572,3.5831,2.7767,2.5201,3220.97998046875,3226.860107421875,3300.0400390625,3388.52001953125,3289.550048828125,3292.659912109375,-0.1822244149847256,-2.2175467804752604,-2.6111688866748928,3.0086172647952942,-0.0944483598142916,1.1200197580419624,0.8046660527878418,0.7618981653838495,0.7526543247450023,0.8149804783745878,0.8154827942612769,0.7842983470912335,21.5235792019347,-23.212627669452186,5.763688760806916,-18.160377358490564,0.0487791237778033,0.0059035545612726,0.1186456146755498,0.1041514398479754,0.5219206680584552,0.209205020920505,0.4162330905307031,-0.6204756980351691,1.5789473684210529,-1.0416666666666663,0.2116402116402146,1.5037593984962467,458.0,-15.65377532228361,-1.0124188508238876,0.854770433083686,1.2779289306620496,-1.3444308084116892,0.2469798161064141,-1.1493832466190577
2023-03-22,93503.0,6.253409090909091,505.0,10.262008733624455,-1.0124188508238876,-1.3444308084116892,719.0,538.0,966.0,793.0,1055.0,967.0,975.0,906.0,941.0,1174.0,955.0,976.0,1114.0,0.0,0.0,1.0,0.0,7.0,0.7,0.6,0.55,0.0,0.0,0.0,1.0,60000.0,1.0,1.0,20000.0,0.0,53.0,49.0,40.0,47.0,39.0,36.0,517.0,508.0,509.0,459.0,462.0,473.0,88000.0,86556.0,86000.0,86000.0,80000.0,88007.0,1.6682841166412494,0.6465116279069767,0.0,7.5,-9.098139920688126,-0.5604329796730054,-6.919715430353731,6.090782769800826,-4.645566407535177,-2.758391492190087,7.51656649714902,-2.8568682902721036,431.0,436.0,430.0,408.0,410.0,409.0,0.4347788280101912,8.980895341344148,0.061635327473236,3.3891492323679926,-5.558950428679888,2.3743850769187023,-17.14883023975252,30.59158494147423,7.067233734503664,6.061521117687323,-13.863085971285244,3.665759840214883,3.571,3.5572,3.5831,2.7767,2.5201,3.168,3226.860107421875,3300.0400390625,3388.52001953125,3289.550048828125,3292.659912109375,3256.18994140625,-2.2175467804752604,-2.6111688866748928,3.0086172647952942,-0.0944483598142916,1.1200197580419624,0.9530450231666592,0.7618981653838495,0.7526543247450023,0.8149804783745878,0.8154827942612769,0.7842983470912335,0.8148343610540155,-23.212627669452186,-2.090909090909091,-18.160377358490564,9.184549356223176,0.0059035545612726,0.0684037062371743,0.1041514398479754,0.1616652126965147,0.209205020920505,0.209643605870009,-0.6204756980351691,-0.51440329218107,-1.0416666666666663,-1.3360739979444989,1.5037593984962467,0.866738894907906,458.0,-15.65377532228361,0.854770433083686,1.2779289306620496,1.9892608742657392,0.2469798161064141,-1.1493832466190577,1.589380596737636
2023-03-08,88000.0,1.6682841166412494,505.0,10.262008733624455,-1.0124188508238876,-1.3444308084116892,719.0,538.0,966.0,793.0,1055.0,967.0,975.0,906.0,941.0,1174.0,955.0,976.0,1114.0,0.0,0.0,1.0,0.0,7.0,0.7,0.6,0.55,0.0,0.0,0.0,1.0,60000.0,1.0,1.0,20000.0,0.0,53.0,49.0,40.0,47.0,39.0,36.0,508.0,509.0,459.0,462.0,473.0,458.0,86556.0,86000.0,86000.0,80000.0,88007.0,88503.0,0.6465116279069767,0.0,7.5,-9.098139920688126,-0.5604329796730054,-2.302707834284516,6.090782769800826,-4.645566407535177,-2.758391492190087,7.51656649714902,-2.8568682902721036,-0.748395793257415,436.0,430.0,408.0,410.0,409.0,427.0,8.980895341344148,0.061635327473236,3.3891492323679926,-5.558950428679888,2.3743850769187023,-7.358558495271379,30.59158494147423,7.067233734503664,6.061521117687323,-13.863085971285244,3.665759840214883,-2.576112412177994,3.5572,3.5831,2.7767,2.5201,3.168,3.4909,3300.0400390625,3388.52001953125,3289.550048828125,3292.659912109375,3256.18994140625,3225.449951171875,-2.6111688866748928,3.0086172647952942,-0.0944483598142916,1.1200197580419624,0.9530450231666592,-0.9379647712093134,0.7526543247450023,0.8149804783745878,0.8154827942612769,0.7842983470912335,0.8148343610540155,0.8388830437626184,-23.212627669452186,-2.090909090909091,-18.160377358490564,9.184549356223176,0.0059035545612726,0.0684037062371743,0.1041514398479754,0.1616652126965147,0.209205020920505,0.209643605870009,-0.6204756980351691,-0.51440329218107,-1.0416666666666663,-1.3360739979444989,1.5037593984962467,0.866738894907906,458.0,-15.65377532228361,0.854770433083686,1.2779289306620496,1.9892608742657392,0.2469798161064141,-1.1493832466190577,1.589380596737636
2023-02-22,86556.0,0.6465116279069767,505.0,10.262008733624455,0.854770433083686,0.2469798161064141,538.0,966.0,793.0,1055.0,967.0,975.0,906.0,941.0,1174.0,955.0,976.0,1114.0,1154.0,0.0,0.0,1.0,0.0,7.0,0.7,0.6,0.55,0.0,0.0,1.0,0.0,0.0,1.0,1.0,20000.0,0.0,49.0,40.0,44.0,39.0,36.0,36.0,509.0,459.0,462.0,473.0,458.0,459.0,86000.0,86000.0,80000.0,88007.0,88503.0,90589.0,0.0,7.5,-9.098139920688126,-0.5604329796730054,-2.302707834284516,3.8447870694102138,-4.645566407535177,-2.758391492190087,7.51656649714902,-2.8568682902721036,-0.748395793257415,-9.264174697859085,430.0,408.0,410.0,409.0,427.0,416.0,0.061635327473236,3.3891492323679926,-5.558950428679888,2.3743850769187023,-7.358558495271379,-1.3060283565015425,7.067233734503664,6.061521117687323,-13.863085971285244,3.665759840214883,-2.576112412177994,-12.316706730769234,3.5831,2.7767,2.5201,3.168,3.4909,3.0891,3388.52001953125,3289.550048828125,3292.659912109375,3256.18994140625,3225.449951171875,3255.989990234375,3.0086172647952942,-0.0944483598142916,1.1200197580419624,0.9530450231666592,-0.9379647712093134,2.858631819124151,0.8149804783745878,0.8154827942612769,0.7842983470912335,0.8148343610540155,0.8388830437626184,0.7954707106541038,-2.090909090909091,7.948969578017665,9.184549356223176,-10.108024691358024,0.0684037062371743,-0.1006386203811843,0.1616652126965147,0.0534085325471597,0.209643605870009,0.9523809523809584,-0.51440329218107,2.1008403361344534,-1.3360739979444989,2.854122621564485,0.866738894907906,-0.1082251082251174,458.0,-15.65377532228361,1.2779289306620496,1.9892608742657392,0.948281088946826,-1.1493832466190577,1.589380596737636,-1.8158933994874276
2023-02-08,86000.0,0.0,505.0,10.262008733624455,0.854770433083686,0.2469798161064141,538.0,966.0,793.0,1055.0,967.0,975.0,906.0,941.0,1174.0,955.0,976.0,1114.0,1154.0,0.0,0.0,1.0,0.0,7.0,0.7,0.6,0.55,0.0,0.0,1.0,0.0,0.0,1.0,1.0,20000.0,0.0,49.0,40.0,44.0,39.0,36.0,36.0,459.0,462.0,473.0,458.0,459.0,460.0,86000.0,80000.0,88007.0,88503.0,90589.0,87235.0,7.5,-9.098139920688126,-0.5604329796730054,-2.302707834284516,3.8447870694102138,7.579326419119732,-2.758391492190087,7.51656649714902,-2.8568682902721036,-0.748395793257415,-9.264174697859085,16.926379247351115,408.0,410.0,409.0,427.0,416.0,411.0,3.3891492323679926,-5.558950428679888,2.3743850769187023,-7.358558495271379,-1.3060283565015425,4.898181818181818,6.061521117687323,-13.863085971285244,3.665759840214883,-2.576112412177994,-12.316706730769234,-13.694165174677492,2.7767,2.5201,3.168,3.4909,3.0891,2.9978,3289.550048828125,3292.659912109375,3256.18994140625,3225.449951171875,3255.989990234375,3165.5,-0.0944483598142916,1.1200197580419624,0.9530450231666592,-0.9379647712093134,2.858631819124151,4.7207869811698835,0.8154827942612769,0.7842983470912335,0.8148343610540155,0.8388830437626184,0.7954707106541038,0.7560144902416196,-2.090909090909091,7.948969578017665,9.184549356223176,-10.108024691358024,0.0684037062371743,-0.1006386203811843,0.1616652126965147,0.0534085325471597,0.209643605870009,0.9523809523809584,-0.51440329218107,2.1008403361344534,-1.3360739979444989,2.854122621564485,0.866738894907906,-0.1082251082251174,458.0,-15.65377532228361,1.2779289306620496,1.9892608742657392,0.948281088946826,-1.1493832466190577,1.589380596737636,-1.8158933994874276
2023-01-18,86000.0,7.5,458.0,-15.65377532228361,1.2779289306620496,-1.1493832466190577,966.0,793.0,1055.0,967.0,975.0,906.0,941.0,1174.0,955.0,976.0,1114.0,1154.0,861.0,0.0,0.0,1.0,0.0,7.0,0.7,0.6,0.55,0.0,0.0,1.0,0.0,0.0,1.0,1.0,20000.0,0.0,40.0,44.0,47.0,36.0,36.0,40.0,462.0,473.0,458.0,459.0,460.0,559.0,80000.0,88007.0,88503.0,90589.0,87235.0,81089.0,-9.098139920688126,-0.5604329796730054,-2.302707834284516,3.8447870694102138,7.579326419119732,0.7304257089974038,7.51656649714902,-2.8568682902721036,-0.748395793257415,-9.264174697859085,16.926379247351115,-0.4991154290910197,410.0,409.0,427.0,416.0,411.0,470.0,-5.558950428679888,2.3743850769187023,-7.358558495271379,-1.3060283565015425,4.898181818181818,14.755466533133031,-13.863085971285244,3.665759840214883,-2.576112412177994,-12.316706730769234,-13.694165174677492,34.67984587033004,2.5201,3.168,3.4909,3.0891,2.9978,3.0219,3292.659912109375,3256.18994140625,3225.449951171875,3255.989990234375,3165.5,3022.800048828125,1.1200197580419624,0.9530450231666592,-0.9379647712093134,2.858631819124151,4.7207869811698835,-4.1363913336012255,0.7842983470912335,0.8148343610540155,0.8388830437626184,0.7954707106541038,0.7560144902416196,0.7371727272727273,7.948969578017665,0.791295746785361,-10.108024691358024,-0.5372217958557176,-0.1006386203811843,-0.0027954390858292,0.0534085325471597,0.1580334162728567,0.9523809523809584,-0.4214963119072767,2.1008403361344534,-0.729927007299273,2.854122621564485,-1.2526096033402954,-0.1082251082251174,0.4347826086956583,543.0,-11.27450980392157,1.9892608742657392,0.948281088946826,4.478651970100088,1.589380596737636,-1.8158933994874276,2.2321886451155724
2023-01-05,80000.0,-9.098139920688126,458.0,-15.65377532228361,1.2779289306620496,-1.1493832466190577,966.0,793.0,1055.0,967.0,975.0,906.0,941.0,1174.0,955.0,976.0,1114.0,1154.0,861.0,0.0,0.0,1.0,0.0,7.0,0.7,0.6,0.55,0.0,0.0,1.0,0.0,0.0,1.0,1.0,20000.0,0.0,40.0,44.0,47.0,36.0,36.0,40.0,473.0,458.0,459.0,460.0,559.0,564.0,88007.0,88503.0,90589.0,87235.0,81089.0,80501.0,-0.5604329796730054,-2.302707834284516,3.8447870694102138,7.579326419119732,0.7304257089974038,-4.16547619047619,-2.8568682902721036,-0.748395793257415,-9.264174697859085,16.926379247351115,-0.4991154290910197,-8.163036470159513,409.0,427.0,416.0,411.0,470.0,474.0,2.3743850769187023,-7.358558495271379,-1.3060283565015425,4.898181818181818,14.755466533133031,-11.286337007524224,3.665759840214883,-2.576112412177994,-12.316706730769234,-13.694165174677492,34.67984587033004,14.101448943621673,3.168,3.4909,3.0891,2.9978,3.0219,2.5185,3256.18994140625,3225.449951171875,3255.989990234375,3165.5,3022.800048828125,3153.22998046875,0.9530450231666592,-0.9379647712093134,2.858631819124151,4.7207869811698835,-4.1363913336012255,-3.3282356403587587,0.8148343610540155,0.8388830437626184,0.7954707106541038,0.7560144902416196,0.7371727272727273,0.8398118010348856,7.948969578017665,0.791295746785361,-10.108024691358024,-0.5372217958557176,-0.1006386203811843,-0.0027954390858292,0.0534085325471597,0.1580334162728567,0.9523809523809584,-0.4214963119072767,2.1008403361344534,-0.729927007299273,2.854122621564485,-1.2526096033402954,-0.1082251082251174,0.4347826086956583,543.0,-11.27450980392157,1.9892608742657392,0.948281088946826,4.478651970100088,1.589380596737636,-1.8158933994874276,2.2321886451155724
2022-12-21,88007.0,-0.5604329796730054,458.0,-15.65377532228361,1.9892608742657392,1.589380596737636,793.0,1055.0,967.0,975.0,906.0,941.0,1174.0,955.0,976.0,1114.0,1154.0,861.0,818.0,0.0,0.0,1.0,0.0,7.0,0.7,0.6,0.55,0.0,0.0,1.0,0.0,0.0,1.0,1.0,20000.0,0.0,44.0,47.0,42.0,36.0,40.0,42.0,458.0,459.0,460.0,559.0,564.0,543.0,88503.0,90589.0,87235.0,81089.0,80501.0,84000.0,-2.302707834284516,3.8447870694102138,7.579326419119732,0.7304257089974038,-4.16547619047619,-2.3255813953488373,-0.748395793257415,-9.264174697859085,16.926379247351115,-0.4991154290910197,-8.163036470159513,7.492568564070837,427.0,416.0,411.0,470.0,474.0,471.0,-7.358558495271379,-1.3060283565015425,4.898181818181818,14.755466533133031,-11.286337007524224,-4.379646017699115,-2.576112412177994,-12.316706730769234,-13.694165174677492,34.67984587033004,14.101448943621673,-11.989489260692755,3.4909,3.0891,2.9978,3.0219,2.5185,2.0737,3225.449951171875,3255.989990234375,3165.5,3022.800048828125,3153.22998046875,3261.7900390625,-0.9379647712093134,2.858631819124151,4.7207869811698835,-4.1363913336012255,-3.3282356403587587,1.5871273065704752,0.8388830437626184,0.7954707106541038,0.7560144902416196,0.7371727272727273,0.8398118010348856,0.7774106671849405,0.791295746785361,-10.767872903795231,-0.5372217958557176,10.988074957410564,-0.0027954390858292,0.0003106053076234,0.1580334162728567,0.121499989288414,-0.4214963119072767,0.5296610169491525,-0.729927007299273,0.4188481675392729,-1.2526096033402954,0.3141361256544472,0.4347826086956583,0.7667031763417337,543.0,-11.27450980392157,0.948281088946826,4.478651970100088,6.519656135710333,-1.8158933994874276,2.2321886451155724,5.06573404651345
2022-12-07,88503.0,-2.302707834284516,458.0,-15.65377532228361,1.9892608742657392,1.589380596737636,793.0,1055.0,967.0,975.0,906.0,941.0,1174.0,955.0,976.0,1114.0,1154.0,861.0,818.0,0.0,0.0,1.0,0.0,7.0,0.7,0.6,0.55,0.0,0.0,1.0,0.0,0.0,1.0,1.0,20000.0,0.0,44.0,47.0,42.0,36.0,40.0,42.0,459.0,460.0,559.0,564.0,543.0,556.0,90589.0,87235.0,81089.0,80501.0,84000.0,86000.0,3.8447870694102138,7.579326419119732,0.7304257089974038,-4.16547619047619,-2.3255813953488373,-2.149301960427357,-9.264174697859085,16.926379247351115,-0.4991154290910197,-8.163036470159513,7.492568564070837,-14.191832163012114,416.0,411.0,470.0,474.0,471.0,470.0,-1.3060283565015425,4.898181818181818,14.755466533133031,-11.286337007524224,-4.379646017699115,0.8919563218185551,-12.316706730769234,-13.694165174677492,34.67984587033004,14.101448943621673,-11.989489260692755,-5.5136778115501395,3.0891,2.9978,3.0219,2.5185,2.0737,1.9956,3255.989990234375,3165.5,3022.800048828125,3153.22998046875,3261.7900390625,3210.830078125,2.858631819124151,4.7207869811698835,-4.1363913336012255,-3.3282356403587587,1.5871273065704752,-1.5915951980898315,0.7954707106541038,0.7560144902416196,0.7371727272727273,0.8398118010348856,0.7774106671849405,0.7610619469026548,0.791295746785361,-10.767872903795231,-0.5372217958557176,10.988074957410564,-0.0027954390858292,0.0003106053076234,0.1580334162728567,0.121499989288414,-0.4214963119072767,0.5296610169491525,-0.729927007299273,0.4188481675392729,-1.2526096033402954,0.3141361256544472,0.4347826086956583,0.7667031763417337,543.0,-11.27450980392157,0.948281088946826,4.478651970100088,6.519656135710333,-1.8158933994874276,2.2321886451155724,5.06573404651345
2022-11-23,90589.0,3.8447870694102138,458.0,-15.65377532228361,0.948281088946826,-1.8158933994874276,1055.0,967.0,975.0,906.0,941.0,1174.0,955.0,976.0,1114.0,1154.0,861.0,818.0,869.0,0.0,0.0,1.0,0.0,7.0,0.7,0.6,0.55,0.0,0.0,1.0,0.0,0.0,1.0,1.0,20000.0,0.0,47.0,42.0,43.0,40.0,42.0,42.0,460.0,559.0,564.0,543.0,556.0,551.0,87235.0,81089.0,80501.0,84000.0,86000.0,87889.0,7.579326419119732,0.7304257089974038,-4.16547619047619,-2.3255813953488373,-2.149301960427357,9.86125,16.926379247351115,-0.4991154290910197,-8.163036470159513,7.492568564070837,-14.191832163012114,21.84996799591192,411.0,470.0,474.0,471.0,470.0,471.0,4.898181818181818,14.755466533133031,-11.286337007524224,-4.379646017699115,0.8919563218185551,4.672853524733413,-13.694165174677492,34.67984587033004,14.101448943621673,-11.989489260692755,-5.5136778115501395,9.352233462387073,2.9978,3.0219,2.5185,2.0737,1.9956,1.7879,3165.5,3022.800048828125,3153.22998046875,3261.7900390625,3210.830078125,3262.760009765625,4.7207869811698835,-4.1363913336012255,-3.3282356403587587,1.5871273065704752,-1.5915951980898315,0.3290207123819802,0.7560144902416196,0.7371727272727273,0.8398118010348856,0.7774106671849405,0.7610619469026548,0.7847162078910009,-10.767872903795231,-8.629032258064516,10.988074957410564,-5.778491171749598,0.0003106053076234,0.0534526695257629,0.121499989288414,0.0820874721653021,0.5296610169491525,0.854700854700867,0.4188481675392729,0.8447729672650445,0.3141361256544472,1.058201058201058,0.7667031763417337,0.2195389681668527,543.0,-11.27450980392157,4.478651970100088,6.519656135710333,3.5408370013274646,2.2321886451155724,5.06573404651345,5.0444554210916275
2022-11-09,87235.0,7.579326419119732,458.0,-15.65377532228361,0.948281088946826,-1.8158933994874276,1055.0,967.0,975.0,906.0,941.0,1174.0,955.0,976.0,1114.0,1154.0,861.0,818.0,869.0,0.0,0.0,1.0,0.0,7.0,0.7,0.6,0.55,0.0,0.0,1.0,0.0,0.0,1.0,1.0,20000.0,0.0,47.0,42.0,43.0,40.0,42.0,42.0,559.0,564.0,543.0,556.0,551.0,554.0,81089.0,80501.0,84000.0,86000.0,87889.0,80000.0,0.7304257089974038,-4.16547619047619,-2.3255813953488373,-2.149301960427357,9.86125,1.395454948731923,-0.4991154290910197,-8.163036470159513,7.492568564070837,-14.191832163012114,21.84996799591192,-6.351020266819045,470.0,474.0,471.0,470.0,471.0,474.0,14.755466533133031,-11.286337007524224,-4.379646017699115,0.8919563218185551,4.672853524733413,-2.72901648136869,34.67984587033004,14.101448943621673,-11.989489260692755,-5.5136778115501395,9.352233462387073,-3.0725954776587665,3.0219,2.5185,2.0737,1.9956,1.7879,1.8382,3022.800048828125,3153.22998046875,3261.7900390625,3210.830078125,3262.760009765625,3252.06005859375,-4.1363913336012255,-3.3282356403587587,1.5871273065704752,-1.5915951980898315,0.3290207123819802,2.5792598949536667,0.7371727272727273,0.8398118010348856,0.7774106671849405,0.7610619469026548,0.7847162078910009,0.7476565639573461,-10.767872903795231,-8.629032258064516,10.988074957410564,-5.778491171749598,0.0003106053076234,0.0534526695257629,0.121499989288414,0.0820874721653021,0.5296610169491525,0.854700854700867,0.4188481675392729,0.8447729672650445,0.3141361256544472,1.058201058201058,0.7667031763417337,0.2195389681668527,543.0,-11.27450980392157,4.478651970100088,6.519656135710333,3.5408370013274646,2.2321886451155724,5.06573404651345,5.0444554210916275
2022-10-19,81089.0,0.7304257089974038,543.0,-11.27450980392157,4.478651970100088,2.2321886451155724,967.0,975.0,906.0,941.0,1174.0,955.0,976.0,1114.0,1154.0,861.0,818.0,869.0,756.0,0.0,0.0,1.0,0.0,7.0,0.7,0.6,0.55,0.0,0.0,1.0,0.0,0.0,1.0,1.0,20000.0,0.0,42.0,43.0,49.0,42.0,42.0,45.0,564.0,543.0,556.0,551.0,554.0,628.0,80501.0,84000.0,86000.0,87889.0,80000.0,78899.0,-4.16547619047619,-2.3255813953488373,-2.149301960427357,9.86125,1.395454948731923,1.1512672914449815,-8.163036470159513,7.492568564070837,-14.191832163012114,21.84996799591192,-6.351020266819045,-8.956475583864123,474.0,471.0,470.0,471.0,474.0,527.0,-11.286337007524224,-4.379646017699115,0.8919563218185551,4.672853524733413,-2.72901648136869,2.043599257884972,14.101448943621673,-11.989489260692755,-5.5136778115501395,9.352233462387073,-3.0725954776587665,1.0071942446043096,2.5185,2.0737,1.9956,1.7879,1.8382,1.7549,3153.22998046875,3261.7900390625,3210.830078125,3262.760009765625,3252.06005859375,3170.2900390625,-3.3282356403587587,1.5871273065704752,-1.5915951980898315,0.3290207123819802,2.5792598949536667,2.14682435704885,0.8398118010348856,0.7774106671849405,0.7610619469026548,0.7847162078910009,0.7476565639573461,0.7172440751615865,-8.629032258064516,-11.806543385490755,-5.778491171749598,-31.08407079646018,0.0534526695257629,0.0892709950138883,0.0820874721653021,0.1097745329216277,0.854700854700867,0.2141327623126216,0.8447729672650445,0.0,1.058201058201058,0.1059322033898244,0.2195389681668527,-0.7625272331154715,612.0,15.254237288135592,6.519656135710333,3.5408370013274646,2.0767661783793807,5.06573404651345,5.0444554210916275,2.2636148382004735
2022-10-05,80501.0,-4.16547619047619,543.0,-11.27450980392157,4.478651970100088,2.2321886451155724,967.0,975.0,906.0,941.0,1174.0,955.0,976.0,1114.0,1154.0,861.0,818.0,869.0,756.0,0.0,0.0,1.0,0.0,7.0,0.7,0.6,0.55,0.0,0.0,1.0,0.0,0.0,1.0,1.0,20000.0,0.0,42.0,43.0,49.0,42.0,42.0,45.0,543.0,556.0,551.0,554.0,628.0,617.0,84000.0,86000.0,87889.0,80000.0,78899.0,78001.0,-2.3255813953488373,-2.149301960427357,9.86125,1.395454948731923,1.1512672914449815,4.016589099734627,7.492568564070837,-14.191832163012114,21.84996799591192,-6.351020266819045,-8.956475583864123,5.367527886357147,471.0,470.0,471.0,474.0,527.0,527.0,-4.379646017699115,0.8919563218185551,4.672853524733413,-2.72901648136869,2.043599257884972,1.6971538004358449,-11.989489260692755,-5.5136778115501395,9.352233462387073,-3.0725954776587665,1.0071942446043096,-14.808376847324748,2.0737,1.9956,1.7879,1.8382,1.7549,1.2211,3261.7900390625,3210.830078125,3262.760009765625,3252.06005859375,3170.2900390625,3103.659912109375,1.5871273065704752,-1.5915951980898315,0.3290207123819802,2.5792598949536667,2.14682435704885,0.3345882992515192,0.7774106671849405,0.7610619469026548,0.7847162078910009,0.7476565639573461,0.7172440751615865,0.7235714285714285,-8.629032258064516,-11.806543385490755,-5.778491171749598,-31.08407079646018,0.0534526695257629,0.0892709950138883,0.0820874721653021,0.1097745329216277,0.854700854700867,0.2141327623126216,0.8447729672650445,0.0,1.058201058201058,0.1059322033898244,0.2195389681668527,-0.7625272331154715,612.0,15.254237288135592,6.519656135710333,3.5408370013274646,2.0767661783793807,5.06573404651345,5.0444554210916275,2.2636148382004735
2022-09-21,84000.0,-2.3255813953488373,543.0,-11.27450980392157,6.519656135710333,5.06573404651345,975.0,906.0,941.0,1174.0,955.0,976.0,1114.0,1154.0,861.0,818.0,869.0,756.0,968.0,0.0,0.0,1.0,0.0,7.0,0.7,0.6,0.55,0.0,0.0,1.0,0.0,0.0,1.0,1.0,20000.0,0.0,43.0,49.0,55.0,42.0,45.0,44.0,556.0,551.0,554.0,628.0,617.0,614.0,86000.0,87889.0,80000.0,78899.0,78001.0,74989.0,-2.149301960427357,9.86125,1.395454948731923,1.1512672914449815,4.016589099734627,1.6097342854432866,-14.191832163012114,21.84996799591192,-6.351020266819045,-8.956475583864123,5.367527886357147,-3.062783711864286,470.0,471.0,474.0,527.0,527.0,531.0,0.8919563218185551,4.672853524733413,-2.72901648136869,2.043599257884972,1.6971538004358449,5.280878789082674,-5.5136778115501395,9.352233462387073,-3.0725954776587665,1.0071942446043096,-14.808376847324748,-3.953474476687454,1.9956,1.7879,1.8382,1.7549,1.2211,0.7722,3210.830078125,3262.760009765625,3252.06005859375,3170.2900390625,3103.659912109375,3093.31005859375,-1.5915951980898315,0.3290207123819802,2.5792598949536667,2.14682435704885,0.3345882992515192,-4.1071978494918255,0.7610619469026548,0.7847162078910009,0.7476565639573461,0.7172440751615865,0.7235714285714285,0.7074367222950727,-11.806543385490755,7.0830159939070825,-31.08407079646018,12.718204488778056,0.0892709950138883,0.0986997783146935,0.1097745329216277,0.294928097821407,0.2141327623126216,0.9729729729729792,0.0,3.046789989118604,0.1059322033898244,3.3953997809419594,-0.7625272331154715,0.879120879120876,612.0,15.254237288135592,3.5408370013274646,2.0767661783793807,3.7330216316988727,5.0444554210916275,2.2636148382004735,1.474734099355004
2022-09-07,86000.0,-2.149301960427357,543.0,-11.27450980392157,6.519656135710333,5.06573404651345,975.0,906.0,941.0,1174.0,955.0,976.0,1114.0,1154.0,861.0,818.0,869.0,756.0,968.0,0.0,0.0,1.0,0.0,7.0,0.7,0.6,0.55,0.0,0.0,1.0,0.0,0.0,1.0,1.0,20000.0,0.0,43.0,49.0,55.0,42.0,45.0,44.0,551.0,554.0,628.0,617.0,614.0,612.0,87889.0,80000.0,78899.0,78001.0,74989.0,73801.0,9.86125,1.395454948731923,1.1512672914449815,4.016589099734627,1.6097342854432866,8.5292863340245,21.84996799591192,-6.351020266819045,-8.956475583864123,5.367527886357147,-3.062783711864286,8.982339374496238,471.0,474.0,527.0,527.0,531.0,528.0,4.672853524733413,-2.72901648136869,2.043599257884972,1.6971538004358449,5.280878789082674,5.000573579868389,9.352233462387073,-3.0725954776587665,1.0071942446043096,-14.808376847324748,-3.953474476687454,20.028208744710867,1.7879,1.8382,1.7549,1.2211,0.7722,0.88,3262.760009765625,3252.06005859375,3170.2900390625,3103.659912109375,3093.31005859375,3225.800048828125,0.3290207123819802,2.5792598949536667,2.14682435704885,0.3345882992515192,-4.1071978494918255,1.0997579949358596,0.7847162078910009,0.7476565639573461,0.7172440751615865,0.7235714285714285,0.7074367222950727,0.7329963052719399,-11.806543385490755,7.0830159939070825,-31.08407079646018,12.718204488778056,0.0892709950138883,0.0986997783146935,0.1097745329216277,0.294928097821407,0.2141327623126216,0.9729729729729792,0.0,3.046789989118604,0.1059322033898244,3.3953997809419594,-0.7625272331154715,0.879120879120876,612.0,15.254237288135592,3.5408370013274646,2.0767661783793807,3.7330216316988727,5.0444554210916275,2.2636148382004735,1.474734099355004
2022-08-17,87889.0,9.86125,543.0,-11.27450980392157,3.5408370013274646,5.0444554210916275,906.0,941.0,1174.0,955.0,976.0,1114.0,1154.0,861.0,818.0,869.0,756.0,968.0,925.0,0.0,0.0,1.0,0.0,7.0,0.7,0.6,0.55,0.0,0.0,1.0,0.0,0.0,1.0,1.0,20000.0,0.0,49.0,55.0,44.0,45.0,44.0,48.0,554.0,628.0,617.0,614.0,612.0,625.0,80000.0,78899.0,78001.0,74989.0,73801.0,68001.0,1.395454948731923,1.1512672914449815,4.016589099734627,1.6097342854432866,8.5292863340245,-4.090210293225765,-6.351020266819045,-8.956475583864123,5.367527886357147,-3.062783711864286,8.982339374496238,-0.2531343283582079,474.0,527.0,527.0,531.0,528.0,528.0,-2.72901648136869,2.043599257884972,1.6971538004358449,5.280878789082674,5.000573579868389,4.125312194592247,-3.0725954776587665,1.0071942446043096,-14.808376847324748,-3.953474476687454,20.028208744710867,1.2385117267091468,1.8382,1.7549,1.2211,0.7722,0.88,0.7191,3252.06005859375,3170.2900390625,3103.659912109375,3093.31005859375,3225.800048828125,3190.7099609375,2.5792598949536667,2.14682435704885,0.3345882992515192,-4.1071978494918255,1.0997579949358596,-3.0736122696188795,0.7476565639573461,0.7172440751615865,0.7235714285714285,0.7074367222950727,0.7329963052719399,0.7091637205518881,7.0830159939070825,15.276558384547853,12.718204488778056,19.079435783221975,0.0986997783146935,0.1115897487048731,0.294928097821407,0.2104899824643045,0.9729729729729792,0.9825327510917092,3.046789989118604,0.5470459518599562,3.3953997809419594,0.6615214994487257,0.879120879120876,2.017937219730938,612.0,15.254237288135592,2.0767661783793807,3.7330216316988727,6.906042391648212,2.2636148382004735,1.474734099355004,5.3813778668047085
2022-08-03,80000.0,1.395454948731923,543.0,-11.27450980392157,3.5408370013274646,5.0444554210916275,906.0,941.0,1174.0,955.0,976.0,1114.0,1154.0,861.0,818.0,869.0,756.0,968.0,925.0,0.0,0.0,1.0,0.0,7.0,0.7,0.6,0.55,0.0,0.0,1.0,0.0,0.0,1.0,1.0,20000.0,0.0,49.0,55.0,44.0,45.0,44.0,48.0,628.0,617.0,614.0,612.0,625.0,612.0,78899.0,78001.0,74989.0,73801.0,68001.0,70901.0,1.1512672914449815,4.016589099734627,1.6097342854432866,8.5292863340245,-4.090210293225765,3.205286830958238,-8.956475583864123,5.367527886357147,-3.062783711864286,8.982339374496238,-0.2531343283582079,-6.061564410710523,527.0,527.0,531.0,528.0,528.0,527.0,2.043599257884972,1.6971538004358449,5.280878789082674,5.000573579868389,4.125312194592247,2.319948445590098,1.0071942446043096,-14.808376847324748,-3.953474476687454,20.028208744710867,1.2385117267091468,8.117961933329463,1.7549,1.2211,0.7722,0.88,0.7191,0.3751,3170.2900390625,3103.659912109375,3093.31005859375,3225.800048828125,3190.7099609375,3291.889892578125,2.14682435704885,0.3345882992515192,-4.1071978494918255,1.0997579949358596,-3.0736122696188795,-1.3021291777437436,0.7172440751615865,0.7235714285714285,0.7074367222950727,0.7329963052719399,0.7091637205518881,0.7699098707785862,7.0830159939070825,15.276558384547853,12.718204488778056,19.079435783221975,0.0986997783146935,0.1115897487048731,0.294928097821407,0.2104899824643045,0.9729729729729792,0.9825327510917092,3.046789989118604,0.5470459518599562,3.3953997809419594,0.6615214994487257,0.879120879120876,2.017937219730938,612.0,15.254237288135592,2.0767661783793807,3.7330216316988727,6.906042391648212,2.2636148382004735,1.474734099355004,5.3813778668047085
2022-07-20,78899.0,1.1512672914449815,612.0,15.254237288135592,2.0767661783793807,2.2636148382004735,941.0,1174.0,955.0,976.0,1114.0,1154.0,861.0,818.0,869.0,756.0,968.0,925.0,989.0,0.0,0.0,1.0,0.0,7.0,0.7,0.6,0.55,0.0,0.0,1.0,0.0,0.0,1.0,1.0,20000.0,0.0,55.0,44.0,54.0,44.0,48.0,44.0,617.0,614.0,612.0,625.0,612.0,532.0,78001.0,74989.0,73801.0,68001.0,70901.0,68699.0,4.016589099734627,1.6097342854432866,8.5292863340245,-4.090210293225765,3.205286830958238,-5.886623924598608,5.367527886357147,-3.062783711864286,8.982339374496238,-0.2531343283582079,-6.061564410710523,3.6782828440395634,527.0,531.0,528.0,528.0,527.0,560.0,1.6971538004358449,5.280878789082674,5.000573579868389,4.125312194592247,2.319948445590098,-8.524326906463122,-14.808376847324748,-3.953474476687454,20.028208744710867,1.2385117267091468,8.117961933329463,-4.698849878934624,1.2211,0.7722,0.88,0.7191,0.3751,0.3937,3103.659912109375,3093.31005859375,3225.800048828125,3190.7099609375,3291.889892578125,3335.320068359375,0.3345882992515192,-4.1071978494918255,1.0997579949358596,-3.0736122696188795,-1.3021291777437436,-2.5600690650618247,0.7235714285714285,0.7074367222950727,0.7329963052719399,0.7091637205518881,0.7699098707785862,0.7633052598831137,15.276558384547853,6.150978564771668,19.079435783221975,-12.018288700195953,0.1115897487048731,0.0034288528616894,0.2104899824643045,0.1141584210347689,0.9825327510917092,-0.1090512540894313,0.5470459518599562,-0.652173913043472,0.6615214994487257,0.3318584070796428,2.017937219730938,0.5636978579481398,531.0,-0.18796992481203,3.7330216316988727,6.906042391648212,6.828435762686088,1.474734099355004,5.3813778668047085,6.467459024249976
2022-07-06,78001.0,4.016589099734627,612.0,15.254237288135592,2.0767661783793807,2.2636148382004735,941.0,1174.0,955.0,976.0,1114.0,1154.0,861.0,818.0,869.0,756.0,968.0,925.0,989.0,0.0,0.0,1.0,0.0,7.0,0.7,0.6,0.55,0.0,0.0,1.0,0.0,0.0,1.0,1.0,20000.0,0.0,55.0,44.0,54.0,44.0,48.0,44.0,614.0,612.0,625.0,612.0,532.0,536.0,74989.0,73801.0,68001.0,70901.0,68699.0,72996.0,1.6097342854432866,8.5292863340245,-4.090210293225765,3.205286830958238,-5.886623924598608,2.0124098608083183,-3.062783711864286,8.982339374496238,-0.2531343283582079,-6.061564410710523,3.6782828440395634,-13.728838141448232,531.0,528.0,528.0,527.0,560.0,550.0,5.280878789082674,5.000573579868389,4.125312194592247,2.319948445590098,-8.524326906463122,-0.5056174094186411,-3.953474476687454,20.028208744710867,1.2385117267091468,8.117961933329463,-4.698849878934624,-13.296557811120907,0.7722,0.88,0.7191,0.3751,0.3937,0.3473,3093.31005859375,3225.800048828125,3190.7099609375,3291.889892578125,3335.320068359375,3422.949951171875,-4.1071978494918255,1.0997579949358596,-3.0736122696188795,-1.3021291777437436,-2.5600690650618247,1.7445126487217824,0.7074367222950727,0.7329963052719399,0.7091637205518881,0.7699098707785862,0.7633052598831137,0.7419122056327435,15.276558384547853,6.150978564771668,19.079435783221975,-12.018288700195953,0.1115897487048731,0.0034288528616894,0.2104899824643045,0.1141584210347689,0.9825327510917092,-0.1090512540894313,0.5470459518599562,-0.652173913043472,0.6615214994487257,0.3318584070796428,2.017937219730938,0.5636978579481398,531.0,-0.18796992481203,3.7330216316988727,6.906042391648212,6.828435762686088,1.474734099355004,5.3813778668047085,6.467459024249976
2022-06-22,74989.0,1.6097342854432866,612.0,15.254237288135592,3.7330216316988727,1.474734099355004,1174.0,955.0,976.0,1114.0,1154.0,861.0,818.0,869.0,756.0,968.0,925.0,989.0,1055.0,0.0,0.0,1.0,0.0,7.0,0.7,0.6,0.55,0.0,0.0,1.0,0.0,0.0,1.0,1.0,20000.0,0.0,44.0,54.0,53.0,48.0,44.0,43.0,612.0,625.0,612.0,532.0,536.0,543.0,73801.0,68001.0,70901.0,68699.0,72996.0,71556.0,8.5292863340245,-4.090210293225765,3.205286830958238,-5.886623924598608,2.0124098608083183,4.459788908191122,8.982339374496238,-0.2531343283582079,-6.061564410710523,3.6782828440395634,-13.728838141448232,-13.696718392851,528.0,528.0,527.0,560.0,550.0,555.0,5.000573579868389,4.125312194592247,2.319948445590098,-8.524326906463122,-0.5056174094186411,4.215451738346911,20.028208744710867,1.2385117267091468,8.117961933329463,-4.698849878934624,-13.296557811120907,-4.876597527760318,0.88,0.7191,0.3751,0.3937,0.3473,0.227,3225.800048828125,3190.7099609375,3291.889892578125,3335.320068359375,3422.949951171875,3364.260009765625,1.0997579949358596,-3.0736122696188795,-1.3021291777437436,-2.5600690650618247,1.7445126487217824,5.285134573873595,0.7329963052719399,0.7091637205518881,0.7699098707785862,0.7633052598831137,0.7419122056327435,0.7235991869672057,6.150978564771668,8.934010152284264,-12.018288700195953,20.551181102362204,0.0034288528616894,-0.1767405678724231,0.1141584210347689,0.0518609755419935,-0.1090512540894313,1.2141280353200978,-0.652173913043472,4.545454545454546,0.3318584070796428,5.116279069767449,0.5636978579481398,1.603665521191301,531.0,-0.18796992481203,6.906042391648212,6.828435762686088,4.427386624316217,5.3813778668047085,6.467459024249976,3.575195760892496
2022-06-08,73801.0,8.5292863340245,612.0,15.254237288135592,3.7330216316988727,1.474734099355004,1174.0,955.0,976.0,1114.0,1154.0,861.0,818.0,869.0,756.0,968.0,925.0,989.0,1055.0,0.0,0.0,1.0,0.0,7.0,0.7,0.6,0.55,0.0,0.0,1.0,0.0,0.0,1.0,1.0,20000.0,0.0,44.0,54.0,53.0,48.0,44.0,43.0,625.0,612.0,532.0,536.0,543.0,531.0,68001.0,70901.0,68699.0,72996.0,71556.0,68501.0,-4.090210293225765,3.205286830958238,-5.886623924598608,2.0124098608083183,4.459788908191122,8.731746031746033,-0.2531343283582079,-6.061564410710523,3.6782828440395634,-13.728838141448232,-13.696718392851,10.8514132893051,528.0,527.0,560.0,550.0,555.0,551.0,4.125312194592247,2.319948445590098,-8.524326906463122,-0.5056174094186411,4.215451738346911,1.387968800085479,1.2385117267091468,8.117961933329463,-4.698849878934624,-13.296557811120907,-4.876597527760318,-7.08345171621353,0.7191,0.3751,0.3937,0.3473,0.227,0.2464,3190.7099609375,3291.889892578125,3335.320068359375,3422.949951171875,3364.260009765625,3195.3798828125,-3.0736122696188795,-1.3021291777437436,-2.5600690650618247,1.7445126487217824,5.285134573873595,-5.824347691939287,0.7091637205518881,0.7699098707785862,0.7633052598831137,0.7419122056327435,0.7235991869672057,0.7219066488212543,6.150978564771668,8.934010152284264,-12.018288700195953,20.551181102362204,0.0034288528616894,-0.1767405678724231,0.1141584210347689,0.0518609755419935,-0.1090512540894313,1.2141280353200978,-0.652173913043472,4.545454545454546,0.3318584070796428,5.116279069767449,0.5636978579481398,1.603665521191301,531.0,-0.18796992481203,6.906042391648212,6.828435762686088,4.427386624316217,5.3813778668047085,6.467459024249976,3.575195760892496
2022-05-19,68001.0,-4.090210293225765,612.0,15.254237288135592,6.906042391648212,5.3813778668047085,955.0,976.0,1114.0,1154.0,861.0,818.0,869.0,756.0,968.0,925.0,989.0,1055.0,775.0,0.0,0.0,1.0,0.0,7.0,0.7,0.6,0.55,0.0,0.0,1.0,0.0,0.0,1.0,1.0,20000.0,0.0,54.0,53.0,52.0,44.0,43.0,45.0,612.0,532.0,536.0,543.0,531.0,536.0,70901.0,68699.0,72996.0,71556.0,68501.0,63000.0,3.205286830958238,-5.886623924598608,2.0124098608083183,4.459788908191122,8.731746031746033,3.6849294777900297,-6.061564410710523,3.6782828440395634,-13.728838141448232,-13.696718392851,10.8514132893051,8.157017112240984,527.0,560.0,550.0,555.0,551.0,559.0,2.319948445590098,-8.524326906463122,-0.5056174094186411,4.215451738346911,1.387968800085479,8.696662098441383,8.117961933329463,-4.698849878934624,-13.296557811120907,-4.876597527760318,-7.08345171621353,6.80715977126785,0.3751,0.3937,0.3473,0.227,0.2464,0.2934,3291.889892578125,3335.320068359375,3422.949951171875,3364.260009765625,3195.3798828125,3393.0,-1.3021291777437436,-2.5600690650618247,1.7445126487217824,5.285134573873595,-5.824347691939287,-0.7906351608068367,0.7699098707785862,0.7633052598831137,0.7419122056327435,0.7235991869672057,0.7219066488212543,0.6731488406881077,8.934010152284264,-25.09505703422053,20.551181102362204,-22.796352583586625,-0.1767405678724231,-0.0177331441797954,0.0518609755419935,0.0998084172795253,1.2141280353200978,0.8908685968819567,4.545454545454546,2.444703143189749,5.116279069767449,3.4897713598074676,1.603665521191301,-0.2285714285714318,531.0,-0.18796992481203,6.828435762686088,4.427386624316217,4.868705934602787,6.467459024249976,3.575195760892496,1.9599159855252168
2022-05-06,70901.0,3.205286830958238,612.0,15.254237288135592,6.906042391648212,5.3813778668047085,955.0,976.0,1114.0,1154.0,861.0,818.0,869.0,756.0,968.0,925.0,989.0,1055.0,775.0,0.0,1.0,0.0,0.0,7.0,0.7,0.6,0.55,0.0,0.0,1.0,0.0,0.0,1.0,1.0,20000.0,0.0,54.0,53.0,52.0,44.0,43.0,45.0,532.0,536.0,543.0,531.0,536.0,542.0,68699.0,72996.0,71556.0,68501.0,63000.0,60761.0,-5.886623924598608,2.0124098608083183,4.459788908191122,8.731746031746033,3.6849294777900297,4.944903105461329,3.6782828440395634,-13.728838141448232,-13.696718392851,10.8514132893051,8.157017112240984,12.85207155869028,560.0,550.0,555.0,551.0,559.0,550.0,-8.524326906463122,-0.5056174094186411,4.215451738346911,1.387968800085479,8.696662098441383,5.001158522457043,-4.698849878934624,-13.296557811120907,-4.876597527760318,-7.08345171621353,6.80715977126785,2.6520998296081055,0.3937,0.3473,0.227,0.2464,0.2934,0.2552,3335.320068359375,3422.949951171875,3364.260009765625,3195.3798828125,3393.0,3420.0400390625,-2.5600690650618247,1.7445126487217824,5.285134573873595,-5.824347691939287,-0.7906351608068367,4.1444149431663835,0.7633052598831137,0.7419122056327435,0.7235991869672057,0.7219066488212543,0.6731488406881077,0.7056862790643655,8.934010152284264,-25.09505703422053,20.551181102362204,-22.796352583586625,-0.1767405678724231,-0.0177331441797954,0.0518609755419935,0.0998084172795253,1.2141280353200978,0.8908685968819567,4.545454545454546,2.444703143189749,5.116279069767449,3.4897713598074676,1.603665521191301,-0.2285714285714318,531.0,-0.18796992481203,6.828435762686088,4.427386624316217,4.868705934602787,6.467459024249976,3.575195760892496,1.9599159855252168
2022-04-20,68699.0,-5.886623924598608,531.0,-0.18796992481203,6.828435762686088,6.467459024249976,976.0,1114.0,1154.0,861.0,818.0,869.0,756.0,968.0,925.0,989.0,1055.0,775.0,897.0,0.0,1.0,0.0,0.0,7.0,0.7,0.6,0.55,0.0,0.0,1.0,0.0,0.0,1.0,1.0,20000.0,0.0,53.0,52.0,43.0,43.0,45.0,43.0,536.0,543.0,531.0,536.0,542.0,531.0,72996.0,71556.0,68501.0,63000.0,60761.0,57898.0,2.0124098608083183,4.459788908191122,8.731746031746033,3.6849294777900297,4.944903105461329,0.5191062344832376,-13.728838141448232,-13.696718392851,10.8514132893051,8.157017112240984,12.85207155869028,-4.333184656556646,550.0,555.0,551.0,559.0,550.0,592.0,-0.5056174094186411,4.215451738346911,1.387968800085479,8.696662098441383,5.001158522457043,5.5353925353925355,-13.296557811120907,-4.876597527760318,-7.08345171621353,6.80715977126785,2.6520998296081055,26.31173132402064,0.3473,0.227,0.2464,0.2934,0.2552,0.2027,3422.949951171875,3364.260009765625,3195.3798828125,3393.0,3420.0400390625,3283.93994140625,1.7445126487217824,5.285134573873595,-5.824347691939287,-0.7906351608068367,4.1444149431663835,3.809144546187714,0.7419122056327435,0.7235991869672057,0.7219066488212543,0.6731488406881077,0.7056862790643655,0.7060645601882903,-25.09505703422053,10.411418975650712,-22.796352583586625,-3.0070754716981134,-0.0177331441797954,-0.0211508553654743,0.0998084172795253,0.1380061514849585,0.8908685968819567,0.0,2.444703143189749,0.1165501165501264,3.4897713598074676,0.0,-0.2285714285714318,2.219626168224306,532.0,-33.66583541147132,4.427386624316217,4.868705934602787,6.859798299386988,3.575195760892496,1.9599159855252168,6.869134867620414
2022-04-06,72996.0,2.0124098608083183,531.0,-0.18796992481203,6.828435762686088,6.467459024249976,976.0,1114.0,1154.0,861.0,818.0,869.0,756.0,968.0,925.0,989.0,1055.0,775.0,897.0,0.0,1.0,0.0,0.0,7.0,0.7,0.6,0.55,0.0,0.0,1.0,0.0,0.0,1.0,1.0,20000.0,0.0,53.0,52.0,43.0,43.0,45.0,43.0,543.0,531.0,536.0,542.0,531.0,543.0,71556.0,68501.0,63000.0,60761.0,57898.0,57599.0,4.459788908191122,8.731746031746033,3.6849294777900297,4.944903105461329,0.5191062344832376,-2.0441829220591488,-13.696718392851,10.8514132893051,8.157017112240984,12.85207155869028,-4.333184656556646,1.000447961773923,555.0,551.0,559.0,550.0,592.0,587.0,4.215451738346911,1.387968800085479,8.696662098441383,5.001158522457043,5.5353925353925355,-4.0610453271431926,-4.876597527760318,-7.08345171621353,6.80715977126785,2.6520998296081055,26.31173132402064,-12.942873641402064,0.227,0.2464,0.2934,0.2552,0.2027,0.2299,3364.260009765625,3195.3798828125,3393.0,3420.0400390625,3283.93994140625,3163.43994140625,5.285134573873595,-5.824347691939287,-0.7906351608068367,4.1444149431663835,3.809144546187714,2.4592610679953353,0.7235991869672057,0.7219066488212543,0.6731488406881077,0.7056862790643655,0.7060645601882903,0.7412998712998713,-25.09505703422053,10.411418975650712,-22.796352583586625,-3.0070754716981134,-0.0177331441797954,-0.0211508553654743,0.0998084172795253,0.1380061514849585,0.8908685968819567,0.0,2.444703143189749,0.1165501165501264,3.4897713598074676,0.0,-0.2285714285714318,2.219626168224306,532.0,-33.66583541147132,4.427386624316217,4.868705934602787,6.859798299386988,3.575195760892496,1.9599159855252168,6.869134867620414
2022-03-23,71556.0,4.459788908191122,531.0,-0.18796992481203,4.427386624316217,3.575195760892496,1114.0,1154.0,861.0,818.0,869.0,756.0,968.0,925.0,989.0,1055.0,775.0,897.0,1019.0,0.0,1.0,0.0,0.0,7.0,0.7,0.6,0.55,0.0,0.0,1.0,0.0,0.0,1.0,1.0,20000.0,0.0,52.0,43.0,34.0,45.0,43.0,40.0,531.0,536.0,542.0,531.0,543.0,534.0,68501.0,63000.0,60761.0,57898.0,57599.0,58801.0,8.731746031746033,3.6849294777900297,4.944903105461329,0.5191062344832376,-2.0441829220591488,3.1415541133134535,10.8514132893051,8.157017112240984,12.85207155869028,-4.333184656556646,1.000447961773923,-3.661279431838603,551.0,559.0,550.0,592.0,587.0,595.0,1.387968800085479,8.696662098441383,5.001158522457043,5.5353925353925355,-4.0610453271431926,0.7313341873857291,-7.08345171621353,6.80715977126785,2.6520998296081055,26.31173132402064,-12.942873641402064,0.5125845958821359,0.2464,0.2934,0.2552,0.2027,0.2299,0.185,3195.3798828125,3393.0,3420.0400390625,3283.93994140625,3163.43994140625,3087.510009765625,-5.824347691939287,-0.7906351608068367,4.1444149431663835,3.809144546187714,2.4592610679953353,-1.3502592683137256,0.7219066488212543,0.6731488406881077,0.7056862790643655,0.7060645601882903,0.7412998712998713,0.7260368692044599,10.411418975650712,-11.90828402366864,-3.0070754716981134,6.398996235884567,-0.0211508553654743,0.0292464981985401,0.1380061514849585,0.1639572905205411,0.0,0.4474272930648674,0.1165501165501264,1.298701298701292,0.0,0.1204819277108365,2.219626168224306,1.3017751479289872,532.0,-33.66583541147132,4.868705934602787,6.859798299386988,5.872500785093688,1.9599159855252168,6.869134867620414,11.398315935348789
2022-03-09,68501.0,8.731746031746033,531.0,-0.18796992481203,4.427386624316217,3.575195760892496,1114.0,1154.0,861.0,818.0,869.0,756.0,968.0,925.0,989.0,1055.0,775.0,897.0,1019.0,0.0,1.0,0.0,0.0,7.0,0.7,0.6,0.55,0.0,0.0,1.0,0.0,0.0,1.0,1.0,20000.0,0.0,52.0,43.0,34.0,45.0,43.0,40.0,536.0,542.0,531.0,543.0,534.0,536.0,63000.0,60761.0,57898.0,57599.0,58801.0,57010.0,3.6849294777900297,4.944903105461329,0.5191062344832376,-2.0441829220591488,3.1415541133134535,3.6526608607116233,8.157017112240984,12.85207155869028,-4.333184656556646,1.000447961773923,-3.661279431838603,9.410542894592192,559.0,550.0,592.0,587.0,595.0,593.0,8.696662098441383,5.001158522457043,5.5353925353925355,-4.0610453271431926,0.7313341873857291,1.0050124998429668,6.80715977126785,2.6520998296081055,26.31173132402064,-12.942873641402064,0.5125845958821359,3.310686575501313,0.2934,0.2552,0.2027,0.2299,0.185,0.1775,3393.0,3420.0400390625,3283.93994140625,3163.43994140625,3087.510009765625,3129.77001953125,-0.7906351608068367,4.1444149431663835,3.809144546187714,2.4592610679953353,-1.3502592683137256,-3.183424102773668,0.6731488406881077,0.7056862790643655,0.7060645601882903,0.7412998712998713,0.7260368692044599,0.7090707827017076,10.411418975650712,-11.90828402366864,-3.0070754716981134,6.398996235884567,-0.0211508553654743,0.0292464981985401,0.1380061514849585,0.1639572905205411,0.0,0.4474272930648674,0.1165501165501264,1.298701298701292,0.0,0.1204819277108365,2.219626168224306,1.3017751479289872,532.0,-33.66583541147132,4.868705934602787,6.859798299386988,5.872500785093688,1.9599159855252168,6.869134867620414,11.398315935348789
2022-02-23,63000.0,3.6849294777900297,531.0,-0.18796992481203,4.868705934602787,1.9599159855252168,1154.0,861.0,818.0,869.0,756.0,968.0,925.0,989.0,1055.0,775.0,897.0,1019.0,603.0,0.0,1.0,0.0,0.0,7.0,0.7,0.6,0.55,0.0,1.0,0.0,0.0,0.0,1.0,1.0,20000.0,0.0,43.0,34.0,33.0,43.0,40.0,38.0,542.0,531.0,543.0,534.0,536.0,537.0,60761.0,57898.0,57599.0,58801.0,57010.0,55001.0,4.944903105461329,0.5191062344832376,-2.0441829220591488,3.1415541133134535,3.6526608607116233,2.40555586586978,12.85207155869028,-4.333184656556646,1.000447961773923,-3.661279431838603,9.410542894592192,-15.50536107426908,550.0,592.0,587.0,595.0,593.0,594.0,5.001158522457043,5.5353925353925355,-4.0610453271431926,0.7313341873857291,1.0050124998429668,-3.864687624545597,2.6520998296081055,26.31173132402064,-12.942873641402064,0.5125845958821359,3.310686575501313,-6.125417865584728,0.2552,0.2027,0.2299,0.185,0.1775,0.1804,3420.0400390625,3283.93994140625,3163.43994140625,3087.510009765625,3129.77001953125,3232.679931640625,4.1444149431663835,3.809144546187714,2.4592610679953353,-1.3502592683137256,-3.183424102773668,0.403454695041269,0.7056862790643655,0.7060645601882903,0.7412998712998713,0.7260368692044599,0.7090707827017076,0.6909586562982877,-11.90828402366864,-8.027210884353742,6.398996235884567,8.28804347826087,0.0292464981985401,0.0479374447474256,0.1639572905205411,0.1331405020234873,0.4474272930648674,1.0169491525423793,1.298701298701292,2.66666666666667,0.1204819277108365,2.9776674937965333,1.3017751479289872,-0.4711425206124919,532.0,-33.66583541147132,6.859798299386988,5.872500785093688,2.7602082526569425,6.869134867620414,11.398315935348789,9.574819265176773
2022-02-09,60761.0,4.944903105461329,531.0,-0.18796992481203,4.868705934602787,1.9599159855252168,1154.0,861.0,818.0,869.0,756.0,968.0,925.0,989.0,1055.0,775.0,897.0,1019.0,603.0,0.0,1.0,0.0,0.0,7.0,0.7,0.6,0.55,0.0,1.0,0.0,0.0,0.0,1.0,1.0,20000.0,0.0,43.0,34.0,33.0,43.0,40.0,38.0,531.0,543.0,534.0,536.0,537.0,536.0,57898.0,57599.0,58801.0,57010.0,55001.0,53709.0,0.5191062344832376,-2.0441829220591488,3.1415541133134535,3.6526608607116233,2.40555586586978,1.897209205259064,-4.333184656556646,1.000447961773923,-3.661279431838603,9.410542894592192,-15.50536107426908,-3.2291571284680805,592.0,587.0,595.0,593.0,594.0,587.0,5.5353925353925355,-4.0610453271431926,0.7313341873857291,1.0050124998429668,-3.864687624545597,3.2302705398329383,26.31173132402064,-12.942873641402064,0.5125845958821359,3.310686575501313,-6.125417865584728,-10.783920426443933,0.2027,0.2299,0.185,0.1775,0.1804,0.1965,3283.93994140625,3163.43994140625,3087.510009765625,3129.77001953125,3232.679931640625,3219.68994140625,3.809144546187714,2.4592610679953353,-1.3502592683137256,-3.183424102773668,0.403454695041269,0.675713639225683,0.7060645601882903,0.7412998712998713,0.7260368692044599,0.7090707827017076,0.6909586562982877,0.6486515863334984,-11.90828402366864,-8.027210884353742,6.398996235884567,8.28804347826087,0.0292464981985401,0.0479374447474256,0.1639572905205411,0.1331405020234873,0.4474272930648674,1.0169491525423793,1.298701298701292,2.66666666666667,0.1204819277108365,2.9776674937965333,1.3017751479289872,-0.4711425206124919,532.0,-33.66583541147132,6.859798299386988,5.872500785093688,2.7602082526569425,6.869134867620414,11.398315935348789,9.574819265176773
2022-01-19,57898.0,0.5191062344832376,532.0,-33.66583541147132,6.859798299386988,6.869134867620414,861.0,818.0,869.0,756.0,968.0,925.0,989.0,1055.0,775.0,897.0,1019.0,603.0,1142.0,0.0,1.0,0.0,0.0,7.0,0.7,0.6,0.55,0.0,1.0,0.0,0.0,0.0,1.0,1.0,20000.0,0.0,34.0,33.0,43.0,40.0,38.0,40.0,543.0,534.0,536.0,537.0,536.0,811.0,57599.0,58801.0,57010.0,55001.0,53709.0,52709.0,-2.0441829220591488,3.1415541133134535,3.6526608607116233,2.40555586586978,1.897209205259064,12.144422459096615,1.000447961773923,-3.661279431838603,9.410542894592192,-15.50536107426908,-3.2291571284680805,21.82353365458923,587.0,595.0,593.0,594.0,587.0,774.0,-4.0610453271431926,0.7313341873857291,1.0050124998429668,-3.864687624545597,3.2302705398329383,14.25925925925926,-12.942873641402064,0.5125845958821359,3.310686575501313,-6.125417865584728,-10.783920426443933,9.73451327433629,0.2299,0.185,0.1775,0.1804,0.1965,0.1593,3163.43994140625,3087.510009765625,3129.77001953125,3232.679931640625,3219.68994140625,3198.080078125,2.4592610679953353,-1.3502592683137256,-3.183424102773668,0.403454695041269,0.675713639225683,3.703133703390203,0.7412998712998713,0.7260368692044599,0.7090707827017076,0.6909586562982877,0.6486515863334984,0.6571375140256825,-8.027210884353742,-0.9433962264150944,8.28804347826087,-38.74323761964211,0.0479374447474256,0.0707110038159021,0.1331405020234873,0.0447104995156362,1.0169491525423793,0.3401360544217655,2.66666666666667,2.3573200992555905,2.9776674937965333,2.937420178799486,-0.4711425206124919,0.1179245283018968,802.0,-3.2569360675512664,5.872500785093688,2.7602082526569425,-0.4753340184994861,11.398315935348789,9.574819265176773,4.235771798224485
2022-01-05,57599.0,-2.0441829220591488,532.0,-33.66583541147132,6.859798299386988,6.869134867620414,861.0,818.0,869.0,756.0,968.0,925.0,989.0,1055.0,775.0,897.0,1019.0,603.0,1142.0,0.0,1.0,0.0,0.0,7.0,0.7,0.6,0.55,0.0,1.0,0.0,0.0,0.0,1.0,1.0,20000.0,0.0,34.0,33.0,43.0,40.0,38.0,40.0,534.0,536.0,537.0,536.0,811.0,816.0,58801.0,57010.0,55001.0,53709.0,52709.0,47001.0,3.1415541133134535,3.6526608607116233,2.40555586586978,1.897209205259064,12.144422459096615,-2.0812500000000003,-3.661279431838603,9.410542894592192,-15.50536107426908,-3.2291571284680805,21.82353365458923,1.907876131221712,595.0,593.0,594.0,587.0,774.0,774.0,0.7313341873857291,1.0050124998429668,-3.864687624545597,3.2302705398329383,14.25925925925926,2.766798418972332,0.5125845958821359,3.310686575501313,-6.125417865584728,-10.783920426443933,9.73451327433629,-5.207728901667521,0.185,0.1775,0.1804,0.1965,0.1593,0.1114,3087.510009765625,3129.77001953125,3232.679931640625,3219.68994140625,3198.080078125,3083.8798828125,-1.3502592683137256,-3.183424102773668,0.403454695041269,0.675713639225683,3.703133703390203,1.175500185705625,0.7260368692044599,0.7090707827017076,0.6909586562982877,0.6486515863334984,0.6571375140256825,0.6695299145299145,-8.027210884353742,-0.9433962264150944,8.28804347826087,-38.74323761964211,0.0479374447474256,0.0707110038159021,0.1331405020234873,0.0447104995156362,1.0169491525423793,0.3401360544217655,2.66666666666667,2.3573200992555905,2.9776674937965333,2.937420178799486,-0.4711425206124919,0.1179245283018968,802.0,-3.2569360675512664,5.872500785093688,2.7602082526569425,-0.4753340184994861,11.398315935348789,9.574819265176773,4.235771798224485
2021-12-22,58801.0,3.1415541133134535,532.0,-33.66583541147132,5.872500785093688,11.398315935348789,818.0,869.0,756.0,968.0,925.0,989.0,1055.0,775.0,897.0,1019.0,603.0,1142.0,864.0,0.0,1.0,0.0,0.0,7.0,0.7,0.6,0.55,0.0,1.0,0.0,0.0,0.0,1.0,1.0,20000.0,0.0,33.0,43.0,34.0,38.0,40.0,38.0,536.0,537.0,536.0,811.0,816.0,803.0,57010.0,55001.0,53709.0,52709.0,47001.0,48000.0,3.6526608607116233,2.40555586586978,1.897209205259064,12.144422459096615,-2.0812500000000003,2.127659574468085,9.410542894592192,-15.50536107426908,-3.2291571284680805,21.82353365458923,1.907876131221712,-7.358083344043459,593.0,594.0,587.0,774.0,774.0,772.0,1.0050124998429668,-3.864687624545597,3.2302705398329383,14.25925925925926,2.766798418972332,9.121405750798722,3.310686575501313,-6.125417865584728,-10.783920426443933,9.73451327433629,-5.207728901667521,12.802125311840332,0.1775,0.1804,0.1965,0.1593,0.1114,0.1438,3129.77001953125,3232.679931640625,3219.68994140625,3198.080078125,3083.8798828125,3048.050048828125,-3.183424102773668,0.403454695041269,0.675713639225683,3.703133703390203,1.175500185705625,-0.6806875656404286,0.7090707827017076,0.6909586562982877,0.6486515863334984,0.6571375140256825,0.6695299145299145,0.7026789635485288,-0.9433962264150944,18.62509992006395,-38.74323761964211,7.228915662650602,0.0707110038159021,0.1388109052342629,0.0447104995156362,0.362408034676497,0.3401360544217655,0.3412969283276418,2.3573200992555905,1.3836477987421314,2.937420178799486,1.6883116883116849,0.1179245283018968,0.118063754427384,802.0,-3.2569360675512664,2.7602082526569425,-0.4753340184994861,0.7463652444022606,9.574819265176773,4.235771798224485,-0.3121462628202929
2021-12-08,57010.0,3.6526608607116233,532.0,-33.66583541147132,5.872500785093688,11.398315935348789,818.0,869.0,756.0,968.0,925.0,989.0,1055.0,775.0,897.0,1019.0,603.0,1142.0,864.0,0.0,1.0,0.0,0.0,7.0,0.7,0.6,0.6,0.0,1.0,0.0,0.0,0.0,1.0,1.0,20000.0,0.0,33.0,43.0,34.0,38.0,40.0,38.0,537.0,536.0,811.0,816.0,803.0,804.0,55001.0,53709.0,52709.0,47001.0,48000.0,47000.0,2.40555586586978,1.897209205259064,12.144422459096615,-2.0812500000000003,2.127659574468085,0.6661097903146351,-15.50536107426908,-3.2291571284680805,21.82353365458923,1.907876131221712,-7.358083344043459,-0.0180993877109625,594.0,587.0,774.0,774.0,772.0,791.0,-3.864687624545597,3.2302705398329383,14.25925925925926,2.766798418972332,9.121405750798722,2.6212685037950196,-6.125417865584728,-10.783920426443933,9.73451327433629,-5.207728901667521,12.802125311840332,1.7930592403981471,0.1804,0.1965,0.1593,0.1114,0.1438,0.1436,3232.679931640625,3219.68994140625,3198.080078125,3083.8798828125,3048.050048828125,3068.93994140625,0.403454695041269,0.675713639225683,3.703133703390203,1.175500185705625,-0.6806875656404286,-1.995886913671186,0.6909586562982877,0.6486515863334984,0.6571375140256825,0.6695299145299145,0.7026789635485288,0.7507987220447284,-0.9433962264150944,18.62509992006395,-38.74323761964211,7.228915662650602,0.0707110038159021,0.1388109052342629,0.0447104995156362,0.362408034676497,0.3401360544217655,0.3412969283276418,2.3573200992555905,1.3836477987421314,2.937420178799486,1.6883116883116849,0.1179245283018968,0.118063754427384,802.0,-3.2569360675512664,2.7602082526569425,-0.4753340184994861,0.7463652444022606,9.574819265176773,4.235771798224485,-0.3121462628202929
2021-11-17,55001.0,2.40555586586978,532.0,-33.66583541147132,2.7602082526569425,9.574819265176773,869.0,756.0,968.0,925.0,989.0,1055.0,775.0,897.0,1019.0,603.0,1142.0,864.0,1044.0,0.0,1.0,0.0,0.0,7.0,0.7,0.6,0.6,0.0,1.0,0.0,0.0,0.0,1.0,1.0,20000.0,0.0,43.0,34.0,33.0,40.0,38.0,52.0,536.0,811.0,816.0,803.0,804.0,806.0,53709.0,52709.0,47001.0,48000.0,47000.0,46689.0,1.897209205259064,12.144422459096615,-2.0812500000000003,2.127659574468085,0.6661097903146351,3.319391887406227,-3.2291571284680805,21.82353365458923,1.907876131221712,-7.358083344043459,-0.0180993877109625,10.245028107022994,587.0,774.0,774.0,772.0,791.0,794.0,3.2302705398329383,14.25925925925926,2.766798418972332,9.121405750798722,2.6212685037950196,8.928411992642989,-10.783920426443933,9.73451327433629,-5.207728901667521,12.802125311840332,1.7930592403981471,5.5254973525934306,0.1965,0.1593,0.1114,0.1438,0.1436,0.142,3219.68994140625,3198.080078125,3083.8798828125,3048.050048828125,3068.93994140625,3131.43994140625,0.675713639225683,3.703133703390203,1.175500185705625,-0.6806875656404286,-1.995886913671186,-1.6167634080986055,0.6486515863334984,0.6571375140256825,0.6695299145299145,0.7026789635485288,0.7507987220447284,0.7653808953951574,18.62509992006395,-21.714643304130163,7.228915662650602,23.88059701492537,0.1388109052342629,-0.0015596487670976,0.362408034676497,0.2828089648879389,0.3412969283276418,0.5720823798627002,1.3836477987421314,-0.1256281407035104,1.6883116883116849,-0.3880983182406173,0.118063754427384,0.5938242280285035,802.0,-3.2569360675512664,-0.4753340184994861,0.7463652444022606,-1.1472193790515184,4.235771798224485,-0.3121462628202929,0.605642308687775
2021-11-03,53709.0,1.897209205259064,532.0,-33.66583541147132,2.7602082526569425,9.574819265176773,869.0,756.0,968.0,925.0,989.0,1055.0,775.0,897.0,1019.0,603.0,1142.0,864.0,1044.0,0.0,1.0,0.0,0.0,7.0,0.7,0.6,0.6,0.0,1.0,0.0,0.0,0.0,1.0,1.0,20000.0,0.0,43.0,34.0,33.0,40.0,38.0,52.0,811.0,816.0,803.0,804.0,806.0,805.0,52709.0,47001.0,48000.0,47000.0,46689.0,45189.0,12.144422459096615,-2.0812500000000003,2.127659574468085,0.6661097903146351,3.319391887406227,-3.8736439055520098,21.82353365458923,1.907876131221712,-7.358083344043459,-0.0180993877109625,10.245028107022994,-14.490482869164495,774.0,774.0,772.0,791.0,794.0,771.0,14.25925925925926,2.766798418972332,9.121405750798722,2.6212685037950196,8.928411992642989,-5.882254079763365,9.73451327433629,-5.207728901667521,12.802125311840332,1.7930592403981471,5.5254973525934306,-5.961005135343194,0.1593,0.1114,0.1438,0.1436,0.142,0.1279,3198.080078125,3083.8798828125,3048.050048828125,3068.93994140625,3131.43994140625,3182.89990234375,3.703133703390203,1.175500185705625,-0.6806875656404286,-1.995886913671186,-1.6167634080986055,0.7482730925929317,0.6571375140256825,0.6695299145299145,0.7026789635485288,0.7507987220447284,0.7653808953951574,0.806932019071088,18.62509992006395,-21.714643304130163,7.228915662650602,23.88059701492537,0.1388109052342629,-0.0015596487670976,0.362408034676497,0.2828089648879389,0.3412969283276418,0.5720823798627002,1.3836477987421314,-0.1256281407035104,1.6883116883116849,-0.3880983182406173,0.118063754427384,0.5938242280285035,802.0,-3.2569360675512664,-0.4753340184994861,0.7463652444022606,-1.1472193790515184,4.235771798224485,-0.3121462628202929,0.605642308687775
2021-10-20,52709.0,12.144422459096615,802.0,-3.2569360675512664,-0.4753340184994861,4.235771798224485,756.0,968.0,925.0,989.0,1055.0,775.0,897.0,1019.0,603.0,1142.0,864.0,1044.0,1023.0,0.0,1.0,0.0,0.0,7.0,0.7,0.6,0.6,0.0,1.0,0.0,0.0,0.0,1.0,1.0,20000.0,0.0,34.0,33.0,36.0,38.0,52.0,48.0,816.0,803.0,804.0,806.0,805.0,836.0,47001.0,48000.0,47000.0,46689.0,45189.0,47010.0,-2.0812500000000003,2.127659574468085,0.6661097903146351,3.319391887406227,-3.8736439055520098,4.464345236772516,1.907876131221712,-7.358083344043459,-0.0180993877109625,10.245028107022994,-14.490482869164495,11.921745974240125,774.0,772.0,791.0,794.0,771.0,819.0,2.766798418972332,9.121405750798722,2.6212685037950196,8.928411992642989,-5.882254079763365,6.062388591800357,-5.207728901667521,12.802125311840332,1.7930592403981471,5.5254973525934306,-5.961005135343194,4.451206567121932,0.1114,0.1438,0.1436,0.142,0.1279,0.1057,3083.8798828125,3048.050048828125,3068.93994140625,3131.43994140625,3182.89990234375,3159.260009765625,1.175500185705625,-0.6806875656404286,-1.995886913671186,-1.6167634080986055,0.7482730925929317,0.5621311293741666,0.6695299145299145,0.7026789635485288,0.7507987220447284,0.7653808953951574,0.806932019071088,0.7900707551133594,-21.714643304130163,-17.28778467908903,23.88059701492537,-27.173913043478255,-0.0015596487670976,0.1089821256823092,0.2828089648879389,0.1492831591696476,0.5720823798627002,-0.228310502283092,-0.1256281407035104,-0.1254705144291198,-0.3880983182406173,-0.1291989664082797,0.5938242280285035,0.5973715651135005,829.0,-6.115515288788222,0.7463652444022606,-1.1472193790515184,3.587206220180244,-0.3121462628202929,0.605642308687775,7.459393310094192
2021-10-06,47001.0,-2.0812500000000003,802.0,-3.2569360675512664,-0.4753340184994861,4.235771798224485,756.0,968.0,925.0,989.0,1055.0,775.0,897.0,1019.0,603.0,1142.0,864.0,1044.0,1023.0,0.0,1.0,0.0,0.0,7.0,0.7,0.6,0.6,0.0,1.0,0.0,0.0,0.0,1.0,1.0,20000.0,0.0,34.0,33.0,36.0,38.0,52.0,48.0,803.0,804.0,806.0,805.0,836.0,867.0,48000.0,47000.0,46689.0,45189.0,47010.0,45001.0,2.127659574468085,0.6661097903146351,3.319391887406227,-3.8736439055520098,4.464345236772516,-5.896990861755295,-7.358083344043459,-0.0180993877109625,10.245028107022994,-14.490482869164495,11.921745974240125,-6.6243295480581095,772.0,791.0,794.0,771.0,819.0,840.0,9.121405750798722,2.6212685037950196,8.928411992642989,-5.882254079763365,6.062388591800357,0.1213592233009708,12.802125311840332,1.7930592403981471,5.5254973525934306,-5.961005135343194,4.451206567121932,6.498934263430716,0.1438,0.1436,0.142,0.1279,0.1057,0.1221,3048.050048828125,3068.93994140625,3131.43994140625,3182.89990234375,3159.260009765625,3141.60009765625,-0.6806875656404286,-1.995886913671186,-1.6167634080986055,0.7482730925929317,0.5621311293741666,0.7368637283554206,0.7026789635485288,0.7507987220447284,0.7653808953951574,0.806932019071088,0.7900707551133594,0.802156862745098,-21.714643304130163,-17.28778467908903,23.88059701492537,-27.173913043478255,-0.0015596487670976,0.1089821256823092,0.2828089648879389,0.1492831591696476,0.5720823798627002,-0.228310502283092,-0.1256281407035104,-0.1254705144291198,-0.3880983182406173,-0.1291989664082797,0.5938242280285035,0.5973715651135005,829.0,-6.115515288788222,0.7463652444022606,-1.1472193790515184,3.587206220180244,-0.3121462628202929,0.605642308687775,7.459393310094192
2021-09-22,48000.0,2.127659574468085,802.0,-3.2569360675512664,0.7463652444022606,-0.3121462628202929,968.0,925.0,989.0,1055.0,775.0,897.0,1019.0,603.0,1142.0,864.0,1044.0,1023.0,1079.0,0.0,1.0,0.0,0.0,7.0,0.7,0.6,0.6,0.0,1.0,0.0,0.0,0.0,1.0,1.0,20000.0,0.0,33.0,36.0,40.0,52.0,48.0,46.0,804.0,806.0,805.0,836.0,867.0,830.0,47000.0,46689.0,45189.0,47010.0,45001.0,47821.0,0.6661097903146351,3.319391887406227,-3.8736439055520098,4.464345236772516,-5.896990861755295,-1.420325706039992,-0.0180993877109625,10.245028107022994,-14.490482869164495,11.921745974240125,-6.6243295480581095,-15.375972269899608,791.0,794.0,771.0,819.0,840.0,809.0,2.6212685037950196,8.928411992642989,-5.882254079763365,6.062388591800357,0.1213592233009708,-6.782678134721921,1.7930592403981471,5.5254973525934306,-5.961005135343194,4.451206567121932,6.498934263430716,-10.542865214395862,0.1436,0.142,0.1279,0.1057,0.1221,0.1348,3068.93994140625,3131.43994140625,3182.89990234375,3159.260009765625,3141.60009765625,3118.6201171875,-1.995886913671186,-1.6167634080986055,0.7482730925929317,0.5621311293741666,0.7368637283554206,-1.1051271722703158,0.7507987220447284,0.7653808953951574,0.806932019071088,0.7900707551133594,0.802156862745098,0.8534587378640777,-17.28778467908903,27.188940092165897,-27.173913043478255,10.892857142857142,0.1089821256823092,0.0212388496039579,0.1492831591696476,0.2522566617407592,-0.228310502283092,0.0,-0.1254705144291198,0.1256281407035283,-0.1291989664082797,0.3891050583657735,0.5973715651135005,-1.529411764705879,829.0,-6.115515288788222,-1.1472193790515184,3.587206220180244,2.569214735601976,0.605642308687775,7.459393310094192,8.480167350551131
2021-09-08,47000.0,0.6661097903146351,802.0,-3.2569360675512664,0.7463652444022606,-0.3121462628202929,968.0,925.0,989.0,1055.0,775.0,897.0,1019.0,603.0,1142.0,864.0,1044.0,1023.0,1079.0,0.0,1.0,0.0,0.0,7.0,0.7,0.6,0.6,0.0,1.0,0.0,0.0,0.0,1.0,1.0,20000.0,0.0,33.0,36.0,40.0,52.0,48.0,46.0,806.0,805.0,836.0,867.0,830.0,858.0,46689.0,45189.0,47010.0,45001.0,47821.0,48510.0,3.319391887406227,-3.8736439055520098,4.464345236772516,-5.896990861755295,-1.420325706039992,16.049855266620416,10.245028107022994,-14.490482869164495,11.921745974240125,-6.6243295480581095,-15.375972269899608,15.833367074061858,794.0,771.0,819.0,840.0,809.0,815.0,8.928411992642989,-5.882254079763365,6.062388591800357,0.1213592233009708,-6.782678134721921,3.4774225757028008,5.5254973525934306,-5.961005135343194,4.451206567121932,6.498934263430716,-10.542865214395862,1.9023475130558136,0.142,0.1279,0.1057,0.1221,0.1348,0.1318,3131.43994140625,3182.89990234375,3159.260009765625,3141.60009765625,3118.6201171875,3153.469970703125,-1.6167634080986055,0.7482730925929317,0.5621311293741666,0.7368637283554206,-1.1051271722703158,1.5868775110414253,0.7653808953951574,0.806932019071088,0.7900707551133594,0.802156862745098,0.8534587378640777,0.8070338884360079,-17.28778467908903,27.188940092165897,-27.173913043478255,10.892857142857142,0.1089821256823092,0.0212388496039579,0.1492831591696476,0.2522566617407592,-0.228310502283092,0.0,-0.1254705144291198,0.1256281407035283,-0.1291989664082797,0.3891050583657735,0.5973715651135005,-1.529411764705879,829.0,-6.115515288788222,-1.1472193790515184,3.587206220180244,2.569214735601976,0.605642308687775,7.459393310094192,8.480167350551131
2021-08-18,46689.0,3.319391887406227,802.0,-3.2569360675512664,-1.1472193790515184,0.605642308687775,925.0,989.0,1055.0,775.0,897.0,1019.0,603.0,1142.0,864.0,1044.0,1023.0,1079.0,1207.0,0.0,1.0,0.0,0.0,7.0,0.7,0.6,0.6,0.0,1.0,0.0,0.0,0.0,1.0,1.0,20000.0,0.0,36.0,40.0,38.0,48.0,46.0,44.0,805.0,836.0,867.0,830.0,858.0,835.0,45189.0,47010.0,45001.0,47821.0,48510.0,41801.0,-3.8736439055520098,4.464345236772516,-5.896990861755295,-1.420325706039992,16.049855266620416,-12.918211741177451,-14.490482869164495,11.921745974240125,-6.6243295480581095,-15.375972269899608,15.833367074061858,9.51420794774089,771.0,819.0,840.0,809.0,815.0,817.0,-5.882254079763365,6.062388591800357,0.1213592233009708,-6.782678134721921,3.4774225757028008,-3.186613556440726,-5.961005135343194,4.451206567121932,6.498934263430716,-10.542865214395862,1.9023475130558136,-12.24551039604544,0.1279,0.1057,0.1221,0.1348,0.1318,0.1709,3182.89990234375,3159.260009765625,3141.60009765625,3118.6201171875,3153.469970703125,3104.2099609375,0.7482730925929317,0.5621311293741666,0.7368637283554206,-1.1051271722703158,1.5868775110414253,-1.5658384754168988,0.806932019071088,0.7900707551133594,0.802156862745098,0.8534587378640777,0.8070338884360079,0.7196026786482811,27.188940092165897,-9.74450386215092,10.892857142857142,-4.599659284497445,0.0212388496039579,-0.1101331894010064,0.2522566617407592,0.1388709976404498,0.0,0.8055235903337038,0.1256281407035283,0.5050505050504942,0.3891050583657735,0.5215123859191545,-1.529411764705879,0.4728132387706923,829.0,-6.115515288788222,3.587206220180244,2.569214735601976,4.3871059290968,7.459393310094192,8.480167350551131,5.07227998985544
2021-08-04,45189.0,-3.8736439055520098,802.0,-3.2569360675512664,-1.1472193790515184,0.605642308687775,925.0,989.0,1055.0,775.0,897.0,1019.0,603.0,1142.0,864.0,1044.0,1023.0,1079.0,1207.0,0.0,1.0,0.0,0.0,7.0,0.7,0.6,0.6,0.0,1.0,0.0,0.0,0.0,1.0,1.0,20000.0,0.0,36.0,40.0,38.0,48.0,46.0,44.0,836.0,867.0,830.0,858.0,835.0,832.0,47010.0,45001.0,47821.0,48510.0,41801.0,48002.0,4.464345236772516,-5.896990861755295,-1.420325706039992,16.049855266620416,-12.918211741177451,-3.299758259468171,11.921745974240125,-6.6243295480581095,-15.375972269899608,15.833367074061858,9.51420794774089,-8.78428741800835,819.0,840.0,809.0,815.0,817.0,819.0,6.062388591800357,0.1213592233009708,-6.782678134721921,3.4774225757028008,-3.186613556440726,-1.943127962085308,4.451206567121932,6.498934263430716,-10.542865214395862,1.9023475130558136,-12.24551039604544,-8.385312549350415,0.1057,0.1221,0.1348,0.1318,0.1709,0.1349,3159.260009765625,3141.60009765625,3118.6201171875,3153.469970703125,3104.2099609375,3153.590087890625,0.5621311293741666,0.7368637283554206,-1.1051271722703158,1.5868775110414253,-1.5658384754168988,-0.046590894494103,0.7900707551133594,0.802156862745098,0.8534587378640777,0.8070338884360079,0.7196026786482811,0.8000199996666723,27.188940092165897,-9.74450386215092,10.892857142857142,-4.599659284497445,0.0212388496039579,-0.1101331894010064,0.2522566617407592,0.1388709976404498,0.0,0.8055235903337038,0.1256281407035283,0.5050505050504942,0.3891050583657735,0.5215123859191545,-1.529411764705879,0.4728132387706923,829.0,-6.115515288788222,3.587206220180244,2.569214735601976,4.3871059290968,7.459393310094192,8.480167350551131,5.07227998985544
2021-07-22,47010.0,4.464345236772516,829.0,-6.115515288788222,3.587206220180244,7.459393310094192,989.0,1055.0,775.0,897.0,1019.0,603.0,1142.0,864.0,1044.0,1023.0,1079.0,1207.0,1378.0,0.0,1.0,0.0,0.0,7.0,0.7,0.6,0.6,0.0,1.0,0.0,0.0,0.0,1.0,1.0,20000.0,0.0,40.0,38.0,47.0,46.0,44.0,52.0,867.0,830.0,858.0,835.0,832.0,890.0,45001.0,47821.0,48510.0,41801.0,48002.0,49640.0,-5.896990861755295,-1.420325706039992,16.049855266620416,-12.918211741177451,-3.299758259468171,8.859649122807017,-6.6243295480581095,-15.375972269899608,15.833367074061858,9.51420794774089,-8.78428741800835,5.598509289131151,840.0,809.0,815.0,817.0,819.0,956.0,0.1213592233009708,-6.782678134721921,3.4774225757028008,-3.186613556440726,-1.943127962085308,16.977957903993577,6.498934263430716,-10.542865214395862,1.9023475130558136,-12.24551039604544,-8.385312549350415,4.220203384618773,0.1221,0.1348,0.1318,0.1709,0.1349,0.1514,3141.60009765625,3118.6201171875,3153.469970703125,3104.2099609375,3153.590087890625,3155.06005859375,0.7368637283554206,-1.1051271722703158,1.5868775110414253,-1.5658384754168988,-0.046590894494103,-1.2735609384779776,0.802156862745098,0.8534587378640777,0.8070338884360079,0.7196026786482811,0.8000199996666723,0.8112436672658931,-9.74450386215092,-10.858050847457628,-4.599659284497445,-12.843355605048256,-0.1101331894010064,0.023717018521119,0.1388709976404498,0.2207317841173877,0.8055235903337038,-0.1149425287356256,0.5050505050504942,2.193548387096778,0.5215123859191545,3.0913978494623615,0.4728132387706923,-0.4705882352941243,883.0,-8.307372793354102,2.569214735601976,4.3871059290968,2.1402517090610433,8.480167350551131,5.07227998985544,-0.807110962034339
2021-07-07,45001.0,-5.896990861755295,829.0,-6.115515288788222,3.587206220180244,7.459393310094192,989.0,1055.0,775.0,897.0,1019.0,603.0,1142.0,864.0,1044.0,1023.0,1079.0,1207.0,1378.0,0.0,1.0,0.0,0.0,7.0,0.7,0.6,0.6,0.0,1.0,0.0,0.0,0.0,1.0,1.0,20000.0,0.0,40.0,38.0,47.0,46.0,44.0,52.0,830.0,858.0,835.0,832.0,890.0,883.0,47821.0,48510.0,41801.0,48002.0,49640.0,45600.0,-1.420325706039992,16.049855266620416,-12.918211741177451,-3.299758259468171,8.859649122807017,2.267375361636278,-15.375972269899608,15.833367074061858,9.51420794774089,-8.78428741800835,5.598509289131151,2.539441846075107,809.0,815.0,817.0,819.0,956.0,958.0,-6.782678134721921,3.4774225757028008,-3.186613556440726,-1.943127962085308,16.977957903993577,11.293376736665175,-10.542865214395862,1.9023475130558136,-12.24551039604544,-8.385312549350415,4.220203384618773,23.15140995459034,0.1348,0.1318,0.1709,0.1349,0.1514,0.228,3118.6201171875,3153.469970703125,3104.2099609375,3153.590087890625,3155.06005859375,3195.760009765625,-1.1051271722703158,1.5868775110414253,-1.5658384754168988,-0.046590894494103,-1.2735609384779776,2.769125468335635,0.8534587378640777,0.8070338884360079,0.7196026786482811,0.8000199996666723,0.8112436672658931,0.8717429123095451,-9.74450386215092,-10.858050847457628,-4.599659284497445,-12.843355605048256,-0.1101331894010064,0.023717018521119,0.1388709976404498,0.2207317841173877,0.8055235903337038,-0.1149425287356256,0.5050505050504942,2.193548387096778,0.5215123859191545,3.0913978494623615,0.4728132387706923,-0.4705882352941243,883.0,-8.307372793354102,2.569214735601976,4.3871059290968,2.1402517090610433,8.480167350551131,5.07227998985544,-0.807110962034339
2021-06-23,47821.0,-1.420325706039992,829.0,-6.115515288788222,2.569214735601976,8.480167350551131,1055.0,775.0,897.0,1019.0,603.0,1142.0,864.0,1044.0,1023.0,1079.0,1207.0,1378.0,1439.0,0.0,1.0,0.0,0.0,7.0,0.7,0.6,0.6,0.0,1.0,0.0,0.0,0.0,1.0,1.0,20000.0,0.0,38.0,47.0,35.0,44.0,52.0,53.0,858.0,835.0,832.0,890.0,883.0,886.0,48510.0,41801.0,48002.0,49640.0,45600.0,44589.0,16.049855266620416,-12.918211741177451,-3.299758259468171,8.859649122807017,2.267375361636278,6.17439756167254,15.833367074061858,9.51420794774089,-8.78428741800835,5.598509289131151,2.539441846075107,1.0500936554440208,815.0,817.0,819.0,956.0,958.0,946.0,3.4774225757028008,-3.186613556440726,-1.943127962085308,16.977957903993577,11.293376736665175,4.444345681207084,1.9023475130558136,-12.24551039604544,-8.385312549350415,4.220203384618773,23.15140995459034,8.548883226807828,0.1318,0.1709,0.1349,0.1514,0.228,0.2174,3153.469970703125,3104.2099609375,3153.590087890625,3155.06005859375,3195.760009765625,3109.64990234375,1.5868775110414253,-1.5658384754168988,-0.046590894494103,-1.2735609384779776,2.769125468335635,3.642210157015134,0.8070338884360079,0.7196026786482811,0.8000199996666723,0.8112436672658931,0.8717429123095451,0.9486819429373843,-10.858050847457628,22.83669486011711,-12.843355605048256,28.34683182467842,0.023717018521119,-0.009361104610344,0.2207317841173877,0.2810319239634974,-0.1149425287356256,0.2304147465437821,2.193548387096778,1.0430247718383274,3.0913978494623615,1.3623978201634876,-0.4705882352941243,0.9501187648456024,883.0,-8.307372793354102,4.3871059290968,2.1402517090610433,3.897701034032728,5.07227998985544,-0.807110962034339,4.639582327907691
2021-06-09,48510.0,16.049855266620416,829.0,-6.115515288788222,2.569214735601976,8.480167350551131,1055.0,775.0,897.0,1019.0,603.0,1142.0,864.0,1044.0,1023.0,1079.0,1207.0,1378.0,1439.0,0.0,1.0,0.0,0.0,7.0,0.7,0.6,0.6,0.0,1.0,0.0,0.0,0.0,1.0,1.0,20000.0,0.0,38.0,47.0,35.0,44.0,52.0,53.0,835.0,832.0,890.0,883.0,886.0,887.0,41801.0,48002.0,49640.0,45600.0,44589.0,41996.0,-12.918211741177451,-3.299758259468171,8.859649122807017,2.267375361636278,6.17439756167254,2.426770078778566,9.51420794774089,-8.78428741800835,5.598509289131151,2.539441846075107,1.0500936554440208,-2.4310734536011256,817.0,819.0,956.0,958.0,946.0,942.0,-3.186613556440726,-1.943127962085308,16.977957903993577,11.293376736665175,4.444345681207084,-2.1759923481587755,-12.24551039604544,-8.385312549350415,4.220203384618773,23.15140995459034,8.548883226807828,-4.0239726027397165,0.1709,0.1349,0.1514,0.228,0.2174,0.1992,3104.2099609375,3153.590087890625,3155.06005859375,3195.760009765625,3109.64990234375,3000.3701171875,-1.5658384754168988,-0.046590894494103,-1.2735609384779776,2.769125468335635,3.642210157015134,2.7372745595018126,0.7196026786482811,0.8000199996666723,0.8112436672658931,0.8717429123095451,0.9486819429373843,0.9332237061398636,-10.858050847457628,22.83669486011711,-12.843355605048256,28.34683182467842,0.023717018521119,-0.009361104610344,0.2207317841173877,0.2810319239634974,-0.1149425287356256,0.2304147465437821,2.193548387096778,1.0430247718383274,3.0913978494623615,1.3623978201634876,-0.4705882352941243,0.9501187648456024,883.0,-8.307372793354102,4.3871059290968,2.1402517090610433,3.897701034032728,5.07227998985544,-0.807110962034339,4.639582327907691
2021-05-19,41801.0,-12.918211741177451,829.0,-6.115515288788222,4.3871059290968,5.07227998985544,775.0,897.0,1019.0,603.0,1142.0,864.0,1044.0,1023.0,1079.0,1207.0,1378.0,1439.0,1360.0,0.0,1.0,0.0,0.0,7.0,0.7,0.6,0.6,0.0,1.0,0.0,0.0,0.0,1.0,1.0,20000.0,0.0,47.0,35.0,38.0,52.0,53.0,55.0,832.0,890.0,883.0,886.0,887.0,903.0,48002.0,49640.0,45600.0,44589.0,41996.0,41001.0,-3.299758259468171,8.859649122807017,2.267375361636278,6.17439756167254,2.426770078778566,-2.378571428571429,-8.78428741800835,5.598509289131151,2.539441846075107,1.0500936554440208,-2.4310734536011256,9.431827121495436,819.0,956.0,958.0,946.0,942.0,942.0,-1.943127962085308,16.977957903993577,11.293376736665175,4.444345681207084,-2.1759923481587755,-1.6841205385766187,-8.385312549350415,4.220203384618773,23.15140995459034,8.548883226807828,-4.0239726027397165,5.622395218998177,0.1349,0.1514,0.228,0.2174,0.1992,0.1754,3153.590087890625,3155.06005859375,3195.760009765625,3109.64990234375,3000.3701171875,2920.429931640625,-0.046590894494103,-1.2735609384779776,2.769125468335635,3.642210157015134,2.7372745595018126,-0.2404820248526447,0.8000199996666723,0.8112436672658931,0.8717429123095451,0.9486819429373843,0.9332237061398636,0.8912873353332463,22.83669486011711,-37.31647634584013,28.34683182467842,-25.00893176134334,-0.009361104610344,0.0840084195798954,0.2810319239634974,0.2853170946423086,0.2304147465437821,0.5793742757821553,1.0430247718383274,0.6561679790026247,1.3623978201634876,0.6858710562414266,0.9501187648456024,0.0,883.0,-8.307372793354102,2.1402517090610433,3.897701034032728,4.475968219839001,-0.807110962034339,4.639582327907691,6.801302626338355
2021-05-05,48002.0,-3.299758259468171,829.0,-6.115515288788222,4.3871059290968,5.07227998985544,775.0,897.0,1019.0,603.0,1142.0,864.0,1044.0,1023.0,1079.0,1207.0,1378.0,1439.0,1360.0,0.0,1.0,0.0,0.0,7.0,0.7,0.6,0.6,0.0,1.0,0.0,0.0,0.0,1.0,1.0,20000.0,0.0,47.0,35.0,38.0,52.0,53.0,55.0,890.0,883.0,886.0,887.0,903.0,885.0,49640.0,45600.0,44589.0,41996.0,41001.0,42000.0,8.859649122807017,2.267375361636278,6.17439756167254,2.426770078778566,-2.378571428571429,3.4253490605530796,5.598509289131151,2.539441846075107,1.0500936554440208,-2.4310734536011256,9.431827121495436,-6.658368644067804,956.0,958.0,946.0,942.0,942.0,943.0,16.977957903993577,11.293376736665175,4.444345681207084,-2.1759923481587755,-1.6841205385766187,-4.512152813207894,4.220203384618773,23.15140995459034,8.548883226807828,-4.0239726027397165,5.622395218998177,-13.974710352560097,0.1514,0.228,0.2174,0.1992,0.1754,0.1796,3155.06005859375,3195.760009765625,3109.64990234375,3000.3701171875,2920.429931640625,2927.469970703125,-1.2735609384779776,2.769125468335635,3.642210157015134,2.7372745595018126,-0.2404820248526447,-2.3776431124674975,0.8112436672658931,0.8717429123095451,0.9486819429373843,0.9332237061398636,0.8912873353332463,0.8976276982261167,22.83669486011711,-37.31647634584013,28.34683182467842,-25.00893176134334,-0.009361104610344,0.0840084195798954,0.2810319239634974,0.2853170946423086,0.2304147465437821,0.5793742757821553,1.0430247718383274,0.6561679790026247,1.3623978201634876,0.6858710562414266,0.9501187648456024,0.0,883.0,-8.307372793354102,2.1402517090610433,3.897701034032728,4.475968219839001,-0.807110962034339,4.639582327907691,6.801302626338355
2021-04-21,49640.0,8.859649122807017,883.0,-8.307372793354102,2.1402517090610433,-0.807110962034339,897.0,1019.0,603.0,1142.0,864.0,1044.0,1023.0,1079.0,1207.0,1378.0,1439.0,1360.0,1499.0,0.0,1.0,0.0,0.0,7.0,0.7,0.6,0.6,0.0,1.0,0.0,0.0,0.0,1.0,1.0,20000.0,0.0,35.0,38.0,36.0,53.0,55.0,53.0,883.0,886.0,887.0,903.0,885.0,963.0,45600.0,44589.0,41996.0,41001.0,42000.0,40609.0,2.267375361636278,6.17439756167254,2.426770078778566,-2.378571428571429,3.4253490605530796,0.0,2.539441846075107,1.0500936554440208,-2.4310734536011256,9.431827121495436,-6.658368644067804,0.0,958.0,946.0,942.0,942.0,943.0,1023.0,11.293376736665175,4.444345681207084,-2.1759923481587755,-1.6841205385766187,-4.512152813207894,0.0,23.15140995459034,8.548883226807828,-4.0239726027397165,5.622395218998177,-13.974710352560097,0.0,0.228,0.2174,0.1992,0.1754,0.1796,0.2641,3195.760009765625,3109.64990234375,3000.3701171875,2920.429931640625,2927.469970703125,2998.77001953125,2.769125468335635,3.642210157015134,2.7372745595018126,-0.2404820248526447,-2.3776431124674975,4.741862910103438,0.8717429123095451,0.9486819429373843,0.9332237061398636,0.8912873353332463,0.8976276982261167,0.8287381890165507,-37.31647634584013,89.93028659953525,-25.00893176134334,7.077276205049731,0.0840084195798954,0.3349658610565368,0.2853170946423086,0.4363631737469666,0.5793742757821553,-0.1157407407407506,0.6561679790026247,1.0610079575596778,0.6858710562414266,1.2500000000000078,0.0,0.8383233532934166,963.0,-2.1341463414634148,3.897701034032728,4.475968219839001,2.2357451143339677,4.639582327907691,6.801302626338355,4.836174288942378
2021-04-07,45600.0,2.267375361636278,883.0,-8.307372793354102,2.1402517090610433,-0.807110962034339,897.0,1019.0,603.0,1142.0,864.0,1044.0,1023.0,1079.0,1207.0,1378.0,1439.0,1360.0,1499.0,0.0,1.0,0.0,0.0,7.0,0.7,0.6,0.6,0.0,1.0,0.0,0.0,0.0,1.0,1.0,20000.0,0.0,35.0,38.0,36.0,53.0,55.0,53.0,886.0,887.0,903.0,885.0,963.0,963.0,44589.0,41996.0,41001.0,42000.0,40609.0,40609.0,6.17439756167254,2.426770078778566,-2.378571428571429,3.4253490605530796,0.0,0.1306834993589111,1.0500936554440208,-2.4310734536011256,9.431827121495436,-6.658368644067804,0.0,-8.198497656334991,946.0,942.0,942.0,943.0,1023.0,1023.0,4.444345681207084,-2.1759923481587755,-1.6841205385766187,-4.512152813207894,0.0,-0.6064908722109533,8.548883226807828,-4.0239726027397165,5.622395218998177,-13.974710352560097,0.0,-15.579680829577002,0.2174,0.1992,0.1754,0.1796,0.2641,0.2425,3109.64990234375,3000.3701171875,2920.429931640625,2927.469970703125,2998.77001953125,2863.010009765625,3.642210157015134,2.7372745595018126,-0.2404820248526447,-2.3776431124674975,4.741862910103438,1.0450380617780752,0.9486819429373843,0.9332237061398636,0.8912873353332463,0.8976276982261167,0.8287381890165507,0.8287381890165507,-37.31647634584013,89.93028659953525,-25.00893176134334,7.077276205049731,0.0840084195798954,0.3349658610565368,0.2853170946423086,0.4363631737469666,0.5793742757821553,-0.1157407407407506,0.6561679790026247,1.0610079575596778,0.6858710562414266,1.2500000000000078,0.0,0.8383233532934166,963.0,-2.1341463414634148,3.897701034032728,4.475968219839001,2.2357451143339677,4.639582327907691,6.801302626338355,4.836174288942378
2021-03-17,44589.0,6.17439756167254,883.0,-8.307372793354102,3.897701034032728,4.639582327907691,1019.0,603.0,1142.0,864.0,1044.0,1023.0,1079.0,1207.0,1378.0,1439.0,1360.0,1499.0,2349.0,0.0,1.0,0.0,0.0,7.0,0.7,0.6,0.6,0.0,1.0,0.0,0.0,0.0,1.0,1.0,20000.0,0.0,38.0,36.0,34.0,55.0,53.0,48.0,887.0,903.0,885.0,963.0,963.0,969.0,41996.0,41001.0,42000.0,40609.0,40609.0,40556.0,2.426770078778566,-2.378571428571429,3.4253490605530796,0.0,0.1306834993589111,-0.3880728987571842,-2.4310734536011256,9.431827121495436,-6.658368644067804,0.0,-8.198497656334991,-12.590681496770252,942.0,942.0,943.0,1023.0,1023.0,1009.0,-2.1759923481587755,-1.6841205385766187,-4.512152813207894,0.0,-0.6064908722109533,9.526348529281082,-4.0239726027397165,5.622395218998177,-13.974710352560097,0.0,-15.579680829577002,-2.276416457490061,0.1992,0.1754,0.1796,0.2641,0.2425,0.1208,3000.3701171875,2920.429931640625,2927.469970703125,2998.77001953125,2863.010009765625,2833.39990234375,2.7372745595018126,-0.2404820248526447,-2.3776431124674975,4.741862910103438,1.0450380617780752,-0.3401311182318231,0.9332237061398636,0.8912873353332463,0.8976276982261167,0.8287381890165507,0.8287381890165507,0.8226369168356998,89.93028659953525,-29.02693787795492,7.077276205049731,-7.95774647887324,0.3349658610565368,-0.0419706143057152,0.4363631737469666,0.326746289802261,-0.1157407407407506,0.465116279069774,1.0610079575596778,1.6172506738544514,1.2500000000000078,2.2727272727272645,0.8383233532934166,0.2400960384153695,963.0,-2.1341463414634148,4.475968219839001,2.2357451143339677,2.2700479780671694,6.801302626338355,4.836174288942378,1.749387714299995
2021-03-03,41996.0,2.426770078778566,883.0,-8.307372793354102,3.897701034032728,4.639582327907691,1019.0,603.0,1142.0,864.0,1044.0,1023.0,1079.0,1207.0,1378.0,1439.0,1360.0,1499.0,2349.0,0.0,1.0,0.0,0.0,7.0,0.7,0.6,0.6,0.0,1.0,0.0,0.0,0.0,1.0,1.0,20000.0,0.0,38.0,36.0,34.0,55.0,53.0,48.0,903.0,885.0,963.0,963.0,969.0,978.0,41001.0,42000.0,40609.0,40609.0,40556.0,40714.0,-2.378571428571429,3.4253490605530796,0.0,0.1306834993589111,-0.3880728987571842,8.023348368267445,9.431827121495436,-6.658368644067804,0.0,-8.198497656334991,-12.590681496770252,18.299878743075062,942.0,943.0,1023.0,1023.0,1009.0,1035.0,-1.6841205385766187,-4.512152813207894,0.0,-0.6064908722109533,9.526348529281082,9.515583562443735,5.622395218998177,-13.974710352560097,0.0,-15.579680829577002,-2.276416457490061,6.84317024724756,0.1754,0.1796,0.2641,0.2425,0.1208,0.1131,2920.429931640625,2927.469970703125,2998.77001953125,2863.010009765625,2833.39990234375,2843.070068359375,-0.2404820248526447,-2.3776431124674975,4.741862910103438,1.0450380617780752,-0.3401311182318231,1.9536747514569388,0.8912873353332463,0.8976276982261167,0.8287381890165507,0.8287381890165507,0.8226369168356998,0.904514351728428,89.93028659953525,-29.02693787795492,7.077276205049731,-7.95774647887324,0.3349658610565368,-0.0419706143057152,0.4363631737469666,0.326746289802261,-0.1157407407407506,0.465116279069774,1.0610079575596778,1.6172506738544514,1.2500000000000078,2.2727272727272645,0.8383233532934166,0.2400960384153695,963.0,-2.1341463414634148,4.475968219839001,2.2357451143339677,2.2700479780671694,6.801302626338355,4.836174288942378,1.749387714299995
2021-02-17,41001.0,-2.378571428571429,883.0,-8.307372793354102,4.475968219839001,6.801302626338355,603.0,1142.0,864.0,1044.0,1023.0,1079.0,1207.0,1378.0,1439.0,1360.0,1499.0,2349.0,1873.0,0.0,1.0,0.0,0.0,7.0,0.7,0.6,0.6,0.0,1.0,0.0,0.0,0.0,1.0,1.0,20000.0,0.0,36.0,34.0,32.0,53.0,48.0,48.0,885.0,963.0,963.0,969.0,978.0,972.0,42000.0,40609.0,40609.0,40556.0,40714.0,37690.0,3.4253490605530796,0.0,0.1306834993589111,-0.3880728987571842,8.023348368267445,4.723534315087524,-6.658368644067804,0.0,-8.198497656334991,-12.590681496770252,18.299878743075062,7.289934325944185,943.0,1023.0,1023.0,1009.0,1035.0,1007.0,-4.512152813207894,0.0,-0.6064908722109533,9.526348529281082,9.515583562443735,5.387179487179488,-13.974710352560097,0.0,-15.579680829577002,-2.276416457490061,6.84317024724756,10.833143262182377,0.1796,0.2641,0.2425,0.1208,0.1131,0.1184,2927.469970703125,2998.77001953125,2863.010009765625,2833.39990234375,2843.070068359375,2788.590087890625,-2.3776431124674975,4.741862910103438,1.0450380617780752,-0.3401311182318231,1.9536747514569388,10.835146127477742,0.8976276982261167,0.8287381890165507,0.8287381890165507,0.8226369168356998,0.904514351728428,0.9170093185080656,-29.02693787795492,-13.008130081300814,-7.95774647887324,7.169811320754717,-0.0419706143057152,0.098132042463271,0.326746289802261,0.4030307399042081,0.465116279069774,0.3500583430571728,1.6172506738544514,-0.1345895020188348,2.2727272727272645,-0.2832861189801539,0.2400960384153695,0.1201923076923008,963.0,-2.1341463414634148,2.2357451143339677,2.2700479780671694,3.6221590909090913,4.836174288942378,1.749387714299995,4.704835670923173
2021-02-03,42000.0,3.4253490605530796,883.0,-8.307372793354102,4.475968219839001,6.801302626338355,603.0,1142.0,864.0,1044.0,1023.0,1079.0,1207.0,1378.0,1439.0,1360.0,1499.0,2349.0,1873.0,0.0,1.0,0.0,0.0,7.0,0.7,0.6,0.6,0.0,1.0,0.0,0.0,0.0,1.0,1.0,20000.0,0.0,36.0,34.0,32.0,53.0,48.0,48.0,963.0,963.0,969.0,978.0,972.0,967.0,40609.0,40609.0,40556.0,40714.0,37690.0,35990.0,0.0,0.1306834993589111,-0.3880728987571842,8.023348368267445,4.723534315087524,-3.599935715433653,0.0,-8.198497656334991,-12.590681496770252,18.299878743075062,7.289934325944185,-9.641604544839884,1023.0,1023.0,1009.0,1035.0,1007.0,1013.0,0.0,-0.6064908722109533,9.526348529281082,9.515583562443735,5.387179487179488,-4.854842644547451,0.0,-15.579680829577002,-2.276416457490061,6.84317024724756,10.833143262182377,-12.9170624646886,0.2641,0.2425,0.1208,0.1131,0.1184,0.1454,2998.77001953125,2863.010009765625,2833.39990234375,2843.070068359375,2788.590087890625,2515.97998046875,4.741862910103438,1.0450380617780752,-0.3401311182318231,1.9536747514569388,10.835146127477742,-0.3812990344323323,0.8287381890165507,0.8287381890165507,0.8226369168356998,0.904514351728428,0.9170093185080656,0.9228205128205128,-29.02693787795492,-13.008130081300814,-7.95774647887324,7.169811320754717,-0.0419706143057152,0.098132042463271,0.326746289802261,0.4030307399042081,0.465116279069774,0.3500583430571728,1.6172506738544514,-0.1345895020188348,2.2727272727272645,-0.2832861189801539,0.2400960384153695,0.1201923076923008,963.0,-2.1341463414634148,2.2357451143339677,2.2700479780671694,3.6221590909090913,4.836174288942378,1.749387714299995,4.704835670923173
2021-01-20,40609.0,0.0,963.0,-2.1341463414634148,2.2357451143339677,4.836174288942378,1142.0,864.0,1044.0,1023.0,1079.0,1207.0,1378.0,1439.0,1360.0,1499.0,2349.0,1873.0,3507.0,0.0,1.0,0.0,0.0,7.0,0.7,0.6,0.6,0.0,1.0,0.0,0.0,0.0,1.0,1.0,20000.0,0.0,34.0,32.0,35.0,48.0,48.0,51.0,963.0,969.0,978.0,972.0,967.0,916.0,40609.0,40556.0,40714.0,37690.0,35990.0,37334.0,0.1306834993589111,-0.3880728987571842,8.023348368267445,4.723534315087524,-3.599935715433653,2.189741063119286,-8.198497656334991,-12.590681496770252,18.299878743075062,7.289934325944185,-9.641604544839884,3.5552442943066698,1023.0,1009.0,1035.0,1007.0,1013.0,793.0,-0.6064908722109533,9.526348529281082,9.515583562443735,5.387179487179488,-4.854842644547451,0.7372818874416318,-15.579680829577002,-2.276416457490061,6.84317024724756,10.833143262182377,-12.9170624646886,6.013827890594427,0.2425,0.1208,0.1131,0.1184,0.1454,0.1232,2863.010009765625,2833.39990234375,2843.070068359375,2788.590087890625,2515.97998046875,2525.610107421875,1.0450380617780752,-0.3401311182318231,1.9536747514569388,10.835146127477742,-0.3812990344323323,-0.5022927977287563,0.8287381890165507,0.8226369168356998,0.904514351728428,0.9170093185080656,0.9228205128205128,0.9108075140278117,-13.008130081300814,5.712841253791709,7.169811320754717,2.7928626842513578,0.098132042463271,0.179970790081191,0.4030307399042081,0.3185020440696269,0.3500583430571728,-0.464576074332162,-0.1345895020188348,-0.1344086021505491,-0.2832861189801539,-0.1414427157001535,0.1201923076923008,0.0,984.0,-23.364485981308412,2.2700479780671694,3.6221590909090913,6.216053108026554,1.749387714299995,4.704835670923173,9.391727493917276
2021-01-06,40609.0,0.1306834993589111,963.0,-2.1341463414634148,2.2357451143339677,4.836174288942378,1142.0,864.0,1044.0,1023.0,1079.0,1207.0,1378.0,1439.0,1360.0,1499.0,2349.0,1873.0,3507.0,0.0,1.0,0.0,0.0,7.0,0.7,0.6,0.6,0.0,1.0,0.0,0.0,0.0,1.0,0.0,0.0,0.0,34.0,32.0,35.0,48.0,48.0,51.0,969.0,978.0,972.0,967.0,916.0,912.0,40556.0,40714.0,37690.0,35990.0,37334.0,36534.0,-0.3880728987571842,8.023348368267445,4.723534315087524,-3.599935715433653,2.189741063119286,-5.116351547891129,-12.590681496770252,18.299878743075062,7.289934325944185,-9.641604544839884,3.5552442943066698,-6.353383458646619,1009.0,1035.0,1007.0,1013.0,793.0,805.0,9.526348529281082,9.515583562443735,5.387179487179488,-4.854842644547451,0.7372818874416318,-0.7294640025372662,-2.276416457490061,6.84317024724756,10.833143262182377,-12.9170624646886,6.013827890594427,-7.822601725189515,0.1208,0.1131,0.1184,0.1454,0.1232,0.1031,2833.39990234375,2843.070068359375,2788.590087890625,2515.97998046875,2525.610107421875,2538.360107421875,-0.3401311182318231,1.9536747514569388,10.835146127477742,-0.3812990344323323,-0.5022927977287563,2.3062067163126825,0.8226369168356998,0.904514351728428,0.9170093185080656,0.9228205128205128,0.9108075140278117,0.8978618825264193,-13.008130081300814,5.712841253791709,7.169811320754717,2.7928626842513578,0.098132042463271,0.179970790081191,0.4030307399042081,0.3185020440696269,0.3500583430571728,-0.464576074332162,-0.1345895020188348,-0.1344086021505491,-0.2832861189801539,-0.1414427157001535,0.1201923076923008,0.0,984.0,-23.364485981308412,2.2700479780671694,3.6221590909090913,6.216053108026554,1.749387714299995,4.704835670923173,9.391727493917276
2020-12-23,40556.0,-0.3880728987571842,963.0,-2.1341463414634148,2.2700479780671694,1.749387714299995,864.0,1044.0,1023.0,1079.0,1207.0,1378.0,1439.0,1360.0,1499.0,2349.0,1873.0,3507.0,2153.0,0.0,1.0,0.0,0.0,7.0,0.7,0.6,0.6,0.0,1.0,0.0,0.0,0.0,1.0,0.0,0.0,0.0,32.0,35.0,41.0,48.0,51.0,48.0,978.0,972.0,967.0,916.0,912.0,1034.0,40714.0,37690.0,35990.0,37334.0,36534.0,38504.0,8.023348368267445,4.723534315087524,-3.599935715433653,2.189741063119286,-5.116351547891129,1.954138643224064,18.299878743075062,7.289934325944185,-9.641604544839884,3.5552442943066698,-6.353383458646619,-11.255649873222366,1035.0,1007.0,1013.0,793.0,805.0,912.0,9.515583562443735,5.387179487179488,-4.854842644547451,0.7372818874416318,-0.7294640025372662,-1.255119248373886,6.84317024724756,10.833143262182377,-12.9170624646886,6.013827890594427,-7.822601725189515,-13.477059996931098,0.1131,0.1184,0.1454,0.1232,0.1031,0.1023,2843.070068359375,2788.590087890625,2515.97998046875,2525.610107421875,2538.360107421875,2481.139892578125,1.9536747514569388,10.835146127477742,-0.3812990344323323,-0.5022927977287563,2.3062067163126825,-0.7278024501878237,0.904514351728428,0.9170093185080656,0.9228205128205128,0.9108075140278117,0.8978618825264193,0.9393739783844446,5.712841253791709,-13.131313131313131,2.7928626842513578,-11.011391094235416,0.179970790081191,0.1387036710867322,0.3185020440696269,0.2813669340673153,-0.464576074332162,0.3496503496503463,-0.1344086021505491,1.3623978201634876,-0.1414427157001535,1.8731988472622436,0.0,0.3618817852834706,984.0,1.1305241521068858,3.6221590909090913,6.216053108026554,2.951227089158124,4.704835670923173,9.391727493917276,6.140244272953758
2020-12-09,40714.0,8.023348368267445,963.0,-2.1341463414634148,2.2700479780671694,1.749387714299995,864.0,1044.0,1023.0,1079.0,1207.0,1378.0,1439.0,1360.0,1499.0,2349.0,1873.0,3507.0,2153.0,0.0,1.0,0.0,0.0,7.0,0.7,0.6,0.6,0.0,1.0,0.0,0.0,0.0,1.0,0.0,0.0,0.0,32.0,35.0,41.0,48.0,51.0,48.0,972.0,967.0,916.0,912.0,1034.0,1035.0,37690.0,35990.0,37334.0,36534.0,38504.0,37766.0,4.723534315087524,-3.599935715433653,2.189741063119286,-5.116351547891129,1.954138643224064,5.757490898907869,7.289934325944185,-9.641604544839884,3.5552442943066698,-6.353383458646619,-11.255649873222366,-17.326263023800152,1007.0,1013.0,793.0,805.0,912.0,904.0,5.387179487179488,-4.854842644547451,0.7372818874416318,-0.7294640025372662,-1.255119248373886,6.9790216999123755,10.833143262182377,-12.9170624646886,6.013827890594427,-7.822601725189515,-13.477059996931098,1.3923192809670455,0.1184,0.1454,0.1232,0.1031,0.1023,0.1008,2788.590087890625,2515.97998046875,2525.610107421875,2538.360107421875,2481.139892578125,2499.330078125,10.835146127477742,-0.3812990344323323,-0.5022927977287563,2.3062067163126825,-0.7278024501878237,-2.409566425993468,0.9170093185080656,0.9228205128205128,0.9108075140278117,0.8978618825264193,0.9393739783844446,0.9098048662972777,5.712841253791709,-13.131313131313131,2.7928626842513578,-11.011391094235416,0.179970790081191,0.1387036710867322,0.3185020440696269,0.2813669340673153,-0.464576074332162,0.3496503496503463,-0.1344086021505491,1.3623978201634876,-0.1414427157001535,1.8731988472622436,0.0,0.3618817852834706,984.0,1.1305241521068858,3.6221590909090913,6.216053108026554,2.951227089158124,4.704835670923173,9.391727493917276,6.140244272953758
2020-11-18,37690.0,4.723534315087524,963.0,-2.1341463414634148,3.6221590909090913,4.704835670923173,1044.0,1023.0,1079.0,1207.0,1378.0,1439.0,1360.0,1499.0,2349.0,1873.0,3507.0,2153.0,2417.0,0.0,1.0,0.0,0.0,7.0,0.7,0.6,0.6,0.0,1.0,0.0,0.0,0.0,1.0,0.0,0.0,0.0,35.0,41.0,48.0,51.0,48.0,52.0,967.0,916.0,912.0,1034.0,1035.0,1034.0,35990.0,37334.0,36534.0,38504.0,37766.0,35710.0,-3.599935715433653,2.189741063119286,-5.116351547891129,1.954138643224064,5.757490898907869,8.212121212121213,-9.641604544839884,3.5552442943066698,-6.353383458646619,-11.255649873222366,-17.326263023800152,1.3502800248323088,1013.0,793.0,805.0,912.0,904.0,923.0,-4.854842644547451,0.7372818874416318,-0.7294640025372662,-1.255119248373886,6.9790216999123755,4.581963236483209,-12.9170624646886,6.013827890594427,-7.822601725189515,-13.477059996931098,1.3923192809670455,-12.149135853680496,0.1454,0.1232,0.1031,0.1023,0.1008,0.1281,2515.97998046875,2525.610107421875,2538.360107421875,2481.139892578125,2499.330078125,2561.0400390625,-0.3812990344323323,-0.5022927977287563,2.3062067163126825,-0.7278024501878237,-2.409566425993468,1.119367088436767,0.9228205128205128,0.9108075140278117,0.8978618825264193,0.9393739783844446,0.9098048662972777,0.9203133859079429,-13.131313131313131,19.27710843373494,-11.011391094235416,-0.5151098901098901,0.1387036710867322,0.1660276544734529,0.2813669340673153,0.3580623876001087,0.3496503496503463,0.7042253521126693,1.3623978201634876,0.9628610729023422,1.8731988472622436,1.1661807580175094,0.3618817852834706,0.6067961165048543,984.0,1.1305241521068858,6.216053108026554,2.951227089158124,-2.0836501901140685,9.391727493917276,6.140244272953758,-1.948284080076263
2020-11-04,35990.0,-3.599935715433653,963.0,-2.1341463414634148,3.6221590909090913,4.704835670923173,1044.0,1023.0,1079.0,1207.0,1378.0,1439.0,1360.0,1499.0,2349.0,1873.0,3507.0,2153.0,2417.0,0.0,1.0,0.0,0.0,7.0,0.7,0.6,0.6,0.0,1.0,0.0,0.0,0.0,1.0,0.0,0.0,0.0,35.0,41.0,48.0,51.0,48.0,52.0,916.0,912.0,1034.0,1035.0,1034.0,1022.0,37334.0,36534.0,38504.0,37766.0,35710.0,33000.0,2.189741063119286,-5.116351547891129,1.954138643224064,5.757490898907869,8.212121212121213,0.9205174470167284,3.5552442943066698,-6.353383458646619,-11.255649873222366,-17.326263023800152,1.3502800248323088,5.10373394968637,793.0,805.0,912.0,904.0,923.0,932.0,0.7372818874416318,-0.7294640025372662,-1.255119248373886,6.9790216999123755,4.581963236483209,6.002685637553213,6.013827890594427,-7.822601725189515,-13.477059996931098,1.3923192809670455,-12.149135853680496,14.210657939742266,0.1232,0.1031,0.1023,0.1008,0.1281,0.0898,2525.610107421875,2538.360107421875,2481.139892578125,2499.330078125,2561.0400390625,2532.68994140625,-0.5022927977287563,2.3062067163126825,-0.7278024501878237,-2.409566425993468,1.119367088436767,-2.3834793659098192,0.9108075140278117,0.8978618825264193,0.9393739783844446,0.9098048662972777,0.9203133859079429,0.8894399223761522,-13.131313131313131,19.27710843373494,-11.011391094235416,-0.5151098901098901,0.1387036710867322,0.1660276544734529,0.2813669340673153,0.3580623876001087,0.3496503496503463,0.7042253521126693,1.3623978201634876,0.9628610729023422,1.8731988472622436,1.1661807580175094,0.3618817852834706,0.6067961165048543,984.0,1.1305241521068858,6.216053108026554,2.951227089158124,-2.0836501901140685,9.391727493917276,6.140244272953758,-1.948284080076263
2020-10-21,37334.0,2.189741063119286,984.0,-23.364485981308412,6.216053108026554,9.391727493917276,1023.0,1079.0,1207.0,1378.0,1439.0,1360.0,1499.0,2349.0,1873.0,3507.0,2153.0,2417.0,2755.0,0.0,1.0,0.0,0.0,7.0,0.7,0.6,0.6,0.0,1.0,0.0,0.0,0.0,1.0,0.0,0.0,0.0,41.0,48.0,69.0,48.0,52.0,51.0,912.0,1034.0,1035.0,1034.0,1022.0,1304.0,36534.0,38504.0,37766.0,35710.0,33000.0,32699.0,-5.116351547891129,1.954138643224064,5.757490898907869,8.212121212121213,0.9205174470167284,-2.4492840095465396,-6.353383458646619,-11.255649873222366,-17.326263023800152,1.3502800248323088,5.10373394968637,-19.751229098313843,805.0,912.0,904.0,923.0,932.0,1339.0,-0.7294640025372662,-1.255119248373886,6.9790216999123755,4.581963236483209,6.002685637553213,-2.4742957452144108,-7.822601725189515,-13.477059996931098,1.3923192809670455,-12.149135853680496,14.210657939742266,-23.81365746211512,0.1031,0.1023,0.1008,0.1281,0.0898,0.0726,2538.360107421875,2481.139892578125,2499.330078125,2561.0400390625,2532.68994140625,2594.530029296875,2.3062067163126825,-0.7278024501878237,-2.409566425993468,1.119367088436767,-2.3834793659098192,-2.8080255483901886,0.8978618825264193,0.9393739783844446,0.9098048662972777,0.9203133859079429,0.8894399223761522,0.9342304505585555,19.27710843373494,-15.155555555555557,-0.5151098901098901,6.588579795021962,0.1660276544734529,-1.1553061561313749,0.3580623876001087,-0.5244631492242451,0.7042253521126693,-0.8149010477299218,0.9628610729023422,-0.9536784741144452,1.1661807580175094,-1.1527377521613995,0.6067961165048543,-0.961538461538458,1284.0,26.129666011787815,2.951227089158124,-2.0836501901140685,-0.999789201072063,6.140244272953758,-1.948284080076263,-5.217980573751976
2020-10-07,36534.0,-5.116351547891129,984.0,-23.364485981308412,6.216053108026554,9.391727493917276,1023.0,1079.0,1207.0,1378.0,1439.0,1360.0,1499.0,2349.0,1873.0,3507.0,2153.0,2417.0,2755.0,0.0,1.0,0.0,0.0,7.0,0.7,0.6,0.6,0.0,1.0,0.0,0.0,0.0,1.0,0.0,0.0,0.0,41.0,48.0,69.0,48.0,52.0,51.0,1034.0,1035.0,1034.0,1022.0,1304.0,1289.0,38504.0,37766.0,35710.0,33000.0,32699.0,33520.0,1.954138643224064,5.757490898907869,8.212121212121213,0.9205174470167284,-2.4492840095465396,7.401473886574816,-11.255649873222366,-17.326263023800152,1.3502800248323088,5.10373394968637,-19.751229098313843,64.10727047299486,912.0,904.0,923.0,932.0,1339.0,1291.0,-1.255119248373886,6.9790216999123755,4.581963236483209,6.002685637553213,-2.4742957452144108,19.58216713314674,-13.477059996931098,1.3923192809670455,-12.149135853680496,14.210657939742266,-23.81365746211512,77.75499487951842,0.1023,0.1008,0.1281,0.0898,0.0726,0.1079,2481.139892578125,2499.330078125,2561.0400390625,2532.68994140625,2594.530029296875,2669.489990234375,-0.7278024501878237,-2.409566425993468,1.119367088436767,-2.3834793659098192,-2.8080255483901886,10.053918637912744,0.9393739783844446,0.9098048662972777,0.9203133859079429,0.8894399223761522,0.9342304505585555,0.9339909164367912,19.27710843373494,-15.155555555555557,-0.5151098901098901,6.588579795021962,0.1660276544734529,-1.1553061561313749,0.3580623876001087,-0.5244631492242451,0.7042253521126693,-0.8149010477299218,0.9628610729023422,-0.9536784741144452,1.1661807580175094,-1.1527377521613995,0.6067961165048543,-0.961538461538458,1284.0,26.129666011787815,2.951227089158124,-2.0836501901140685,-0.999789201072063,6.140244272953758,-1.948284080076263,-5.217980573751976
2020-09-23,38504.0,1.954138643224064,984.0,1.1305241521068858,2.951227089158124,6.140244272953758,1079.0,1207.0,1378.0,1439.0,1360.0,1499.0,2349.0,1873.0,3507.0,2153.0,2417.0,2755.0,2693.0,0.0,1.0,0.0,0.0,7.0,0.7,0.6,0.6,0.0,1.0,0.0,0.0,0.0,1.0,0.0,0.0,0.0,48.0,69.0,41.0,52.0,51.0,48.0,1035.0,1034.0,1022.0,1304.0,1289.0,982.0,37766.0,35710.0,33000.0,32699.0,33520.0,31210.0,5.757490898907869,8.212121212121213,0.9205174470167284,-2.4492840095465396,7.401473886574816,-4.5536560751093305,-17.326263023800152,1.3502800248323088,5.10373394968637,-19.751229098313843,64.10727047299486,-1.4476453602164865,904.0,923.0,932.0,1339.0,1291.0,992.0,6.9790216999123755,4.581963236483209,6.002685637553213,-2.4742957452144108,19.58216713314674,-8.502789549099113,1.3923192809670455,-12.149135853680496,14.210657939742266,-23.81365746211512,77.75499487951842,0.8994001005819305,0.1008,0.1281,0.0898,0.0726,0.1079,0.7559,2499.330078125,2561.0400390625,2532.68994140625,2594.530029296875,2669.489990234375,2425.6201171875,-2.409566425993468,1.119367088436767,-2.3834793659098192,-2.8080255483901886,10.053918637912744,-19.815007001722204,0.9098048662972777,0.9203133859079429,0.8894399223761522,0.9342304505585555,0.9339909164367912,1.0399173663867787,-15.155555555555557,10.94674556213018,6.588579795021962,3.878326996197719,-1.1553061561313749,-0.0457553365662954,-0.5244631492242451,0.1459684669444256,-0.8149010477299218,-0.3480278422273749,-0.9536784741144452,-1.3440860215053765,-1.1527377521613995,-1.5602836879432544,-0.961538461538458,-1.304863582443647,973.0,-4.4204322200392925,-2.0836501901140685,-0.999789201072063,0.5115321750711302,-1.948284080076263,-5.217980573751976,-6.973812087940952
2020-09-09,37766.0,5.757490898907869,984.0,1.1305241521068858,2.951227089158124,6.140244272953758,1079.0,1207.0,1378.0,1439.0,1360.0,1499.0,2349.0,1873.0,3507.0,2153.0,2417.0,2755.0,2693.0,0.0,1.0,0.0,0.0,7.0,0.7,0.6,0.6,0.0,1.0,0.0,0.0,0.0,1.0,0.0,0.0,0.0,48.0,69.0,41.0,52.0,51.0,48.0,1034.0,1022.0,1304.0,1289.0,982.0,978.0,35710.0,33000.0,32699.0,33520.0,31210.0,32699.0,8.212121212121213,0.9205174470167284,-2.4492840095465396,7.401473886574816,-4.5536560751093305,-0.9091184581350952,1.3502800248323088,5.10373394968637,-19.751229098313843,64.10727047299486,-1.4476453602164865,-7.808618245911323,923.0,932.0,1339.0,1291.0,992.0,987.0,4.581963236483209,6.002685637553213,-2.4742957452144108,19.58216713314674,-8.502789549099113,-0.2675666636261364,-12.149135853680496,14.210657939742266,-23.81365746211512,77.75499487951842,0.8994001005819305,-7.676490747087042,0.1281,0.0898,0.0726,0.1079,0.7559,0.9426,2561.0400390625,2532.68994140625,2594.530029296875,2669.489990234375,2425.6201171875,3025.030029296875,1.119367088436767,-2.3834793659098192,-2.8080255483901886,10.053918637912744,-19.815007001722204,-5.871093967222341,0.9203133859079429,0.8894399223761522,0.9342304505585555,0.9339909164367912,1.0399173663867787,0.9968903387091856,-15.155555555555557,10.94674556213018,6.588579795021962,3.878326996197719,-1.1553061561313749,-0.0457553365662954,-0.5244631492242451,0.1459684669444256,-0.8149010477299218,-0.3480278422273749,-0.9536784741144452,-1.3440860215053765,-1.1527377521613995,-1.5602836879432544,-0.961538461538458,-1.304863582443647,973.0,-4.4204322200392925,-2.0836501901140685,-0.999789201072063,0.5115321750711302,-1.948284080076263,-5.217980573751976,-6.973812087940952
2020-08-19,35710.0,8.212121212121213,984.0,1.1305241521068858,-2.0836501901140685,-1.948284080076263,1207.0,1378.0,1439.0,1360.0,1499.0,2349.0,1873.0,3507.0,2153.0,2417.0,2755.0,2693.0,2801.0,0.0,1.0,0.0,0.0,7.0,0.7,0.6,0.6,0.0,1.0,0.0,0.0,0.0,1.0,0.0,0.0,0.0,69.0,41.0,46.0,51.0,48.0,53.0,1022.0,1304.0,1289.0,982.0,978.0,982.0,33000.0,32699.0,33520.0,31210.0,32699.0,32999.0,0.9205174470167284,-2.4492840095465396,7.401473886574816,-4.5536560751093305,-0.9091184581350952,9.96001332889037,5.10373394968637,-19.751229098313843,64.10727047299486,-1.4476453602164865,-7.808618245911323,29.90033222591363,932.0,1339.0,1291.0,992.0,987.0,987.0,6.002685637553213,-2.4742957452144108,19.58216713314674,-8.502789549099113,-0.2675666636261364,6.471349951440596,14.210657939742266,-23.81365746211512,77.75499487951842,0.8994001005819305,-7.676490747087042,24.003866116289245,0.0898,0.0726,0.1079,0.7559,0.9426,1.1135,2532.68994140625,2594.530029296875,2669.489990234375,2425.6201171875,3025.030029296875,3213.7099609375,-2.3834793659098192,-2.8080255483901886,10.053918637912744,-19.815007001722204,-5.871093967222341,0.424360217312957,0.8894399223761522,0.9342304505585555,0.9339909164367912,1.0399173663867787,0.9968903387091856,1.0033445832953267,10.94674556213018,-6.111111111111111,3.878326996197719,-8.074099965047186,-0.0457553365662954,0.0778757974481658,0.1459684669444256,0.1937102288686354,-0.3480278422273749,0.1161440185830528,-1.3440860215053765,-1.717305151915452,-1.5602836879432544,-1.5363128491620033,-1.304863582443647,0.1187648456056939,973.0,-4.4204322200392925,-0.999789201072063,0.5115321750711302,2.069945625308947,-5.217980573751976,-6.973812087940952,-3.527354737348909
2020-08-05,33000.0,0.9205174470167284,984.0,1.1305241521068858,-2.0836501901140685,-1.948284080076263,1207.0,1378.0,1439.0,1360.0,1499.0,2349.0,1873.0,3507.0,2153.0,2417.0,2755.0,2693.0,2801.0,0.0,1.0,0.0,0.0,7.0,0.7,0.6,0.6,0.0,1.0,0.0,0.0,0.0,1.0,0.0,0.0,0.0,69.0,41.0,46.0,51.0,48.0,53.0,1304.0,1289.0,982.0,978.0,982.0,982.0,32699.0,33520.0,31210.0,32699.0,32999.0,30010.0,-2.4492840095465396,7.401473886574816,-4.5536560751093305,-0.9091184581350952,9.96001332889037,-14.281633818908883,-19.751229098313843,64.10727047299486,-1.4476453602164865,-7.808618245911323,29.90033222591363,-8.794561092470218,1339.0,1291.0,992.0,987.0,987.0,984.0,-2.4742957452144108,19.58216713314674,-8.502789549099113,-0.2675666636261364,6.471349951440596,-18.07452592494364,-23.81365746211512,77.75499487951842,0.8994001005819305,-7.676490747087042,24.003866116289245,4.2677656681493445,0.0726,0.1079,0.7559,0.9426,1.1135,1.1642,2594.530029296875,2669.489990234375,2425.6201171875,3025.030029296875,3213.7099609375,3200.1298828125,-2.8080255483901886,10.053918637912744,-19.815007001722204,-5.871093967222341,0.424360217312957,-1.653386826341375,0.9342304505585555,0.9339909164367912,1.0399173663867787,0.9968903387091856,1.0033445832953267,0.9715118161217222,10.94674556213018,-6.111111111111111,3.878326996197719,-8.074099965047186,-0.0457553365662954,0.0778757974481658,0.1459684669444256,0.1937102288686354,-0.3480278422273749,0.1161440185830528,-1.3440860215053765,-1.717305151915452,-1.5602836879432544,-1.5363128491620033,-1.304863582443647,0.1187648456056939,973.0,-4.4204322200392925,-0.999789201072063,0.5115321750711302,2.069945625308947,-5.217980573751976,-6.973812087940952,-3.527354737348909
2020-07-22,32699.0,-2.4492840095465396,1284.0,26.129666011787815,-0.999789201072063,-5.217980573751976,1378.0,1439.0,1360.0,1499.0,2349.0,1873.0,3507.0,2153.0,2417.0,2755.0,2693.0,2801.0,2835.0,0.0,1.0,0.0,0.0,7.0,0.7,0.6,0.6,0.0,1.0,0.0,0.0,0.0,1.0,0.0,0.0,0.0,41.0,46.0,31.0,48.0,53.0,45.0,1289.0,982.0,978.0,982.0,982.0,1034.0,33520.0,31210.0,32699.0,32999.0,30010.0,35010.0,7.401473886574816,-4.5536560751093305,-0.9091184581350952,9.96001332889037,-14.281633818908883,-0.8776896942242356,64.10727047299486,-1.4476453602164865,-7.808618245911323,29.90033222591363,-8.794561092470218,-4.0452211031814915,1291.0,992.0,987.0,987.0,984.0,1012.0,19.58216713314674,-8.502789549099113,-0.2675666636261364,6.471349951440596,-18.07452592494364,1.6060793877496025,77.75499487951842,0.8994001005819305,-7.676490747087042,24.003866116289245,4.2677656681493445,-4.928168728713539,0.1079,0.7559,0.9426,1.1135,1.1642,1.2202,2669.489990234375,2425.6201171875,3025.030029296875,3213.7099609375,3200.1298828125,3253.929931640625,10.053918637912744,-19.815007001722204,-5.871093967222341,0.424360217312957,-1.653386826341375,0.2476990695489676,0.9339909164367912,1.0399173663867787,0.9968903387091856,1.0033445832953267,0.9715118161217222,0.9285240684259382,-6.111111111111111,0.1855287569573284,-8.074099965047186,12.19607843137255,0.0778757974481658,-0.02460269757679,0.1937102288686354,0.2427255162771731,0.1161440185830528,-0.2317497103128654,-1.717305151915452,0.933333333333337,-1.5363128491620033,0.5617977528089768,0.1187648456056939,3.312883435582826,1018.0,-3.5984848484848486,0.5115321750711302,2.069945625308947,1.2259194395796849,-6.973812087940952,-3.527354737348909,0.3815531757942665
2020-07-08,33520.0,7.401473886574816,1284.0,26.129666011787815,-0.999789201072063,-5.217980573751976,1378.0,1439.0,1360.0,1499.0,2349.0,1873.0,3507.0,2153.0,2417.0,2755.0,2693.0,2801.0,2835.0,0.0,1.0,0.0,0.0,7.0,0.7,0.6,0.6,0.0,1.0,0.0,0.0,0.0,1.0,0.0,0.0,0.0,41.0,46.0,31.0,48.0,53.0,45.0,982.0,978.0,982.0,982.0,1034.0,1035.0,31210.0,32699.0,32999.0,30010.0,35010.0,35320.0,-4.5536560751093305,-0.9091184581350952,9.96001332889037,-14.281633818908883,-0.8776896942242356,7.391529082672019,-1.4476453602164865,-7.808618245911323,29.90033222591363,-8.794561092470218,-4.0452211031814915,14.77660851103112,992.0,987.0,987.0,984.0,1012.0,1022.0,-8.502789549099113,-0.2675666636261364,6.471349951440596,-18.07452592494364,1.6060793877496025,3.0805555555555553,0.8994001005819305,-7.676490747087042,24.003866116289245,4.2677656681493445,-4.928168728713539,-2.431479473955073,0.7559,0.9426,1.1135,1.1642,1.2202,1.2334,2425.6201171875,3025.030029296875,3213.7099609375,3200.1298828125,3253.929931640625,3245.889892578125,-19.815007001722204,-5.871093967222341,0.424360217312957,-1.653386826341375,0.2476990695489676,1.1325564745483816,1.0399173663867787,0.9968903387091856,1.0033445832953267,0.9715118161217222,0.9285240684259382,0.9517906707267779,-6.111111111111111,0.1855287569573284,-8.074099965047186,12.19607843137255,0.0778757974481658,-0.02460269757679,0.1937102288686354,0.2427255162771731,0.1161440185830528,-0.2317497103128654,-1.717305151915452,0.933333333333337,-1.5363128491620033,0.5617977528089768,0.1187648456056939,3.312883435582826,1018.0,-3.5984848484848486,0.5115321750711302,2.069945625308947,1.2259194395796849,-6.973812087940952,-3.527354737348909,0.3815531757942665
2020-03-18,31210.0,-4.5536560751093305,973.0,-4.4204322200392925,0.5115321750711302,-6.973812087940952,2349.0,1873.0,3507.0,2153.0,2417.0,2755.0,2693.0,2801.0,2835.0,3568.0,3574.0,3194.0,4603.0,0.0,1.0,0.0,0.0,7.0,0.7,0.6,0.6,0.0,1.0,0.0,0.0,0.0,1.0,0.0,0.0,0.0,46.0,31.0,28.0,53.0,45.0,40.0,978.0,982.0,982.0,1034.0,1035.0,1029.0,32699.0,32999.0,30010.0,35010.0,35320.0,32889.0,-0.9091184581350952,9.96001332889037,-14.281633818908883,-0.8776896942242356,7.391529082672019,-0.3635372171226029,-7.808618245911323,29.90033222591363,-8.794561092470218,-4.0452211031814915,14.77660851103112,-9.291442819139611,987.0,987.0,984.0,1012.0,1022.0,1015.0,-0.2675666636261364,6.471349951440596,-18.07452592494364,1.6060793877496025,3.0805555555555553,-5.013192612137203,-7.676490747087042,24.003866116289245,4.2677656681493445,-4.928168728713539,-2.431479473955073,-1.3015829747464005,0.9426,1.1135,1.1642,1.2202,1.2334,1.3083,3025.030029296875,3213.7099609375,3200.1298828125,3253.929931640625,3245.889892578125,3209.5400390625,-5.871093967222341,0.424360217312957,-1.653386826341375,0.2476990695489676,1.1325564745483816,1.5744717017577747,0.9968903387091856,1.0033445832953267,0.9715118161217222,0.9285240684259382,0.9517906707267779,0.9135833333333333,0.1855287569573284,-11.892112791172863,12.19607843137255,-2.745995423340961,-0.02460269757679,0.003425809425336,0.2427255162771731,0.0906997159155326,-0.2317497103128654,0.1160092807424528,0.933333333333337,0.6711409395973155,0.5617977528089768,-0.1402524544179443,3.312883435582826,0.9913258983890918,1018.0,-3.5984848484848486,2.069945625308947,1.2259194395796849,-1.3573543928923988,-3.527354737348909,0.3815531757942665,0.4702394643359145
2020-03-04,32699.0,-0.9091184581350952,973.0,-4.4204322200392925,0.5115321750711302,-6.973812087940952,2349.0,1873.0,3507.0,2153.0,2417.0,2755.0,2693.0,2801.0,2835.0,3568.0,3574.0,3194.0,4603.0,0.0,1.0,0.0,0.0,7.0,0.7,0.6,0.6,0.0,1.0,0.0,0.0,0.0,1.0,0.0,0.0,0.0,46.0,31.0,28.0,53.0,45.0,40.0,982.0,982.0,1034.0,1035.0,1029.0,1030.0,32999.0,30010.0,35010.0,35320.0,32889.0,33009.0,9.96001332889037,-14.281633818908883,-0.8776896942242356,7.391529082672019,-0.3635372171226029,3.1531249999999997,29.90033222591363,-8.794561092470218,-4.0452211031814915,14.77660851103112,-9.291442819139611,-6.227480754477406,987.0,984.0,1012.0,1022.0,1015.0,1013.0,6.471349951440596,-18.07452592494364,1.6060793877496025,3.0805555555555553,-5.013192612137203,-4.534005037783375,24.003866116289245,4.2677656681493445,-4.928168728713539,-2.431479473955073,-1.3015829747464005,-4.395747840062653,1.1135,1.1642,1.2202,1.2334,1.3083,1.1862,3213.7099609375,3200.1298828125,3253.929931640625,3245.889892578125,3209.5400390625,3159.7900390625,0.424360217312957,-1.653386826341375,0.2476990695489676,1.1325564745483816,1.5744717017577747,-2.1670203419274925,1.0033445832953267,0.9715118161217222,0.9285240684259382,0.9517906707267779,0.9135833333333333,0.8709498680738786,0.1855287569573284,-11.892112791172863,12.19607843137255,-2.745995423340961,-0.02460269757679,0.003425809425336,0.2427255162771731,0.0906997159155326,-0.2317497103128654,0.1160092807424528,0.933333333333337,0.6711409395973155,0.5617977528089768,-0.1402524544179443,3.312883435582826,0.9913258983890918,1018.0,-3.5984848484848486,2.069945625308947,1.2259194395796849,-1.3573543928923988,-3.527354737348909,0.3815531757942665,0.4702394643359145
2020-02-19,32999.0,9.96001332889037,973.0,-4.4204322200392925,2.069945625308947,-3.527354737348909,1873.0,3507.0,2153.0,2417.0,2755.0,2693.0,2801.0,2835.0,3568.0,3574.0,3194.0,4603.0,3977.0,0.0,1.0,0.0,0.0,7.0,0.7,0.6,0.6,0.0,1.0,0.0,0.0,0.0,1.0,0.0,0.0,0.0,31.0,28.0,29.0,45.0,40.0,39.0,982.0,1034.0,1035.0,1029.0,1030.0,1023.0,30010.0,35010.0,35320.0,32889.0,33009.0,32000.0,-14.281633818908883,-0.8776896942242356,7.391529082672019,-0.3635372171226029,3.1531249999999997,6.666666666666667,-8.794561092470218,-4.0452211031814915,14.77660851103112,-9.291442819139611,-6.227480754477406,14.953909542879371,984.0,1012.0,1022.0,1015.0,1013.0,1019.0,-18.07452592494364,1.6060793877496025,3.0805555555555553,-5.013192612137203,-4.534005037783375,-0.7723262265990153,4.2677656681493445,-4.928168728713539,-2.431479473955073,-1.3015829747464005,-4.395747840062653,2.499045905571908,1.1642,1.2202,1.2334,1.3083,1.1862,1.2136,3200.1298828125,3253.929931640625,3245.889892578125,3209.5400390625,3159.7900390625,3229.780029296875,-1.653386826341375,0.2476990695489676,1.1325564745483816,1.5744717017577747,-2.1670203419274925,-1.008674213621124,0.9715118161217222,0.9285240684259382,0.9517906707267779,0.9135833333333333,0.8709498680738786,0.8060453400503779,-11.892112791172863,11.126248864668485,-2.745995423340961,-6.756756756756757,0.003425809425336,0.0947666371560033,0.0906997159155326,0.1609266258942621,0.1160092807424528,0.3492433061699617,0.6711409395973155,-0.2677376171352113,-0.1402524544179443,-0.2797202797202837,0.9913258983890918,0.2484472049689476,1018.0,-3.5984848484848486,1.2259194395796849,-1.3573543928923988,6.024726892130569,0.3815531757942665,0.4702394643359145,4.338435283451549
2020-02-05,30010.0,-14.281633818908883,973.0,-4.4204322200392925,2.069945625308947,-3.527354737348909,1873.0,3507.0,2153.0,2417.0,2755.0,2693.0,2801.0,2835.0,3568.0,3574.0,3194.0,4603.0,3977.0,0.0,1.0,0.0,0.0,7.0,0.7,0.6,0.6,0.0,1.0,0.0,0.0,0.0,1.0,0.0,0.0,0.0,31.0,28.0,29.0,45.0,40.0,39.0,1034.0,1035.0,1029.0,1030.0,1023.0,1043.0,35010.0,35320.0,32889.0,33009.0,32000.0,30000.0,-0.8776896942242356,7.391529082672019,-0.3635372171226029,3.1531249999999997,6.666666666666667,-7.146615494134761,-4.0452211031814915,14.77660851103112,-9.291442819139611,-6.227480754477406,14.953909542879371,-9.800853680295363,1012.0,1022.0,1015.0,1013.0,1019.0,1017.0,1.6060793877496025,3.0805555555555553,-5.013192612137203,-4.534005037783375,-0.7723262265990153,-4.296136825738548,-4.928168728713539,-2.431479473955073,-1.3015829747464005,-4.395747840062653,2.499045905571908,-11.483228233797895,1.2202,1.2334,1.3083,1.1862,1.2136,1.3404,3253.929931640625,3245.889892578125,3209.5400390625,3159.7900390625,3229.780029296875,3262.68994140625,0.2476990695489676,1.1325564745483816,1.5744717017577747,-2.1670203419274925,-1.008674213621124,3.765883159454277,0.9285240684259382,0.9517906707267779,0.9135833333333333,0.8709498680738786,0.8060453400503779,0.7498312879602089,-11.892112791172863,11.126248864668485,-2.745995423340961,-6.756756756756757,0.003425809425336,0.0947666371560033,0.0906997159155326,0.1609266258942621,0.1160092807424528,0.3492433061699617,0.6711409395973155,-0.2677376171352113,-0.1402524544179443,-0.2797202797202837,0.9913258983890918,0.2484472049689476,1018.0,-3.5984848484848486,1.2259194395796849,-1.3573543928923988,6.024726892130569,0.3815531757942665,0.4702394643359145,4.338435283451549
2020-01-22,35010.0,-0.8776896942242356,1018.0,-3.5984848484848486,1.2259194395796849,0.3815531757942665,3507.0,2153.0,2417.0,2755.0,2693.0,2801.0,2835.0,3568.0,3574.0,3194.0,4603.0,3977.0,3825.0,0.0,1.0,0.0,0.0,7.0,0.7,0.6,0.6,0.0,1.0,0.0,0.0,0.0,1.0,0.0,0.0,0.0,28.0,29.0,33.0,40.0,39.0,40.0,1035.0,1029.0,1030.0,1023.0,1043.0,1060.0,35320.0,32889.0,33009.0,32000.0,30000.0,32309.0,7.391529082672019,-0.3635372171226029,3.1531249999999997,6.666666666666667,-7.146615494134761,-4.9763242257580655,14.77660851103112,-9.291442819139611,-6.227480754477406,14.953909542879371,-9.800853680295363,-11.823501313589675,1022.0,1015.0,1013.0,1019.0,1017.0,1044.0,3.0805555555555553,-5.013192612137203,-4.534005037783375,-0.7723262265990153,-4.296136825738548,1.0734750126931167,-2.431479473955073,-1.3015829747464005,-4.395747840062653,2.499045905571908,-11.483228233797895,-3.222667050054187,1.2334,1.3083,1.1862,1.2136,1.3404,1.2796,3245.889892578125,3209.5400390625,3159.7900390625,3229.780029296875,3262.68994140625,3144.280029296875,1.1325564745483816,1.5744717017577747,-2.1670203419274925,-1.008674213621124,3.765883159454277,1.7599316700154786,0.9517906707267779,0.9135833333333333,0.8709498680738786,0.8060453400503779,0.7498312879602089,0.7728501375433561,11.126248864668485,-14.218932606155043,-6.756756756756757,-6.391478029294275,0.0947666371560033,0.0031174207707511,0.1609266258942621,0.2227424966669918,0.3492433061699617,-0.2322880371660727,-0.2677376171352113,0.9459459459459498,-0.2797202797202837,0.9887005649717556,0.2484472049689476,0.1243781094527292,1056.0,-25.842696629213485,-1.3573543928923988,6.024726892130569,3.6934034254705783,0.4702394643359145,4.338435283451549,-1.15705964523866
2020-01-08,35320.0,7.391529082672019,1018.0,-3.5984848484848486,1.2259194395796849,0.3815531757942665,3507.0,2153.0,2417.0,2755.0,2693.0,2801.0,2835.0,3568.0,3574.0,3194.0,4603.0,3977.0,3825.0,0.0,1.0,0.0,0.0,7.0,0.7,0.6,0.6,0.0,1.0,0.0,0.0,0.0,1.0,0.0,0.0,0.0,28.0,29.0,33.0,40.0,39.0,40.0,1029.0,1030.0,1023.0,1043.0,1060.0,1057.0,32889.0,33009.0,32000.0,30000.0,32309.0,34001.0,-0.3635372171226029,3.1531249999999997,6.666666666666667,-7.146615494134761,-4.9763242257580655,7.059416228470669,-9.291442819139611,-6.227480754477406,14.953909542879371,-9.800853680295363,-11.823501313589675,14.069543260575289,1015.0,1013.0,1019.0,1017.0,1044.0,1048.0,-5.013192612137203,-4.534005037783375,-0.7723262265990153,-4.296136825738548,1.0734750126931167,11.786486486486488,-1.3015829747464005,-4.395747840062653,2.499045905571908,-11.483228233797895,-3.222667050054187,9.5239505162631,1.3083,1.1862,1.2136,1.3404,1.2796,1.3004,3209.5400390625,3159.7900390625,3229.780029296875,3262.68994140625,3144.280029296875,3089.89990234375,1.5744717017577747,-2.1670203419274925,-1.008674213621124,3.765883159454277,1.7599316700154786,-2.4295570161903397,0.9135833333333333,0.8709498680738786,0.8060453400503779,0.7498312879602089,0.7728501375433561,0.8220545924905104,11.126248864668485,-14.218932606155043,-6.756756756756757,-6.391478029294275,0.0947666371560033,0.0031174207707511,0.1609266258942621,0.2227424966669918,0.3492433061699617,-0.2322880371660727,-0.2677376171352113,0.9459459459459498,-0.2797202797202837,0.9887005649717556,0.2484472049689476,0.1243781094527292,1056.0,-25.842696629213485,-1.3573543928923988,6.024726892130569,3.6934034254705783,0.4702394643359145,4.338435283451549,-1.15705964523866
2019-12-18,32889.0,-0.3635372171226029,1018.0,-3.5984848484848486,-1.3573543928923988,0.4702394643359145,2153.0,2417.0,2755.0,2693.0,2801.0,2835.0,3568.0,3574.0,3194.0,4603.0,3977.0,3825.0,5001.0,0.0,1.0,0.0,0.0,7.0,0.7,0.6,0.6,0.0,1.0,0.0,0.0,0.0,1.0,0.0,0.0,0.0,29.0,33.0,32.0,39.0,40.0,42.0,1030.0,1023.0,1043.0,1060.0,1057.0,1056.0,33009.0,32000.0,30000.0,32309.0,34001.0,31759.0,3.1531249999999997,6.666666666666667,-7.146615494134761,-4.9763242257580655,7.059416228470669,-0.0755120661989113,-6.227480754477406,14.953909542879371,-9.800853680295363,-11.823501313589675,14.069543260575289,-12.258454106280189,1013.0,1019.0,1017.0,1044.0,1048.0,1044.0,-4.534005037783375,-0.7723262265990153,-4.296136825738548,1.0734750126931167,11.786486486486488,2.774922918807811,-4.395747840062653,2.499045905571908,-11.483228233797895,-3.222667050054187,9.5239505162631,10.218500783226176,1.1862,1.2136,1.3404,1.2796,1.3004,1.5183,3159.7900390625,3229.780029296875,3262.68994140625,3144.280029296875,3089.89990234375,3166.840087890625,-2.1670203419274925,-1.008674213621124,3.765883159454277,1.7599316700154786,-2.4295570161903397,1.1585755545876626,0.8709498680738786,0.8060453400503779,0.7498312879602089,0.7728501375433561,0.8220545924905104,0.8583513513513513,-14.218932606155043,7.405857740585773,-6.391478029294275,11.053604436229206,0.0031174207707511,0.1314158891486685,0.2227424966669918,0.2938404390974108,-0.2322880371660727,0.0,0.9459459459459498,-0.6711409395973155,0.9887005649717556,-0.4219409282700382,0.1243781094527292,0.2493765586034948,1056.0,-25.842696629213485,6.024726892130569,3.6934034254705783,0.5353246044735406,4.338435283451549,-1.15705964523866,-4.995492788461538
2019-12-04,33009.0,3.1531249999999997,1018.0,-3.5984848484848486,-1.3573543928923988,0.4702394643359145,2153.0,2417.0,2755.0,2693.0,2801.0,2835.0,3568.0,3574.0,3194.0,4603.0,3977.0,3825.0,5001.0,0.0,1.0,0.0,0.0,7.0,0.7,0.6,0.6,0.0,1.0,0.0,0.0,0.0,1.0,0.0,0.0,0.0,29.0,33.0,32.0,39.0,40.0,42.0,1023.0,1043.0,1060.0,1057.0,1056.0,1056.0,32000.0,30000.0,32309.0,34001.0,31759.0,31783.0,6.666666666666667,-7.146615494134761,-4.9763242257580655,7.059416228470669,-0.0755120661989113,-0.4198389572954851,14.953909542879371,-9.800853680295363,-11.823501313589675,14.069543260575289,-12.258454106280189,-3.454545454545456,1019.0,1017.0,1044.0,1048.0,1044.0,1046.0,-0.7723262265990153,-4.296136825738548,1.0734750126931167,11.786486486486488,2.774922918807811,-6.737992850111393,2.499045905571908,-11.483228233797895,-3.222667050054187,9.5239505162631,10.218500783226176,-8.991682938199713,1.2136,1.3404,1.2796,1.3004,1.5183,1.5945,3229.780029296875,3262.68994140625,3144.280029296875,3089.89990234375,3166.840087890625,3130.570068359375,-1.008674213621124,3.765883159454277,1.7599316700154786,-2.4295570161903397,1.1585755545876626,0.2561992149051524,0.8060453400503779,0.7498312879602089,0.7728501375433561,0.8220545924905104,0.8583513513513513,0.8828365878725591,-14.218932606155043,7.405857740585773,-6.391478029294275,11.053604436229206,0.0031174207707511,0.1314158891486685,0.2227424966669918,0.2938404390974108,-0.2322880371660727,0.0,0.9459459459459498,-0.6711409395973155,0.9887005649717556,-0.4219409282700382,0.1243781094527292,0.2493765586034948,1056.0,-25.842696629213485,6.024726892130569,3.6934034254705783,0.5353246044735406,4.338435283451549,-1.15705964523866,-4.995492788461538
2019-11-20,32000.0,6.666666666666667,1018.0,-3.5984848484848486,6.024726892130569,4.338435283451549,2417.0,2755.0,2693.0,2801.0,2835.0,3568.0,3574.0,3194.0,4603.0,3977.0,3825.0,5001.0,4150.0,0.0,1.0,0.0,0.0,7.0,0.7,0.6,0.6,0.0,1.0,0.0,0.0,0.0,1.0,0.0,0.0,0.0,33.0,32.0,38.0,40.0,42.0,42.0,1043.0,1060.0,1057.0,1056.0,1056.0,1062.0,30000.0,32309.0,34001.0,31759.0,31783.0,31917.0,-7.146615494134761,-4.9763242257580655,7.059416228470669,-0.0755120661989113,-0.4198389572954851,-2.4690603514132925,-9.800853680295363,-11.823501313589675,14.069543260575289,-12.258454106280189,-3.454545454545456,-14.971472138207226,1017.0,1044.0,1048.0,1044.0,1046.0,1045.0,-4.296136825738548,1.0734750126931167,11.786486486486488,2.774922918807811,-6.737992850111393,-3.4974125646858827,-11.483228233797895,-3.222667050054187,9.5239505162631,10.218500783226176,-8.991682938199713,-4.6598430416077985,1.3404,1.2796,1.3004,1.5183,1.5945,1.6952,3262.68994140625,3144.280029296875,3089.89990234375,3166.840087890625,3130.570068359375,3122.570068359375,3.765883159454277,1.7599316700154786,-2.4295570161903397,1.1585755545876626,0.2561992149051524,-1.9505783668046817,0.7498312879602089,0.7728501375433561,0.8220545924905104,0.8583513513513513,0.8828365878725591,0.826822444432931,7.405857740585773,-34.66375068343357,11.053604436229206,-18.695521490832583,0.1314158891486685,0.0668451285831644,0.2938404390974108,0.1901668697945087,0.0,0.5841121495327104,-0.6711409395973155,1.085481682496604,-0.4219409282700382,1.4265335235378032,0.2493765586034948,-0.2487562189054761,1056.0,-25.842696629213485,3.6934034254705783,0.5353246044735406,-3.880440482433141,-1.15705964523866,-4.995492788461538,-6.876530255334033
2019-11-06,30000.0,-7.146615494134761,1018.0,-3.5984848484848486,6.024726892130569,4.338435283451549,2417.0,2755.0,2693.0,2801.0,2835.0,3568.0,3574.0,3194.0,4603.0,3977.0,3825.0,5001.0,4150.0,0.0,1.0,0.0,0.0,7.0,0.7,0.6,0.6,0.0,1.0,0.0,0.0,0.0,1.0,0.0,0.0,0.0,33.0,32.0,38.0,40.0,42.0,42.0,1060.0,1057.0,1056.0,1056.0,1062.0,1059.0,32309.0,34001.0,31759.0,31783.0,31917.0,32725.0,-4.9763242257580655,7.059416228470669,-0.0755120661989113,-0.4198389572954851,-2.4690603514132925,22.717216034799563,-11.823501313589675,14.069543260575289,-12.258454106280189,-3.454545454545456,-14.971472138207226,63.00762876709472,1044.0,1048.0,1044.0,1046.0,1045.0,1047.0,1.0734750126931167,11.786486486486488,2.774922918807811,-6.737992850111393,-3.4974125646858827,1.5099223468507337,-3.222667050054187,9.5239505162631,10.218500783226176,-8.991682938199713,-4.6598430416077985,-3.199532525846913,1.2796,1.3004,1.5183,1.5945,1.6952,1.6101,3144.280029296875,3089.89990234375,3166.840087890625,3130.570068359375,3122.570068359375,3184.68994140625,1.7599316700154786,-2.4295570161903397,1.1585755545876626,0.2561992149051524,-1.9505783668046817,-5.354743853586009,0.7728501375433561,0.8220545924905104,0.8583513513513513,0.8828365878725591,0.826822444432931,0.8181045473863153,7.405857740585773,-34.66375068343357,11.053604436229206,-18.695521490832583,0.1314158891486685,0.0668451285831644,0.2938404390974108,0.1901668697945087,0.0,0.5841121495327104,-0.6711409395973155,1.085481682496604,-0.4219409282700382,1.4265335235378032,0.2493765586034948,-0.2487562189054761,1056.0,-25.842696629213485,3.6934034254705783,0.5353246044735406,-3.880440482433141,-1.15705964523866,-4.995492788461538,-6.876530255334033
2019-10-23,32309.0,-4.9763242257580655,1056.0,-25.842696629213485,3.6934034254705783,-1.15705964523866,2755.0,2693.0,2801.0,2835.0,3568.0,3574.0,3194.0,4603.0,3977.0,3825.0,5001.0,4150.0,3928.0,0.0,1.0,0.0,0.0,7.0,0.7,0.6,0.6,0.0,1.0,0.0,0.0,0.0,1.0,0.0,0.0,0.0,32.0,38.0,40.0,42.0,42.0,45.0,1057.0,1056.0,1056.0,1062.0,1059.0,1623.0,34001.0,31759.0,31783.0,31917.0,32725.0,26667.0,7.059416228470669,-0.0755120661989113,-0.4198389572954851,-2.4690603514132925,22.717216034799563,-6.722865437755781,14.069543260575289,-12.258454106280189,-3.454545454545456,-14.971472138207226,63.00762876709472,-6.574125085599243,1048.0,1044.0,1046.0,1045.0,1047.0,1143.0,11.786486486486488,2.774922918807811,-6.737992850111393,-3.4974125646858827,1.5099223468507337,15.9,9.5239505162631,10.218500783226176,-8.991682938199713,-4.6598430416077985,-3.199532525846913,20.436375309201445,1.3004,1.5183,1.5945,1.6952,1.6101,1.4551,3089.89990234375,3166.840087890625,3130.570068359375,3122.570068359375,3184.68994140625,3364.8701171875,-2.4295570161903397,1.1585755545876626,0.2561992149051524,-1.9505783668046817,-5.354743853586009,-0.0869983846471085,0.8220545924905104,0.8583513513513513,0.8828365878725591,0.826822444432931,0.8181045473863153,0.6767243566969497,-34.66375068343357,14.742785445420326,-18.695521490832583,12.360688956433636,0.0668451285831644,0.3787605624970605,0.1901668697945087,0.2676670052091865,0.5841121495327104,-0.465116279069774,1.085481682496604,-0.4054054054054015,1.4265335235378032,-0.5673758865248308,-0.2487562189054761,0.2493765586034948,1424.0,-13.696969696969695,0.5353246044735406,-3.880440482433141,2.25543751466202,-4.995492788461538,-6.876530255334033,-0.2836747506219917
2019-10-09,34001.0,7.059416228470669,1056.0,-25.842696629213485,3.6934034254705783,-1.15705964523866,2755.0,2693.0,2801.0,2835.0,3568.0,3574.0,3194.0,4603.0,3977.0,3825.0,5001.0,4150.0,3928.0,0.0,1.0,0.0,0.0,7.0,0.7,0.6,0.6,0.0,1.0,0.0,0.0,0.0,1.0,0.0,0.0,0.0,32.0,38.0,40.0,42.0,42.0,45.0,1056.0,1056.0,1062.0,1059.0,1623.0,1431.0,31759.0,31783.0,31917.0,32725.0,26667.0,28589.0,-0.0755120661989113,-0.4198389572954851,-2.4690603514132925,22.717216034799563,-6.722865437755781,5.88910700396311,-12.258454106280189,-3.454545454545456,-14.971472138207226,63.00762876709472,-6.574125085599243,2.538428643751085,1044.0,1046.0,1045.0,1047.0,1143.0,1141.0,2.774922918807811,-6.737992850111393,-3.4974125646858827,1.5099223468507337,15.9,-5.308305018659834,10.218500783226176,-8.991682938199713,-4.6598430416077985,-3.199532525846913,20.436375309201445,-1.9746121297602144,1.5183,1.5945,1.6952,1.6101,1.4551,1.5668,3166.840087890625,3130.570068359375,3122.570068359375,3184.68994140625,3364.8701171875,3367.800048828125,1.1585755545876626,0.2561992149051524,-1.9505783668046817,-5.354743853586009,-0.0869983846471085,2.421715691253505,0.8583513513513513,0.8828365878725591,0.826822444432931,0.8181045473863153,0.6767243566969497,0.8408529411764706,-34.66375068343357,14.742785445420326,-18.695521490832583,12.360688956433636,0.0668451285831644,0.3787605624970605,0.1901668697945087,0.2676670052091865,0.5841121495327104,-0.465116279069774,1.085481682496604,-0.4054054054054015,1.4265335235378032,-0.5673758865248308,-0.2487562189054761,0.2493765586034948,1424.0,-13.696969696969695,0.5353246044735406,-3.880440482433141,2.25543751466202,-4.995492788461538,-6.876530255334033,-0.2836747506219917
2019-09-18,31759.0,-0.0755120661989113,1056.0,-25.842696629213485,0.5353246044735406,-4.995492788461538,2693.0,2801.0,2835.0,3568.0,3574.0,3194.0,4603.0,3977.0,3825.0,5001.0,4150.0,3928.0,4706.0,0.0,1.0,0.0,0.0,7.0,0.7,0.6,0.6,0.0,1.0,0.0,0.0,0.0,1.0,0.0,0.0,0.0,38.0,40.0,42.0,42.0,45.0,45.0,1056.0,1062.0,1059.0,1623.0,1431.0,1424.0,31783.0,31917.0,32725.0,26667.0,28589.0,26999.0,-0.4198389572954851,-2.4690603514132925,22.717216034799563,-6.722865437755781,5.88910700396311,-10.030324236062514,-3.454545454545456,-14.971472138207226,63.00762876709472,-6.574125085599243,2.538428643751085,-8.412197686645639,1046.0,1045.0,1047.0,1143.0,1141.0,1141.0,-6.737992850111393,-3.4974125646858827,1.5099223468507337,15.9,-5.308305018659834,-9.62041884816754,-8.991682938199713,-4.6598430416077985,-3.199532525846913,20.436375309201445,-1.9746121297602144,5.164521619548538,1.5945,1.6952,1.6101,1.4551,1.5668,1.6954,3130.570068359375,3122.570068359375,3184.68994140625,3364.8701171875,3367.800048828125,3288.169921875,0.2561992149051524,-1.9505783668046817,-5.354743853586009,-0.0869983846471085,2.421715691253505,4.513091854868328,0.8828365878725591,0.826822444432931,0.8181045473863153,0.6767243566969497,0.8408529411764706,0.7519356096474127,14.742785445420326,-10.625175217269414,12.360688956433636,8.14463111760409,0.3787605624970605,0.3735664740612057,0.2676670052091865,0.2295332823259372,-0.465116279069774,-0.2320185614849221,-0.4054054054054015,-1.726427622841962,-0.5673758865248308,-2.3545706371191173,0.2493765586034948,-0.3726708074534126,1424.0,-13.696969696969695,-3.880440482433141,2.25543751466202,7.0035143082550375,-6.876530255334033,-0.2836747506219917,8.705103253039455
2019-09-04,31783.0,-0.4198389572954851,1056.0,-25.842696629213485,0.5353246044735406,-4.995492788461538,2693.0,2801.0,2835.0,3568.0,3574.0,3194.0,4603.0,3977.0,3825.0,5001.0,4150.0,3928.0,4706.0,0.0,1.0,0.0,0.0,7.0,0.7,0.6,0.6,0.0,1.0,0.0,0.0,0.0,1.0,0.0,0.0,0.0,38.0,40.0,42.0,42.0,45.0,45.0,1062.0,1059.0,1623.0,1431.0,1424.0,1424.0,31917.0,32725.0,26667.0,28589.0,26999.0,30009.0,-2.4690603514132925,22.717216034799563,-6.722865437755781,5.88910700396311,-10.030324236062514,11.144444444444444,-14.971472138207226,63.00762876709472,-6.574125085599243,2.538428643751085,-8.412197686645639,9.511916732766636,1045.0,1047.0,1143.0,1141.0,1141.0,1139.0,-3.4974125646858827,1.5099223468507337,15.9,-5.308305018659834,-9.62041884816754,-6.662907621464148,-4.6598430416077985,-3.199532525846913,20.436375309201445,-1.9746121297602144,5.164521619548538,-2.3197071209860503,1.6952,1.6101,1.4551,1.5668,1.6954,1.8113,3122.570068359375,3184.68994140625,3364.8701171875,3367.800048828125,3288.169921875,3146.179931640625,-1.9505783668046817,-5.354743853586009,-0.0869983846471085,2.421715691253505,4.513091854868328,-0.4600230073297339,0.826822444432931,0.8181045473863153,0.6767243566969497,0.8408529411764706,0.7519356096474127,0.7553614579138139,14.742785445420326,-10.625175217269414,12.360688956433636,8.14463111760409,0.3787605624970605,0.3735664740612057,0.2676670052091865,0.2295332823259372,-0.465116279069774,-0.2320185614849221,-0.4054054054054015,-1.726427622841962,-0.5673758865248308,-2.3545706371191173,0.2493765586034948,-0.3726708074534126,1424.0,-13.696969696969695,-3.880440482433141,2.25543751466202,7.0035143082550375,-6.876530255334033,-0.2836747506219917,8.705103253039455
2019-08-21,31917.0,-2.4690603514132925,1056.0,-25.842696629213485,-3.880440482433141,-6.876530255334033,2801.0,2835.0,3568.0,3574.0,3194.0,4603.0,3977.0,3825.0,5001.0,4150.0,3928.0,4706.0,3716.0,0.0,1.0,0.0,0.0,7.0,0.7,0.6,0.6,0.0,1.0,0.0,0.0,0.0,1.0,0.0,0.0,0.0,40.0,42.0,46.0,45.0,45.0,43.0,1059.0,1623.0,1431.0,1424.0,1424.0,1475.0,32725.0,26667.0,28589.0,26999.0,30009.0,27000.0,22.717216034799563,-6.722865437755781,5.88910700396311,-10.030324236062514,11.144444444444444,-26.438535309503052,63.00762876709472,-6.574125085599243,2.538428643751085,-8.412197686645639,9.511916732766636,-12.206493196466935,1047.0,1143.0,1141.0,1141.0,1139.0,1163.0,1.5099223468507337,15.9,-5.308305018659834,-9.62041884816754,-6.662907621464148,-11.343470110393667,-3.199532525846913,20.436375309201445,-1.9746121297602144,5.164521619548538,-2.3197071209860503,1.3209372312983698,1.6101,1.4551,1.5668,1.6954,1.8113,1.8663,3184.68994140625,3364.8701171875,3367.800048828125,3288.169921875,3146.179931640625,3160.719970703125,-5.354743853586009,-0.0869983846471085,2.421715691253505,4.513091854868328,-0.4600230073297339,-3.7492726165781782,0.8181045473863153,0.6767243566969497,0.8408529411764706,0.7519356096474127,0.7553614579138139,0.6343388779250071,-10.625175217269414,-9.005102040816325,8.14463111760409,-6.8073519400953035,0.3735664740612057,0.3952644100891951,0.2295332823259372,0.1555624255898545,-0.2320185614849221,0.5834305717619603,-1.726427622841962,0.2663115845539319,-2.3545706371191173,0.4172461752433896,-0.3726708074534126,-0.1240694789081815,1424.0,-13.696969696969695,2.25543751466202,7.0035143082550375,6.536771728748807,-0.2836747506219917,8.705103253039455,11.72517014487024
2019-08-07,32725.0,22.717216034799563,1056.0,-25.842696629213485,-3.880440482433141,-6.876530255334033,2801.0,2835.0,3568.0,3574.0,3194.0,4603.0,3977.0,3825.0,5001.0,4150.0,3928.0,4706.0,3716.0,0.0,1.0,0.0,0.0,7.0,0.7,0.6,0.6,0.0,1.0,0.0,0.0,0.0,1.0,0.0,0.0,0.0,40.0,42.0,46.0,45.0,45.0,43.0,1623.0,1431.0,1424.0,1424.0,1475.0,1431.0,26667.0,28589.0,26999.0,30009.0,27000.0,36704.0,-6.722865437755781,5.88910700396311,-10.030324236062514,11.144444444444444,-26.438535309503052,10.557546914063677,-6.574125085599243,2.538428643751085,-8.412197686645639,9.511916732766636,-12.206493196466935,2.108088104379967,1143.0,1141.0,1141.0,1139.0,1163.0,1139.0,15.9,-5.308305018659834,-9.62041884816754,-6.662907621464148,-11.343470110393667,0.0208333333333333,20.436375309201445,-1.9746121297602144,5.164521619548538,-2.3197071209860503,1.3209372312983698,-11.9457790606332,1.4551,1.5668,1.6954,1.8113,1.8663,1.7923,3364.8701171875,3367.800048828125,3288.169921875,3146.179931640625,3160.719970703125,3283.840087890625,-0.0869983846471085,2.421715691253505,4.513091854868328,-0.4600230073297339,-3.7492726165781782,-1.9351081861958737,0.6767243566969497,0.8408529411764706,0.7519356096474127,0.7553614579138139,0.6343388779250071,0.7645073942928556,-10.625175217269414,-9.005102040816325,8.14463111760409,-6.8073519400953035,0.3735664740612057,0.3952644100891951,0.2295332823259372,0.1555624255898545,-0.2320185614849221,0.5834305717619603,-1.726427622841962,0.2663115845539319,-2.3545706371191173,0.4172461752433896,-0.3726708074534126,-0.1240694789081815,1424.0,-13.696969696969695,2.25543751466202,7.0035143082550375,6.536771728748807,-0.2836747506219917,8.705103253039455,11.72517014487024
2019-07-17,26667.0,-6.722865437755781,1424.0,-13.696969696969695,2.25543751466202,-0.2836747506219917,2835.0,3568.0,3574.0,3194.0,4603.0,3977.0,3825.0,5001.0,4150.0,3928.0,4706.0,3716.0,4608.0,0.0,1.0,0.0,0.0,7.0,0.7,0.6,0.6,0.0,1.0,0.0,0.0,0.0,1.0,0.0,0.0,0.0,42.0,46.0,44.0,45.0,43.0,42.0,1431.0,1424.0,1424.0,1475.0,1431.0,1653.0,28589.0,26999.0,30009.0,27000.0,36704.0,33199.0,5.88910700396311,-10.030324236062514,11.144444444444444,-26.438535309503052,10.557546914063677,13.85507047566789,2.538428643751085,-8.412197686645639,9.511916732766636,-12.206493196466935,2.108088104379967,-3.632092827567583,1141.0,1141.0,1139.0,1163.0,1139.0,1205.0,-5.308305018659834,-9.62041884816754,-6.662907621464148,-11.343470110393667,0.0208333333333333,11.36374182172521,-1.9746121297602144,5.164521619548538,-2.3197071209860503,1.3209372312983698,-11.9457790606332,-8.533560594418129,1.5668,1.6954,1.8113,1.8663,1.7923,1.6813,3367.800048828125,3288.169921875,3146.179931640625,3160.719970703125,3283.840087890625,3348.639892578125,2.421715691253505,4.513091854868328,-0.4600230073297339,-3.7492726165781782,-1.9351081861958737,1.1285661642346267,0.8408529411764706,0.7519356096474127,0.7553614579138139,0.6343388779250071,0.7645073942928556,0.6916458333333333,-9.005102040816325,9.711726840190316,-6.8073519400953035,-19.33003844041735,0.3952644100891951,0.3793200782744108,0.1555624255898545,0.1732930959503446,0.5834305717619603,-0.23282887077998,0.2663115845539319,2.455661664392902,0.4172461752433896,3.304597701149442,-0.1240694789081815,-0.7389162561576459,1650.0,-9.140969162995596,7.0035143082550375,6.536771728748807,2.546523016650343,8.705103253039455,11.72517014487024,7.247561935913745
2019-07-03,28589.0,5.88910700396311,1424.0,-13.696969696969695,2.25543751466202,-0.2836747506219917,2835.0,3568.0,3574.0,3194.0,4603.0,3977.0,3825.0,5001.0,4150.0,3928.0,4706.0,3716.0,4608.0,0.0,1.0,0.0,0.0,7.0,0.7,0.6,0.6,0.0,1.0,0.0,0.0,0.0,1.0,0.0,0.0,0.0,42.0,46.0,44.0,45.0,43.0,42.0,1424.0,1424.0,1475.0,1431.0,1653.0,1656.0,26999.0,30009.0,27000.0,36704.0,33199.0,29159.0,-10.030324236062514,11.144444444444444,-26.438535309503052,10.557546914063677,13.85507047566789,9.377696087625193,-8.412197686645639,9.511916732766636,-12.206493196466935,2.108088104379967,-3.632092827567583,5.6955075094032015,1141.0,1139.0,1163.0,1139.0,1205.0,1202.0,-9.62041884816754,-6.662907621464148,-11.343470110393667,0.0208333333333333,11.36374182172521,9.39316261008604,5.164521619548538,-2.3197071209860503,1.3209372312983698,-11.9457790606332,-8.533560594418129,-5.190762998835799,1.6954,1.8113,1.8663,1.7923,1.6813,1.4799,3288.169921875,3146.179931640625,3160.719970703125,3283.840087890625,3348.639892578125,3311.27001953125,4.513091854868328,-0.4600230073297339,-3.7492726165781782,-1.9351081861958737,1.1285661642346267,3.230083932237705,0.7519356096474127,0.7553614579138139,0.6343388779250071,0.7645073942928556,0.6916458333333333,0.6765115307874344,-9.005102040816325,9.711726840190316,-6.8073519400953035,-19.33003844041735,0.3952644100891951,0.3793200782744108,0.1555624255898545,0.1732930959503446,0.5834305717619603,-0.23282887077998,0.2663115845539319,2.455661664392902,0.4172461752433896,3.304597701149442,-0.1240694789081815,-0.7389162561576459,1650.0,-9.140969162995596,7.0035143082550375,6.536771728748807,2.546523016650343,8.705103253039455,11.72517014487024,7.247561935913745
2019-06-19,26999.0,-10.030324236062514,1424.0,-13.696969696969695,7.0035143082550375,8.705103253039455,3568.0,3574.0,3194.0,4603.0,3977.0,3825.0,5001.0,4150.0,3928.0,4706.0,3716.0,4608.0,4714.0,0.0,1.0,0.0,0.0,7.0,0.7,0.6,0.6,0.0,1.0,0.0,0.0,0.0,1.0,0.0,0.0,0.0,46.0,44.0,40.0,43.0,42.0,43.0,1424.0,1475.0,1431.0,1653.0,1656.0,1650.0,30009.0,27000.0,36704.0,33199.0,29159.0,26659.0,11.144444444444444,-26.438535309503052,10.557546914063677,13.85507047566789,9.377696087625193,1.3303432285529666,9.511916732766636,-12.206493196466935,2.108088104379967,-3.632092827567583,5.6955075094032015,0.1365484944337127,1139.0,1163.0,1139.0,1205.0,1202.0,1201.0,-6.662907621464148,-11.343470110393667,0.0208333333333333,11.36374182172521,9.39316261008604,6.601552988284949,-2.3197071209860503,1.3209372312983698,-11.9457790606332,-8.533560594418129,-5.190762998835799,1.3157278725952208,1.8113,1.8663,1.7923,1.6813,1.4799,1.3955,3146.179931640625,3160.719970703125,3283.840087890625,3348.639892578125,3311.27001953125,3207.659912109375,-0.4600230073297339,-3.7492726165781782,-1.9351081861958737,1.1285661642346267,3.230083932237705,-0.4710185850761695,0.7553614579138139,0.6343388779250071,0.7645073942928556,0.6916458333333333,0.6765115307874344,0.6766071927108449,9.711726840190316,48.380398671096344,-19.33003844041735,40.40092521202776,0.3793200782744108,0.0304563696641868,0.1732930959503446,0.2480340576192033,-0.23282887077998,0.0,2.455661664392902,0.2735978112175141,3.304597701149442,1.162790697674415,-0.7389162561576459,0.4950495049505021,1650.0,-9.140969162995596,6.536771728748807,2.546523016650343,-0.7851673339293349,11.72517014487024,7.247561935913745,3.397739016064886
2019-06-06,30009.0,11.144444444444444,1424.0,-13.696969696969695,7.0035143082550375,8.705103253039455,3568.0,3574.0,3194.0,4603.0,3977.0,3825.0,5001.0,4150.0,3928.0,4706.0,3716.0,4608.0,4714.0,0.0,1.0,0.0,0.0,7.0,0.7,0.6,0.6,0.0,1.0,0.0,0.0,0.0,1.0,0.0,0.0,0.0,46.0,44.0,40.0,43.0,42.0,43.0,1475.0,1431.0,1653.0,1656.0,1650.0,1659.0,27000.0,36704.0,33199.0,29159.0,26659.0,26309.0,-26.438535309503052,10.557546914063677,13.85507047566789,9.377696087625193,1.3303432285529666,0.0304170944070567,-12.206493196466935,2.108088104379967,-3.632092827567583,5.6955075094032015,0.1365484944337127,-2.653932992250867,1163.0,1139.0,1205.0,1202.0,1201.0,1233.0,-11.343470110393667,0.0208333333333333,11.36374182172521,9.39316261008604,6.601552988284949,4.40075699799452,1.3209372312983698,-11.9457790606332,-8.533560594418129,-5.190762998835799,1.3157278725952208,-5.98717571516529,1.8663,1.7923,1.6813,1.4799,1.3955,1.6563,3160.719970703125,3283.840087890625,3348.639892578125,3311.27001953125,3207.659912109375,3222.840087890625,-3.7492726165781782,-1.9351081861958737,1.1285661642346267,3.230083932237705,-0.4710185850761695,-1.6941232226641103,0.6343388779250071,0.7645073942928556,0.6916458333333333,0.6765115307874344,0.6766071927108449,0.7118043342983145,9.711726840190316,48.380398671096344,-19.33003844041735,40.40092521202776,0.3793200782744108,0.0304563696641868,0.1732930959503446,0.2480340576192033,-0.23282887077998,0.0,2.455661664392902,0.2735978112175141,3.304597701149442,1.162790697674415,-0.7389162561576459,0.4950495049505021,1650.0,-9.140969162995596,6.536771728748807,2.546523016650343,-0.7851673339293349,11.72517014487024,7.247561935913745,3.397739016064886
2019-05-23,27000.0,-26.438535309503052,1424.0,-13.696969696969695,6.536771728748807,11.72517014487024,3574.0,3194.0,4603.0,3977.0,3825.0,5001.0,4150.0,3928.0,4706.0,3716.0,4608.0,4714.0,4608.0,0.0,1.0,0.0,0.0,7.0,0.7,0.6,0.6,0.0,1.0,0.0,0.0,0.0,1.0,0.0,0.0,0.0,44.0,40.0,48.0,42.0,43.0,46.0,1431.0,1653.0,1656.0,1650.0,1659.0,1650.0,36704.0,33199.0,29159.0,26659.0,26309.0,26301.0,10.557546914063677,13.85507047566789,9.377696087625193,1.3303432285529666,0.0304170944070567,2.3823426369263108,2.108088104379967,-3.632092827567583,5.6955075094032015,0.1365484944337127,-2.653932992250867,-3.945860971588509,1139.0,1205.0,1202.0,1201.0,1233.0,1214.0,0.0208333333333333,11.36374182172521,9.39316261008604,6.601552988284949,4.40075699799452,2.590628531687386,-11.9457790606332,-8.533560594418129,-5.190762998835799,1.3157278725952208,-5.98717571516529,1.874023503115867,1.7923,1.6813,1.4799,1.3955,1.6563,1.7285,3283.840087890625,3348.639892578125,3311.27001953125,3207.659912109375,3222.840087890625,3278.3798828125,-1.9351081861958737,1.1285661642346267,3.230083932237705,-0.4710185850761695,-1.6941232226641103,2.3841002241917915,0.7645073942928556,0.6916458333333333,0.6765115307874344,0.6766071927108449,0.7118043342983145,0.7429031438013728,48.380398671096344,-41.42544393091705,40.40092521202776,-37.31271145480909,0.0304563696641868,-0.0513687227896387,0.2480340576192033,0.1435436766364475,0.0,0.585480093676815,0.2735978112175141,0.550206327372753,1.162790697674415,0.5847953216374144,0.4950495049505021,0.0,1650.0,-9.140969162995596,2.546523016650343,-0.7851673339293349,-1.2285483932890544,7.247561935913745,3.397739016064886,1.9084091271740864
2019-05-08,36704.0,10.557546914063677,1424.0,-13.696969696969695,6.536771728748807,11.72517014487024,3574.0,3194.0,4603.0,3977.0,3825.0,5001.0,4150.0,3928.0,4706.0,3716.0,4608.0,4714.0,4608.0,0.0,1.0,0.0,0.0,7.0,0.7,0.6,0.6,0.0,1.0,0.0,0.0,0.0,1.0,0.0,0.0,0.0,44.0,40.0,48.0,42.0,43.0,46.0,1653.0,1656.0,1650.0,1659.0,1650.0,1662.0,33199.0,29159.0,26659.0,26309.0,26301.0,25689.0,13.85507047566789,9.377696087625193,1.3303432285529666,0.0304170944070567,2.3823426369263108,-1.8379824226213224,-3.632092827567583,5.6955075094032015,0.1365484944337127,-2.653932992250867,-3.945860971588509,-9.443130710122425,1205.0,1202.0,1201.0,1233.0,1214.0,1202.0,11.36374182172521,9.39316261008604,6.601552988284949,4.40075699799452,2.590628531687386,1.5299067345317603,-8.533560594418129,-5.190762998835799,1.3157278725952208,-5.98717571516529,1.874023503115867,-5.394893990588284,1.6813,1.4799,1.3955,1.6563,1.7285,1.5633,3348.639892578125,3311.27001953125,3207.659912109375,3222.840087890625,3278.3798828125,3202.0400390625,1.1285661642346267,3.230083932237705,-0.4710185850761695,-1.6941232226641103,2.3841002241917915,0.9753660577169664,0.6916458333333333,0.6765115307874344,0.6766071927108449,0.7118043342983145,0.7429031438013728,0.74441450056507,48.380398671096344,-41.42544393091705,40.40092521202776,-37.31271145480909,0.0304563696641868,-0.0513687227896387,0.2480340576192033,0.1435436766364475,0.0,0.585480093676815,0.2735978112175141,0.550206327372753,1.162790697674415,0.5847953216374144,0.4950495049505021,0.0,1650.0,-9.140969162995596,2.546523016650343,-0.7851673339293349,-1.2285483932890544,7.247561935913745,3.397739016064886,1.9084091271740864
2019-04-17,33199.0,13.85507047566789,1650.0,-9.140969162995596,2.546523016650343,7.247561935913745,3194.0,4603.0,3977.0,3825.0,5001.0,4150.0,3928.0,4706.0,3716.0,4608.0,4714.0,4608.0,4972.0,0.0,1.0,0.0,0.0,7.0,0.7,0.6,0.6,0.0,1.0,0.0,0.0,0.0,1.0,0.0,0.0,0.0,40.0,48.0,53.0,43.0,46.0,46.0,1656.0,1650.0,1659.0,1650.0,1662.0,1818.0,29159.0,26659.0,26309.0,26301.0,25689.0,26170.0,9.377696087625193,1.3303432285529666,0.0304170944070567,2.3823426369263108,-1.8379824226213224,0.964506172839506,5.6955075094032015,0.1365484944337127,-2.653932992250867,-3.945860971588509,-9.443130710122425,5.625191259428862,1202.0,1201.0,1233.0,1214.0,1202.0,1244.0,9.39316261008604,6.601552988284949,4.40075699799452,2.590628531687386,1.5299067345317603,5.555900621118012,-5.190762998835799,1.3157278725952208,-5.98717571516529,1.874023503115867,-5.394893990588284,16.65035072639096,1.4799,1.3955,1.6563,1.7285,1.5633,1.4876,3311.27001953125,3207.659912109375,3222.840087890625,3278.3798828125,3202.0400390625,3171.110107421875,3.230083932237705,-0.4710185850761695,-1.6941232226641103,2.3841002241917915,0.9753660577169664,0.4129116447778605,0.6765115307874344,0.6766071927108449,0.7118043342983145,0.7429031438013728,0.74441450056507,0.7699549854364648,-41.42544393091705,40.30716723549488,-37.31271145480909,11.41626278944534,-0.0513687227896387,0.2138585419486866,0.1435436766364475,0.5333457470331812,0.585480093676815,-0.3500583430571728,0.550206327372753,-0.1373626373626295,0.5847953216374144,-0.7256894049346879,0.0,2.4081115335868075,1816.0,9.134615384615383,-0.7851673339293349,-1.2285483932890544,-5.527547060317,3.397739016064886,1.9084091271740864,-0.6909010236744525
2019-04-03,29159.0,9.377696087625193,1650.0,-9.140969162995596,2.546523016650343,7.247561935913745,3194.0,4603.0,3977.0,3825.0,5001.0,4150.0,3928.0,4706.0,3716.0,4608.0,4714.0,4608.0,4972.0,0.0,1.0,0.0,0.0,7.0,0.7,0.6,0.6,0.0,1.0,0.0,0.0,0.0,1.0,0.0,0.0,0.0,40.0,48.0,53.0,43.0,46.0,46.0,1650.0,1659.0,1650.0,1662.0,1818.0,1815.0,26659.0,26309.0,26301.0,25689.0,26170.0,25920.0,1.3303432285529666,0.0304170944070567,2.3823426369263108,-1.8379824226213224,0.964506172839506,1.643072820673699,0.1365484944337127,-2.653932992250867,-3.945860971588509,-9.443130710122425,5.625191259428862,3.2927630682386098,1201.0,1233.0,1214.0,1202.0,1244.0,1245.0,6.601552988284949,4.40075699799452,2.590628531687386,1.5299067345317603,5.555900621118012,3.86761717363956,1.3157278725952208,-5.98717571516529,1.874023503115867,-5.394893990588284,16.65035072639096,0.614163972965028,1.3955,1.6563,1.7285,1.5633,1.4876,1.6042,3207.659912109375,3222.840087890625,3278.3798828125,3202.0400390625,3171.110107421875,3158.070068359375,-0.4710185850761695,-1.6941232226641103,2.3841002241917915,0.9753660577169664,0.4129116447778605,3.2504591630262216,0.6766071927108449,0.7118043342983145,0.7429031438013728,0.74441450056507,0.7699549854364648,0.8049689440993789,-41.42544393091705,40.30716723549488,-37.31271145480909,11.41626278944534,-0.0513687227896387,0.2138585419486866,0.1435436766364475,0.5333457470331812,0.585480093676815,-0.3500583430571728,0.550206327372753,-0.1373626373626295,0.5847953216374144,-0.7256894049346879,0.0,2.4081115335868075,1816.0,9.134615384615383,-0.7851673339293349,-1.2285483932890544,-5.527547060317,3.397739016064886,1.9084091271740864,-0.6909010236744525
2019-03-20,26659.0,1.3303432285529666,1650.0,-9.140969162995596,-0.7851673339293349,3.397739016064886,4603.0,3977.0,3825.0,5001.0,4150.0,3928.0,4706.0,3716.0,4608.0,4714.0,4608.0,4972.0,4127.0,0.0,1.0,0.0,0.0,7.0,0.7,0.6,0.6,0.0,1.0,0.0,0.0,0.0,1.0,0.0,0.0,0.0,48.0,53.0,53.0,46.0,46.0,45.0,1659.0,1650.0,1662.0,1818.0,1815.0,1890.0,26309.0,26301.0,25689.0,26170.0,25920.0,25501.0,0.0304170944070567,2.3823426369263108,-1.8379824226213224,0.964506172839506,1.643072820673699,8.201799049558725,-2.653932992250867,-3.945860971588509,-9.443130710122425,5.625191259428862,3.2927630682386098,24.560083411714096,1233.0,1214.0,1202.0,1244.0,1245.0,1243.0,4.40075699799452,2.590628531687386,1.5299067345317603,5.555900621118012,3.86761717363956,0.0,-5.98717571516529,1.874023503115867,-5.394893990588284,16.65035072639096,0.614163972965028,1.0221736104206125,1.6563,1.7285,1.5633,1.4876,1.6042,1.5067,3222.840087890625,3278.3798828125,3202.0400390625,3171.110107421875,3158.070068359375,3058.64990234375,-1.6941232226641103,2.3841002241917915,0.9753660577169664,0.4129116447778605,3.2504591630262216,-3.0821447292445807,0.7118043342983145,0.7429031438013728,0.74441450056507,0.7699549854364648,0.8049689440993789,0.8225863681816715,40.30716723549488,-9.512044471896232,11.41626278944534,5.421515753619074,0.2138585419486866,-0.1697178876308969,0.5333457470331812,0.3513630751776836,-0.3500583430571728,0.116822429906552,-0.1373626373626295,-0.137174211248297,-0.7256894049346879,-0.8633093525179775,2.4081115335868075,0.2541296060991141,1816.0,9.134615384615383,-1.2285483932890544,-5.527547060317,-7.07448601280755,1.9084091271740864,-0.6909010236744525,-1.7683135643348589
2019-03-06,26309.0,0.0304170944070567,1650.0,-9.140969162995596,-0.7851673339293349,3.397739016064886,4603.0,3977.0,3825.0,5001.0,4150.0,3928.0,4706.0,3716.0,4608.0,4714.0,4608.0,4972.0,4127.0,0.0,1.0,0.0,0.0,7.0,0.7,0.6,0.6,0.0,1.0,0.0,0.0,0.0,1.0,0.0,0.0,0.0,48.0,53.0,53.0,46.0,46.0,45.0,1650.0,1662.0,1818.0,1815.0,1890.0,1878.0,26301.0,25689.0,26170.0,25920.0,25501.0,23568.0,2.3823426369263108,-1.8379824226213224,0.964506172839506,1.643072820673699,8.201799049558725,-5.728,-3.945860971588509,-9.443130710122425,5.625191259428862,3.2927630682386098,24.560083411714096,-5.537997115865189,1214.0,1202.0,1244.0,1245.0,1243.0,1239.0,2.590628531687386,1.5299067345317603,5.555900621118012,3.86761717363956,0.0,-0.3215330696762162,1.874023503115867,-5.394893990588284,16.65035072639096,0.614163972965028,1.0221736104206125,-0.175068034312256,1.7285,1.5633,1.4876,1.6042,1.5067,1.553,3278.3798828125,3202.0400390625,3171.110107421875,3158.070068359375,3058.64990234375,3155.919921875,2.3841002241917915,0.9753660577169664,0.4129116447778605,3.2504591630262216,-3.0821447292445807,3.85928038109287,0.7429031438013728,0.74441450056507,0.7699549854364648,0.8049689440993789,0.8225863681816715,0.7602335408535209,40.30716723549488,-9.512044471896232,11.41626278944534,5.421515753619074,0.2138585419486866,-0.1697178876308969,0.5333457470331812,0.3513630751776836,-0.3500583430571728,0.116822429906552,-0.1373626373626295,-0.137174211248297,-0.7256894049346879,-0.8633093525179775,2.4081115335868075,0.2541296060991141,1816.0,9.134615384615383,-1.2285483932890544,-5.527547060317,-7.07448601280755,1.9084091271740864,-0.6909010236744525,-1.7683135643348589
2019-02-20,26301.0,2.3823426369263108,1650.0,-9.140969162995596,-1.2285483932890544,1.9084091271740864,3977.0,3825.0,5001.0,4150.0,3928.0,4706.0,3716.0,4608.0,4714.0,4608.0,4972.0,4127.0,3595.0,0.0,1.0,0.0,0.0,7.0,0.7,0.6,0.6,0.0,1.0,0.0,0.0,0.0,1.0,0.0,0.0,0.0,53.0,53.0,54.0,46.0,45.0,41.0,1662.0,1818.0,1815.0,1890.0,1878.0,1818.0,25689.0,26170.0,25920.0,25501.0,23568.0,25000.0,-1.8379824226213224,0.964506172839506,1.643072820673699,8.201799049558725,-5.728,-11.34437391396858,-9.443130710122425,5.625191259428862,3.2927630682386098,24.560083411714096,-5.537997115865189,-21.64874788637165,1202.0,1244.0,1245.0,1243.0,1239.0,1241.0,1.5299067345317603,5.555900621118012,3.86761717363956,0.0,-0.3215330696762162,-3.718036034920438,-5.394893990588284,16.65035072639096,0.614163972965028,1.0221736104206125,-0.175068034312256,-15.007474921206732,1.5633,1.4876,1.6042,1.5067,1.553,1.4147,3202.0400390625,3171.110107421875,3158.070068359375,3058.64990234375,3155.919921875,3038.64990234375,0.9753660577169664,0.4129116447778605,3.2504591630262216,-3.0821447292445807,3.85928038109287,-1.7648190267477015,0.74441450056507,0.7699549854364648,0.8049689440993789,0.8225863681816715,0.7602335408535209,0.8038326741905405,-9.512044471896232,7.289595758780649,5.421515753619074,-5.270233933853186,-0.1697178876308969,-0.2007199323757451,0.3513630751776836,0.279399708888926,0.116822429906552,0.1169590643274787,-0.137174211248297,-0.8163265306122371,-0.8633093525179775,-1.2784090909090988,0.2541296060991141,0.0,1816.0,9.134615384615383,-5.527547060317,-7.07448601280755,-2.0274732532030115,-0.6909010236744525,-1.7683135643348589,-0.4894823259704451
2019-02-08,25689.0,-1.8379824226213224,1650.0,-9.140969162995596,-1.2285483932890544,1.9084091271740864,3977.0,3825.0,5001.0,4150.0,3928.0,4706.0,3716.0,4608.0,4714.0,4608.0,4972.0,4127.0,3595.0,0.0,1.0,0.0,0.0,7.0,0.7,0.6,0.6,0.0,1.0,0.0,0.0,0.0,1.0,0.0,0.0,0.0,53.0,53.0,54.0,46.0,45.0,41.0,1818.0,1815.0,1890.0,1878.0,1818.0,1819.0,26170.0,25920.0,25501.0,23568.0,25000.0,28199.0,0.964506172839506,1.643072820673699,8.201799049558725,-5.728,-11.34437391396858,10.341994052277352,5.625191259428862,3.2927630682386098,24.560083411714096,-5.537997115865189,-21.64874788637165,44.77606004962042,1244.0,1245.0,1243.0,1239.0,1241.0,1265.0,5.555900621118012,3.86761717363956,0.0,-0.3215330696762162,-3.718036034920438,3.1946840457478753,16.65035072639096,0.614163972965028,1.0221736104206125,-0.175068034312256,-15.007474921206732,16.139345100177177,1.4876,1.6042,1.5067,1.553,1.4147,1.2638,3171.110107421875,3158.070068359375,3058.64990234375,3155.919921875,3038.64990234375,3093.239990234375,0.4129116447778605,3.2504591630262216,-3.0821447292445807,3.85928038109287,-1.7648190267477015,0.7209108096157903,0.7699549854364648,0.8049689440993789,0.8225863681816715,0.7602335408535209,0.8038326741905405,0.8729800012383134,-9.512044471896232,7.289595758780649,5.421515753619074,-5.270233933853186,-0.1697178876308969,-0.2007199323757451,0.3513630751776836,0.279399708888926,0.116822429906552,0.1169590643274787,-0.137174211248297,-0.8163265306122371,-0.8633093525179775,-1.2784090909090988,0.2541296060991141,0.0,1816.0,9.134615384615383,-5.527547060317,-7.07448601280755,-2.0274732532030115,-0.6909010236744525,-1.7683135643348589,-0.4894823259704451
2019-01-23,26170.0,0.964506172839506,1816.0,9.134615384615383,-5.527547060317,-0.6909010236744525,3825.0,5001.0,4150.0,3928.0,4706.0,3716.0,4608.0,4714.0,4608.0,4972.0,4127.0,3595.0,5210.0,0.0,1.0,0.0,0.0,7.0,0.7,0.6,0.6,0.0,1.0,0.0,0.0,0.0,1.0,0.0,0.0,0.0,53.0,54.0,33.0,45.0,41.0,43.0,1815.0,1890.0,1878.0,1818.0,1819.0,1674.0,25920.0,25501.0,23568.0,25000.0,28199.0,25556.0,1.643072820673699,8.201799049558725,-5.728,-11.34437391396858,10.341994052277352,-10.194328284780546,3.2927630682386098,24.560083411714096,-5.537997115865189,-21.64874788637165,44.77606004962042,-12.359933920666512,1245.0,1243.0,1239.0,1241.0,1265.0,1273.0,3.86761717363956,0.0,-0.3215330696762162,-3.718036034920438,3.1946840457478753,0.0031947861090699,0.614163972965028,1.0221736104206125,-0.175068034312256,-15.007474921206732,16.139345100177177,-1.7452781857303832,1.6042,1.5067,1.553,1.4147,1.2638,1.1862,3158.070068359375,3058.64990234375,3155.919921875,3038.64990234375,3093.239990234375,3071.10009765625,3.2504591630262216,-3.0821447292445807,3.85928038109287,-1.7648190267477015,0.7209108096157903,-6.00782917777195,0.8049689440993789,0.8225863681816715,0.7602335408535209,0.8038326741905405,0.8729800012383134,0.8164334547313271,7.289595758780649,4.5375822653273294,-5.270233933853186,13.384146341463415,-0.2007199323757451,-0.2015791419300412,0.279399708888926,0.3643751889041878,0.1169590643274787,-0.2333722287047874,-0.8163265306122371,0.136239782016341,-1.2784090909090988,0.1422475106685754,0.0,0.0,1664.0,16.03905160390516,-7.07448601280755,-2.0274732532030115,-6.35455641794737,-1.7683135643348589,-0.4894823259704451,-3.289690505437876
2019-01-09,25920.0,1.643072820673699,1816.0,9.134615384615383,-5.527547060317,-0.6909010236744525,3825.0,5001.0,4150.0,3928.0,4706.0,3716.0,4608.0,4714.0,4608.0,4972.0,4127.0,3595.0,5210.0,0.0,1.0,0.0,0.0,7.0,0.7,0.6,0.6,0.0,1.0,0.0,0.0,0.0,1.0,0.0,0.0,0.0,53.0,54.0,33.0,45.0,41.0,43.0,1890.0,1878.0,1818.0,1819.0,1674.0,1668.0,25501.0,23568.0,25000.0,28199.0,25556.0,28457.0,8.201799049558725,-5.728,-11.34437391396858,10.341994052277352,-10.194328284780546,1.6321428571428571,24.560083411714096,-5.537997115865189,-21.64874788637165,44.77606004962042,-12.359933920666512,-0.2398081534772118,1243.0,1239.0,1241.0,1265.0,1273.0,1271.0,0.0,-0.3215330696762162,-3.718036034920438,3.1946840457478753,0.0031947861090699,-0.0191650429616379,1.0221736104206125,-0.175068034312256,-15.007474921206732,16.139345100177177,-1.7452781857303832,2.0111402245397287,1.5067,1.553,1.4147,1.2638,1.1862,1.0384,3058.64990234375,3155.919921875,3038.64990234375,3093.239990234375,3071.10009765625,3267.39990234375,-3.0821447292445807,3.85928038109287,-1.7648190267477015,0.7209108096157903,-6.00782917777195,2.859368187375968,0.8225863681816715,0.7602335408535209,0.8038326741905405,0.8729800012383134,0.8164334547313271,0.9091402830580493,7.289595758780649,4.5375822653273294,-5.270233933853186,13.384146341463415,-0.2007199323757451,-0.2015791419300412,0.279399708888926,0.3643751889041878,0.1169590643274787,-0.2333722287047874,-0.8163265306122371,0.136239782016341,-1.2784090909090988,0.1422475106685754,0.0,0.0,1664.0,16.03905160390516,-7.07448601280755,-2.0274732532030115,-6.35455641794737,-1.7683135643348589,-0.4894823259704451,-3.289690505437876
2018-12-19,25501.0,8.201799049558725,1816.0,9.134615384615383,-7.07448601280755,-1.7683135643348589,5001.0,4150.0,3928.0,4706.0,3716.0,4608.0,4714.0,4608.0,4972.0,4127.0,3595.0,5210.0,4102.0,0.0,1.0,0.0,0.0,7.0,0.7,0.6,0.6,0.0,1.0,0.0,0.0,0.0,1.0,0.0,0.0,0.0,54.0,33.0,39.0,41.0,43.0,41.0,1878.0,1818.0,1819.0,1674.0,1668.0,1664.0,23568.0,25000.0,28199.0,25556.0,28457.0,28000.0,-5.728,-11.34437391396858,10.341994052277352,-10.194328284780546,1.6321428571428571,-7.312390347247509,-5.537997115865189,-21.64874788637165,44.77606004962042,-12.359933920666512,-0.2398081534772118,-17.242765273311896,1239.0,1241.0,1265.0,1273.0,1271.0,1278.0,-0.3215330696762162,-3.718036034920438,3.1946840457478753,0.0031947861090699,-0.0191650429616379,-2.1686822286803538,-0.175068034312256,-15.007474921206732,16.139345100177177,-1.7452781857303832,2.0111402245397287,-5.401657292173438,1.553,1.4147,1.2638,1.1862,1.0384,1.0502,3155.919921875,3038.64990234375,3093.239990234375,3071.10009765625,3267.39990234375,3176.570068359375,3.85928038109287,-1.7648190267477015,0.7209108096157903,-6.00782917777195,2.859368187375968,0.642846606580089,0.7602335408535209,0.8038326741905405,0.8729800012383134,0.8164334547313271,0.9091402830580493,0.8943686715431054,4.5375822653273294,6.100698272693863,13.384146341463415,2.2443890274314215,-0.2015791419300412,-0.3146456692913386,0.3643751889041878,0.2437332938332783,-0.2333722287047874,0.0,0.136239782016341,-0.2717391304347671,0.1422475106685754,-0.1420454545454666,0.0,0.0,1664.0,16.03905160390516,-2.0274732532030115,-6.35455641794737,-5.4332251367078985,-0.4894823259704451,-3.289690505437876,-4.612614672344318
2018-12-05,23568.0,-5.728,1816.0,9.134615384615383,-7.07448601280755,-1.7683135643348589,5001.0,4150.0,3928.0,4706.0,3716.0,4608.0,4714.0,4608.0,4972.0,4127.0,3595.0,5210.0,4102.0,0.0,1.0,0.0,0.0,7.0,0.7,0.6,0.6,0.0,1.0,0.0,0.0,0.0,1.0,0.0,0.0,0.0,54.0,33.0,39.0,41.0,43.0,41.0,1818.0,1819.0,1674.0,1668.0,1664.0,1664.0,25000.0,28199.0,25556.0,28457.0,28000.0,30209.0,-11.34437391396858,10.341994052277352,-10.194328284780546,1.6321428571428571,-7.312390347247509,-5.588023877238491,-21.64874788637165,44.77606004962042,-12.359933920666512,-0.2398081534772118,-17.242765273311896,-14.031514194760458,1241.0,1265.0,1273.0,1271.0,1278.0,1274.0,-3.718036034920438,3.1946840457478753,0.0031947861090699,-0.0191650429616379,-2.1686822286803538,-1.3198063461716365,-15.007474921206732,16.139345100177177,-1.7452781857303832,2.0111402245397287,-5.401657292173438,-3.6964723396459975,1.4147,1.2638,1.1862,1.0384,1.0502,1.2874,3038.64990234375,3093.239990234375,3071.10009765625,3267.39990234375,3176.570068359375,3156.280029296875,-1.7648190267477015,0.7209108096157903,-6.00782917777195,2.859368187375968,0.642846606580089,-2.8804010712802848,0.8038326741905405,0.8729800012383134,0.8164334547313271,0.9091402830580493,0.8943686715431054,0.9440017499453142,4.5375822653273294,6.100698272693863,13.384146341463415,2.2443890274314215,-0.2015791419300412,-0.3146456692913386,0.3643751889041878,0.2437332938332783,-0.2333722287047874,0.0,0.136239782016341,-0.2717391304347671,0.1422475106685754,-0.1420454545454666,0.0,0.0,1664.0,16.03905160390516,-2.0274732532030115,-6.35455641794737,-5.4332251367078985,-0.4894823259704451,-3.289690505437876,-4.612614672344318
2018-11-21,25000.0,-11.34437391396858,1816.0,9.134615384615383,-2.0274732532030115,-0.4894823259704451,4150.0,3928.0,4706.0,3716.0,4608.0,4714.0,4608.0,4972.0,4127.0,3595.0,5210.0,4102.0,3886.0,0.0,1.0,0.0,0.0,7.0,0.7,0.6,0.6,0.0,1.0,0.0,0.0,0.0,1.0,0.0,0.0,0.0,33.0,39.0,55.0,43.0,41.0,43.0,1819.0,1674.0,1668.0,1664.0,1664.0,1695.0,28199.0,25556.0,28457.0,28000.0,30209.0,31997.0,10.341994052277352,-10.194328284780546,1.6321428571428571,-7.312390347247509,-5.588023877238491,-5.328717675602106,44.77606004962042,-12.359933920666512,-0.2398081534772118,-17.242765273311896,-14.031514194760458,-19.95602421915789,1265.0,1273.0,1271.0,1278.0,1274.0,1272.0,3.1946840457478753,0.0031947861090699,-0.0191650429616379,-2.1686822286803538,-1.3198063461716365,-5.677554463220965,16.139345100177177,-1.7452781857303832,2.0111402245397287,-5.401657292173438,-3.6964723396459975,-5.2615800559311925,1.2638,1.1862,1.0384,1.0502,1.2874,1.4006,3093.239990234375,3071.10009765625,3267.39990234375,3176.570068359375,3156.280029296875,3249.889892578125,0.7209108096157903,-6.00782917777195,2.859368187375968,0.642846606580089,-2.8804010712802848,-2.310072259384352,0.8729800012383134,0.8164334547313271,0.9091402830580493,0.8943686715431054,0.9440017499453142,0.986678590150791,6.100698272693863,32.15152986886839,2.2443890274314215,0.0311817898347365,-0.3146456692913386,-0.401530836313445,0.2437332938332783,0.1547606604470189,0.0,0.3512880562060856,-0.2717391304347671,0.4092769440654805,-0.1420454545454666,0.2849002849002889,0.0,0.0,1664.0,16.03905160390516,-6.35455641794737,-5.4332251367078985,-7.986008341181219,-3.289690505437876,-4.612614672344318,-5.142593797440902
2018-11-08,28199.0,10.341994052277352,1816.0,9.134615384615383,-2.0274732532030115,-0.4894823259704451,4150.0,3928.0,4706.0,3716.0,4608.0,4714.0,4608.0,4972.0,4127.0,3595.0,5210.0,4102.0,3886.0,0.0,1.0,0.0,0.0,7.0,0.7,0.6,0.6,0.0,1.0,0.0,0.0,0.0,1.0,0.0,0.0,0.0,33.0,39.0,55.0,43.0,41.0,43.0,1674.0,1668.0,1664.0,1664.0,1695.0,1672.0,25556.0,28457.0,28000.0,30209.0,31997.0,33798.0,-10.194328284780546,1.6321428571428571,-7.312390347247509,-5.588023877238491,-5.328717675602106,3.3609590507354965,-12.359933920666512,-0.2398081534772118,-17.242765273311896,-14.031514194760458,-19.95602421915789,1.142518135514732,1273.0,1271.0,1278.0,1274.0,1272.0,1265.0,0.0031947861090699,-0.0191650429616379,-2.1686822286803538,-1.3198063461716365,-5.677554463220965,5.621947098399435,-1.7452781857303832,2.0111402245397287,-5.401657292173438,-3.6964723396459975,-5.2615800559311925,12.856045329933451,1.1862,1.0384,1.0502,1.2874,1.4006,1.3677,3071.10009765625,3267.39990234375,3176.570068359375,3156.280029296875,3249.889892578125,3326.739990234375,-6.00782917777195,2.859368187375968,0.642846606580089,-2.8804010712802848,-2.310072259384352,2.6613173965244563,0.8164334547313271,0.9091402830580493,0.8943686715431054,0.9440017499453142,0.986678590150791,0.9830429597742939,6.100698272693863,32.15152986886839,2.2443890274314215,0.0311817898347365,-0.3146456692913386,-0.401530836313445,0.2437332938332783,0.1547606604470189,0.0,0.3512880562060856,-0.2717391304347671,0.4092769440654805,-0.1420454545454666,0.2849002849002889,0.0,0.0,1664.0,16.03905160390516,-6.35455641794737,-5.4332251367078985,-7.986008341181219,-3.289690505437876,-4.612614672344318,-5.142593797440902
2018-10-17,25556.0,-10.194328284780546,1664.0,16.03905160390516,-6.35455641794737,-3.289690505437876,3928.0,4706.0,3716.0,4608.0,4714.0,4608.0,4972.0,4127.0,3595.0,5210.0,4102.0,3886.0,4669.0,0.0,1.0,0.0,0.0,7.0,0.7,0.6,0.6,0.0,1.0,0.0,0.0,0.0,1.0,0.0,0.0,0.0,39.0,55.0,81.0,41.0,43.0,60.0,1668.0,1664.0,1664.0,1695.0,1672.0,1443.0,28457.0,28000.0,30209.0,31997.0,33798.0,32699.0,1.6321428571428571,-7.312390347247509,-5.588023877238491,-5.328717675602106,3.3609590507354965,30.796,-0.2398081534772118,-17.242765273311896,-14.031514194760458,-19.95602421915789,1.142518135514732,89.5949312923483,1271.0,1278.0,1274.0,1272.0,1265.0,1285.0,-0.0191650429616379,-2.1686822286803538,-1.3198063461716365,-5.677554463220965,5.621947098399435,5.0032258064516135,2.0111402245397287,-5.401657292173438,-3.6964723396459975,-5.2615800559311925,12.856045329933451,17.500314944534097,1.0384,1.0502,1.2874,1.4006,1.3677,0.9868,3267.39990234375,3176.570068359375,3156.280029296875,3249.889892578125,3326.739990234375,3240.5,2.859368187375968,0.642846606580089,-2.8804010712802848,-2.310072259384352,2.6613173965244563,-0.1352863340036832,0.9091402830580493,0.8943686715431054,0.9440017499453142,0.986678590150791,0.9830429597742939,1.0045467113145525,32.15152986886839,-65.26067150329003,0.0311817898347365,-29.17402826855124,-0.401530836313445,-0.6711660341378601,0.1547606604470189,0.0982125982125982,0.3512880562060856,-0.1169590643274787,0.4092769440654805,-0.5427408412483116,0.2849002849002889,-0.2840909090909131,0.0,0.0,1434.0,-7.958921694480104,-5.4332251367078985,-7.986008341181219,-2.7450672528392737,-4.612614672344318,-5.142593797440902,-2.6855906716614784
2018-10-03,28457.0,1.6321428571428571,1664.0,16.03905160390516,-6.35455641794737,-3.289690505437876,3928.0,4706.0,3716.0,4608.0,4714.0,4608.0,4972.0,4127.0,3595.0,5210.0,4102.0,3886.0,4669.0,0.0,1.0,0.0,0.0,7.0,0.7,0.6,0.6,0.0,1.0,0.0,0.0,0.0,1.0,0.0,0.0,0.0,39.0,55.0,81.0,41.0,43.0,60.0,1664.0,1664.0,1695.0,1672.0,1443.0,1435.0,28000.0,30209.0,31997.0,33798.0,32699.0,25000.0,-7.312390347247509,-5.588023877238491,-5.328717675602106,3.3609590507354965,30.796,-26.7077103488713,-17.242765273311896,-14.031514194760458,-19.95602421915789,1.142518135514732,89.5949312923483,-9.875461413737195,1278.0,1274.0,1272.0,1265.0,1285.0,1288.0,-2.1686822286803538,-1.3198063461716365,-5.677554463220965,5.621947098399435,5.0032258064516135,-8.55457227138643,-5.401657292173438,-3.6964723396459975,-5.2615800559311925,12.856045329933451,17.500314944534097,-3.2627555510850605,1.0502,1.2874,1.4006,1.3677,0.9868,0.8986,3176.570068359375,3156.280029296875,3249.889892578125,3326.739990234375,3240.5,3244.889892578125,0.642846606580089,-2.8804010712802848,-2.310072259384352,2.6613173965244563,-0.1352863340036832,-2.1415004028147404,0.8943686715431054,0.9440017499453142,0.986678590150791,0.9830429597742939,1.0045467113145525,0.8064516129032258,32.15152986886839,-65.26067150329003,0.0311817898347365,-29.17402826855124,-0.401530836313445,-0.6711660341378601,0.1547606604470189,0.0982125982125982,0.3512880562060856,-0.1169590643274787,0.4092769440654805,-0.5427408412483116,0.2849002849002889,-0.2840909090909131,0.0,0.0,1434.0,-7.958921694480104,-5.4332251367078985,-7.986008341181219,-2.7450672528392737,-4.612614672344318,-5.142593797440902,-2.6855906716614784
2018-09-19,28000.0,-7.312390347247509,1664.0,16.03905160390516,-5.4332251367078985,-4.612614672344318,4706.0,3716.0,4608.0,4714.0,4608.0,4972.0,4127.0,3595.0,5210.0,4102.0,3886.0,4669.0,4629.0,0.0,1.0,0.0,0.0,7.0,0.7,0.6,0.6,0.0,1.0,0.0,0.0,0.0,1.0,0.0,0.0,0.0,55.0,81.0,48.0,43.0,60.0,44.0,1664.0,1695.0,1672.0,1443.0,1435.0,1446.0,30209.0,31997.0,33798.0,32699.0,25000.0,34110.0,-5.588023877238491,-5.328717675602106,3.3609590507354965,30.796,-26.7077103488713,-6.358095865590513,-14.031514194760458,-19.95602421915789,1.142518135514732,89.5949312923483,-9.875461413737195,6.822741329366632,1274.0,1272.0,1265.0,1285.0,1288.0,1316.0,-1.3198063461716365,-5.677554463220965,5.621947098399435,5.0032258064516135,-8.55457227138643,-5.833333333333333,-3.6964723396459975,-5.2615800559311925,12.856045329933451,17.500314944534097,-3.2627555510850605,-1.6339366014118784,1.2874,1.4006,1.3677,0.9868,0.8986,1.0439,3156.280029296875,3249.889892578125,3326.739990234375,3240.5,3244.889892578125,3315.89990234375,-2.8804010712802848,-2.310072259384352,2.6613173965244563,-0.1352863340036832,-2.1415004028147404,-4.3805789153170025,0.9440017499453142,0.986678590150791,0.9830429597742939,1.0045467113145525,0.8064516129032258,1.0061946902654868,-65.26067150329003,52.404217022370794,-29.17402826855124,28.526823729775757,-0.6711660341378601,0.6599128061976602,0.0982125982125982,0.6013071895424836,-0.1169590643274787,0.0,-0.5427408412483116,-0.2706359945872839,-0.2840909090909131,-0.7052186177715091,0.0,0.0,1434.0,-7.958921694480104,-7.986008341181219,-2.7450672528392737,0.0576036866359447,-5.142593797440902,-2.6855906716614784,-2.0820417441620167
2018-09-05,30209.0,-5.588023877238491,1664.0,16.03905160390516,-5.4332251367078985,-4.612614672344318,4706.0,3716.0,4608.0,4714.0,4608.0,4972.0,4127.0,3595.0,5210.0,4102.0,3886.0,4669.0,4629.0,0.0,1.0,0.0,0.0,7.0,0.7,0.6,0.6,0.0,1.0,0.0,0.0,0.0,1.0,0.0,0.0,0.0,55.0,81.0,48.0,43.0,60.0,44.0,1695.0,1672.0,1443.0,1435.0,1446.0,1441.0,31997.0,33798.0,32699.0,25000.0,34110.0,36426.0,-5.328717675602106,3.3609590507354965,30.796,-26.7077103488713,-6.358095865590513,-4.144627772953343,-19.95602421915789,1.142518135514732,89.5949312923483,-9.875461413737195,6.822741329366632,-6.4952201168394526,1272.0,1265.0,1285.0,1288.0,1316.0,1293.0,-5.677554463220965,5.621947098399435,5.0032258064516135,-8.55457227138643,-5.833333333333333,-5.235726131248519,-5.2615800559311925,12.856045329933451,17.500314944534097,-3.2627555510850605,-1.6339366014118784,-10.51470157647424,1.4006,1.3677,0.9868,0.8986,1.0439,1.0636,3249.889892578125,3326.739990234375,3240.5,3244.889892578125,3315.89990234375,3467.81005859375,-2.310072259384352,2.6613173965244563,-0.1352863340036832,-2.1415004028147404,-4.3805789153170025,-0.8140092378023958,0.986678590150791,0.9830429597742939,1.0045467113145525,0.8064516129032258,1.0061946902654868,1.0118333333333334,-65.26067150329003,52.404217022370794,-29.17402826855124,28.526823729775757,-0.6711660341378601,0.6599128061976602,0.0982125982125982,0.6013071895424836,-0.1169590643274787,0.0,-0.5427408412483116,-0.2706359945872839,-0.2840909090909131,-0.7052186177715091,0.0,0.0,1434.0,-7.958921694480104,-7.986008341181219,-2.7450672528392737,0.0576036866359447,-5.142593797440902,-2.6855906716614784,-2.0820417441620167
2018-08-23,31997.0,-5.328717675602106,1664.0,16.03905160390516,-7.986008341181219,-5.142593797440902,3716.0,4608.0,4714.0,4608.0,4972.0,4127.0,3595.0,5210.0,4102.0,3886.0,4669.0,4629.0,4242.0,0.0,1.0,0.0,0.0,7.0,0.7,0.6,0.6,0.0,1.0,0.0,0.0,0.0,1.0,0.0,0.0,0.0,81.0,48.0,44.0,60.0,44.0,48.0,1672.0,1443.0,1435.0,1446.0,1441.0,1434.0,33798.0,32699.0,25000.0,34110.0,36426.0,38001.0,3.3609590507354965,30.796,-26.7077103488713,-6.358095865590513,-4.144627772953343,-2.413908220127886,1.142518135514732,89.5949312923483,-9.875461413737195,6.822741329366632,-6.4952201168394526,-1.6198955949961014,1265.0,1285.0,1288.0,1316.0,1293.0,1283.0,5.621947098399435,5.0032258064516135,-8.55457227138643,-5.833333333333333,-5.235726131248519,-1.329835588686008,12.856045329933451,17.500314944534097,-3.2627555510850605,-1.6339366014118784,-10.51470157647424,-11.344676864874057,1.3677,0.9868,0.8986,1.0439,1.0636,1.0471,3326.739990234375,3240.5,3244.889892578125,3315.89990234375,3467.81005859375,3496.27001953125,2.6613173965244563,-0.1352863340036832,-2.1415004028147404,-4.3805789153170025,-0.8140092378023958,-1.4730006976350585,0.9830429597742939,1.0045467113145525,0.8064516129032258,1.0061946902654868,1.0118333333333334,1.0003158809128958,52.404217022370794,16.367444643925793,28.526823729775757,-2.544951590594744,0.6599128061976602,0.0740754690923244,0.6013071895424836,0.2211824755423224,0.0,0.7067137809187212,-0.2706359945872839,0.1355013550135617,-0.7052186177715091,0.2828854314002869,0.0,0.0,1434.0,-7.958921694480104,-2.7450672528392737,0.0576036866359447,-1.197775190790325,-2.6855906716614784,-2.0820417441620167,-5.305643208336391
2018-08-08,33798.0,3.3609590507354965,1664.0,16.03905160390516,-7.986008341181219,-5.142593797440902,3716.0,4608.0,4714.0,4608.0,4972.0,4127.0,3595.0,5210.0,4102.0,3886.0,4669.0,4629.0,4242.0,0.0,1.0,0.0,0.0,7.0,0.7,0.6,0.6,0.0,1.0,0.0,0.0,0.0,1.0,0.0,0.0,0.0,81.0,48.0,44.0,60.0,44.0,48.0,1443.0,1435.0,1446.0,1441.0,1434.0,1435.0,32699.0,25000.0,34110.0,36426.0,38001.0,38941.0,30.796,-26.7077103488713,-6.358095865590513,-4.144627772953343,-2.413908220127886,1.1191898208257596,89.5949312923483,-9.875461413737195,6.822741329366632,-6.4952201168394526,-1.6198955949961014,-1.1540716013263383,1285.0,1288.0,1316.0,1293.0,1283.0,1280.0,5.0032258064516135,-8.55457227138643,-5.833333333333333,-5.235726131248519,-1.329835588686008,3.136887222073399,17.500314944534097,-3.2627555510850605,-1.6339366014118784,-10.51470157647424,-11.344676864874057,24.317474921834297,0.9868,0.8986,1.0439,1.0636,1.0471,0.972,3240.5,3244.889892578125,3315.89990234375,3467.81005859375,3496.27001953125,3548.5400390625,-0.1352863340036832,-2.1415004028147404,-4.3805789153170025,-0.8140092378023958,-1.4730006976350585,-0.2608346998603085,1.0045467113145525,0.8064516129032258,1.0061946902654868,1.0118333333333334,1.0003158809128958,1.0114282745902703,52.404217022370794,16.367444643925793,28.526823729775757,-2.544951590594744,0.6599128061976602,0.0740754690923244,0.6013071895424836,0.2211824755423224,0.0,0.7067137809187212,-0.2706359945872839,0.1355013550135617,-0.7052186177715091,0.2828854314002869,0.0,0.0,1434.0,-7.958921694480104,-2.7450672528392737,0.0576036866359447,-1.197775190790325,-2.6855906716614784,-2.0820417441620167,-5.305643208336391
2018-07-18,32699.0,30.796,1434.0,-7.958921694480104,-2.7450672528392737,-2.6855906716614784,4608.0,4714.0,4608.0,4972.0,4127.0,3595.0,5210.0,4102.0,3886.0,4669.0,4629.0,4242.0,4636.0,0.0,1.0,0.0,0.0,7.0,0.7,0.6,0.6,0.0,1.0,0.0,0.0,0.0,1.0,0.0,0.0,0.0,48.0,44.0,52.0,44.0,48.0,46.0,1435.0,1446.0,1441.0,1434.0,1435.0,1566.0,25000.0,34110.0,36426.0,38001.0,38941.0,38510.0,-26.7077103488713,-6.358095865590513,-4.144627772953343,-2.413908220127886,1.1191898208257596,4.081081081081081,-9.875461413737195,6.822741329366632,-6.4952201168394526,-1.6198955949961014,-1.1540716013263383,7.362288135593214,1288.0,1316.0,1293.0,1283.0,1280.0,1417.0,-8.55457227138643,-5.833333333333333,-5.235726131248519,-1.329835588686008,3.136887222073399,-0.7312857332801489,-3.2627555510850605,-1.6339366014118784,-10.51470157647424,-11.344676864874057,24.317474921834297,11.37243645106177,0.8986,1.0439,1.0636,1.0471,0.972,0.5109,3244.889892578125,3315.89990234375,3467.81005859375,3496.27001953125,3548.5400390625,3557.820068359375,-2.1415004028147404,-4.3805789153170025,-0.8140092378023958,-1.4730006976350585,-0.2608346998603085,6.531129154610531,0.8064516129032258,1.0061946902654868,1.0118333333333334,1.0003158809128958,1.0114282745902703,1.031609965175462,16.367444643925793,-9.0364725095264,-2.544951590594744,9.115605191669182,0.0740754690923244,-0.0821687532930225,0.2211824755423224,0.2839173773132271,0.7067137809187212,-0.4689331770222643,0.1355013550135617,0.1356852103120683,0.2828854314002869,0.2836879432624154,0.0,0.0,1558.0,-7.261904761904763,0.0576036866359447,-1.197775190790325,-1.5761063298874574,-2.0820417441620167,-5.305643208336391,-9.149295524245522
2018-07-04,25000.0,-26.7077103488713,1434.0,-7.958921694480104,-2.7450672528392737,-2.6855906716614784,4608.0,4714.0,4608.0,4972.0,4127.0,3595.0,5210.0,4102.0,3886.0,4669.0,4629.0,4242.0,4636.0,0.0,1.0,0.0,0.0,7.0,0.7,0.6,0.6,0.0,1.0,0.0,0.0,0.0,1.0,0.0,0.0,0.0,48.0,44.0,52.0,44.0,48.0,46.0,1446.0,1441.0,1434.0,1435.0,1566.0,1566.0,34110.0,36426.0,38001.0,38941.0,38510.0,37000.0,-6.358095865590513,-4.144627772953343,-2.413908220127886,1.1191898208257596,4.081081081081081,-2.631578947368421,6.822741329366632,-6.4952201168394526,-1.6198955949961014,-1.1540716013263383,7.362288135593214,-11.215840145848448,1316.0,1293.0,1283.0,1280.0,1417.0,1389.0,-5.833333333333333,-5.235726131248519,-1.329835588686008,3.136887222073399,-0.7312857332801489,1.6076736017292623,-1.6339366014118784,-10.51470157647424,-11.344676864874057,24.317474921834297,11.37243645106177,4.0151174727254215,1.0439,1.0636,1.0471,0.972,0.5109,0.6907,3315.89990234375,3467.81005859375,3496.27001953125,3548.5400390625,3557.820068359375,3339.699951171875,-4.3805789153170025,-0.8140092378023958,-1.4730006976350585,-0.2608346998603085,6.531129154610531,-4.882471949551051,1.0061946902654868,1.0118333333333334,1.0003158809128958,1.0114282745902703,1.031609965175462,0.9839117138678367,16.367444643925793,-9.0364725095264,-2.544951590594744,9.115605191669182,0.0740754690923244,-0.0821687532930225,0.2211824755423224,0.2839173773132271,0.7067137809187212,-0.4689331770222643,0.1355013550135617,0.1356852103120683,0.2828854314002869,0.2836879432624154,0.0,0.0,1558.0,-7.261904761904763,0.0576036866359447,-1.197775190790325,-1.5761063298874574,-2.0820417441620167,-5.305643208336391,-9.149295524245522
2018-06-20,34110.0,-6.358095865590513,1434.0,-7.958921694480104,0.0576036866359447,-2.0820417441620167,4714.0,4608.0,4972.0,4127.0,3595.0,5210.0,4102.0,3886.0,4669.0,4629.0,4242.0,4636.0,5531.0,0.0,1.0,0.0,0.0,7.0,0.7,0.6,0.6,0.0,1.0,0.0,0.0,0.0,1.0,0.0,0.0,0.0,44.0,52.0,54.0,48.0,46.0,49.0,1441.0,1434.0,1435.0,1566.0,1566.0,1559.0,36426.0,38001.0,38941.0,38510.0,37000.0,38000.0,-4.144627772953343,-2.413908220127886,1.1191898208257596,4.081081081081081,-2.631578947368421,-2.137522534123101,-6.4952201168394526,-1.6198955949961014,-1.1540716013263383,7.362288135593214,-11.215840145848448,-10.78934068029642,1293.0,1283.0,1280.0,1417.0,1389.0,1402.0,-5.235726131248519,-1.329835588686008,3.136887222073399,-0.7312857332801489,1.6076736017292623,-5.104997307761339,-10.51470157647424,-11.344676864874057,24.317474921834297,11.37243645106177,4.0151174727254215,-6.125276179692127,1.0636,1.0471,0.972,0.5109,0.6907,0.8394,3467.81005859375,3496.27001953125,3548.5400390625,3557.820068359375,3339.699951171875,3511.1298828125,-0.8140092378023958,-1.4730006976350585,-0.2608346998603085,6.531129154610531,-4.882471949551051,1.7515320829323506,1.0118333333333334,1.0003158809128958,1.0114282745902703,1.031609965175462,0.9839117138678367,1.026749527154823,-9.0364725095264,37.70614692653673,9.115605191669182,30.38173947264856,-0.0821687532930225,0.114288584956608,0.2839173773132271,0.0922216187968152,-0.4689331770222643,-0.2339181286549741,0.1356852103120683,-0.6738544474393531,0.2836879432624154,-0.423728813559318,0.0,-0.1269035532994852,1558.0,-7.261904761904763,-1.197775190790325,-1.5761063298874574,-6.761312378329613,-5.305643208336391,-9.149295524245522,-11.0324647079758
2018-06-06,36426.0,-4.144627772953343,1434.0,-7.958921694480104,0.0576036866359447,-2.0820417441620167,4714.0,4608.0,4972.0,4127.0,3595.0,5210.0,4102.0,3886.0,4669.0,4629.0,4242.0,4636.0,5531.0,0.0,1.0,0.0,0.0,7.0,0.7,0.6,0.6,0.0,1.0,0.0,0.0,0.0,1.0,0.0,0.0,0.0,44.0,52.0,54.0,48.0,46.0,49.0,1434.0,1435.0,1566.0,1566.0,1559.0,1580.0,38001.0,38941.0,38510.0,37000.0,38000.0,38830.0,-2.413908220127886,1.1191898208257596,4.081081081081081,-2.631578947368421,-2.137522534123101,5.487639228470524,-1.6198955949961014,-1.1540716013263383,7.362288135593214,-11.215840145848448,-10.78934068029642,14.693741718417009,1283.0,1280.0,1417.0,1389.0,1402.0,1390.0,-1.329835588686008,3.136887222073399,-0.7312857332801489,1.6076736017292623,-5.104997307761339,0.0025641025641025,-11.344676864874057,24.317474921834297,11.37243645106177,4.0151174727254215,-6.125276179692127,-0.6740066662266491,1.0471,0.972,0.5109,0.6907,0.8394,0.9706,3496.27001953125,3548.5400390625,3557.820068359375,3339.699951171875,3511.1298828125,3450.68994140625,-1.4730006976350585,-0.2608346998603085,6.531129154610531,-4.882471949551051,1.7515320829323506,-1.8639292488417616,1.0003158809128958,1.0114282745902703,1.031609965175462,0.9839117138678367,1.026749527154823,0.9956154970385375,-9.0364725095264,37.70614692653673,9.115605191669182,30.38173947264856,-0.0821687532930225,0.114288584956608,0.2839173773132271,0.0922216187968152,-0.4689331770222643,-0.2339181286549741,0.1356852103120683,-0.6738544474393531,0.2836879432624154,-0.423728813559318,0.0,-0.1269035532994852,1558.0,-7.261904761904763,-1.197775190790325,-1.5761063298874574,-6.761312378329613,-5.305643208336391,-9.149295524245522,-11.0324647079758
2018-05-23,38001.0,-2.413908220127886,1434.0,-7.958921694480104,-1.197775190790325,-5.305643208336391,4608.0,4972.0,4127.0,3595.0,5210.0,4102.0,3886.0,4669.0,4629.0,4242.0,4636.0,5531.0,5237.0,0.0,1.0,0.0,0.0,7.0,0.7,0.6,0.6,0.0,1.0,0.0,0.0,0.0,1.0,0.0,0.0,0.0,52.0,54.0,59.0,46.0,49.0,50.0,1435.0,1566.0,1566.0,1559.0,1580.0,1562.0,38941.0,38510.0,37000.0,38000.0,38830.0,36810.0,1.1191898208257596,4.081081081081081,-2.631578947368421,-2.137522534123101,5.487639228470524,-7.975,-1.1540716013263383,7.362288135593214,-11.215840145848448,-10.78934068029642,14.693741718417009,-13.505053303955547,1280.0,1417.0,1389.0,1402.0,1390.0,1391.0,3.136887222073399,-0.7312857332801489,1.6076736017292623,-5.104997307761339,0.0025641025641025,-7.849345494069277,24.317474921834297,11.37243645106177,4.0151174727254215,-6.125276179692127,-0.6740066662266491,-4.409127727165471,0.972,0.5109,0.6907,0.8394,0.9706,0.6945,3548.5400390625,3557.820068359375,3339.699951171875,3511.1298828125,3450.68994140625,3516.22998046875,-0.2608346998603085,6.531129154610531,-4.882471949551051,1.7515320829323506,-1.8639292488417616,3.914567484578918,1.0114282745902703,1.031609965175462,0.9839117138678367,1.026749527154823,0.9956154970385375,0.9438461538461539,37.70614692653673,-24.290578887627696,30.38173947264856,24.25427872860636,0.114288584956608,0.0659792259694233,0.0922216187968152,0.1036003692686429,-0.2339181286549741,0.470035252643955,-0.6738544474393531,-0.1345895020188348,-0.423728813559318,-0.979020979020983,-0.1269035532994852,0.127064803049548,1558.0,-7.261904761904763,-1.5761063298874574,-6.761312378329613,-1.9734698626949032,-9.149295524245522,-11.0324647079758,-3.238889632874825
2018-05-09,38941.0,1.1191898208257596,1434.0,-7.958921694480104,-1.197775190790325,-5.305643208336391,4608.0,4972.0,4127.0,3595.0,5210.0,4102.0,3886.0,4669.0,4629.0,4242.0,4636.0,5531.0,5237.0,0.0,1.0,0.0,0.0,7.0,0.7,0.6,0.6,0.0,1.0,0.0,0.0,0.0,1.0,0.0,0.0,0.0,52.0,54.0,59.0,46.0,49.0,50.0,1566.0,1566.0,1559.0,1580.0,1562.0,1557.0,38510.0,37000.0,38000.0,38830.0,36810.0,40000.0,4.081081081081081,-2.631578947368421,-2.137522534123101,5.487639228470524,-7.975,8.43046896177826,7.362288135593214,-11.215840145848448,-10.78934068029642,14.693741718417009,-13.505053303955547,35.62230692905901,1417.0,1389.0,1402.0,1390.0,1391.0,1396.0,-0.7312857332801489,1.6076736017292623,-5.104997307761339,0.0025641025641025,-7.849345494069277,-0.7946367876983662,11.37243645106177,4.0151174727254215,-6.125276179692127,-0.6740066662266491,-4.409127727165471,9.51184590278668,0.5109,0.6907,0.8394,0.9706,0.6945,0.4122,3557.820068359375,3339.699951171875,3511.1298828125,3450.68994140625,3516.22998046875,3383.77001953125,6.531129154610531,-4.882471949551051,1.7515320829323506,-1.8639292488417616,3.914567484578918,-4.464819730097122,1.031609965175462,0.9839117138678367,1.026749527154823,0.9956154970385375,0.9438461538461539,0.9451349180095459,37.70614692653673,-24.290578887627696,30.38173947264856,24.25427872860636,0.114288584956608,0.0659792259694233,0.0922216187968152,0.1036003692686429,-0.2339181286549741,0.470035252643955,-0.6738544474393531,-0.1345895020188348,-0.423728813559318,-0.979020979020983,-0.1269035532994852,0.127064803049548,1558.0,-7.261904761904763,-1.5761063298874574,-6.761312378329613,-1.9734698626949032,-9.149295524245522,-11.0324647079758,-3.238889632874825
2018-04-18,38510.0,4.081081081081081,1558.0,-7.261904761904763,-1.5761063298874574,-9.149295524245522,4972.0,4127.0,3595.0,5210.0,4102.0,3886.0,4669.0,4629.0,4242.0,4636.0,5531.0,5237.0,5485.0,0.0,1.0,0.0,0.0,7.0,0.7,0.6,0.6,0.0,1.0,0.0,0.0,0.0,1.0,0.0,0.0,0.0,54.0,59.0,55.0,49.0,50.0,50.0,1566.0,1559.0,1580.0,1562.0,1557.0,1713.0,37000.0,38000.0,38830.0,36810.0,40000.0,36890.0,-2.631578947368421,-2.137522534123101,5.487639228470524,-7.975,8.43046896177826,-10.893719806763286,-11.215840145848448,-10.78934068029642,14.693741718417009,-13.505053303955547,35.62230692905901,-15.39871776623987,1389.0,1402.0,1390.0,1391.0,1396.0,1381.0,1.6076736017292623,-5.104997307761339,0.0025641025641025,-7.849345494069277,-0.7946367876983662,-5.80273355560953,4.0151174727254215,-6.125276179692127,-0.6740066662266491,-4.409127727165471,9.51184590278668,-9.13218000384648,0.6907,0.8394,0.9706,0.6945,0.4122,0.686,3339.699951171875,3511.1298828125,3450.68994140625,3516.22998046875,3383.77001953125,3541.909912109375,-4.882471949551051,1.7515320829323506,-1.8639292488417616,3.914567484578918,-4.464819730097122,1.1638999938008825,0.9839117138678367,1.026749527154823,0.9956154970385375,0.9438461538461539,0.9451349180095459,0.8647242211856262,-24.290578887627696,-19.340810254062717,24.25427872860636,-64.42240779401531,0.0659792259694233,-0.0797398096290529,0.1036003692686429,-0.4082827945748444,0.470035252643955,-0.2344665885111405,-0.1345895020188348,-0.5354752342704227,-0.979020979020983,0.0,0.127064803049548,-1.006289308176097,1680.0,-7.43801652892562,-6.761312378329613,-1.9734698626949032,0.6370321794931847,-11.0324647079758,-3.238889632874825,0.8119575699132112
2018-04-04,37000.0,-2.631578947368421,1558.0,-7.261904761904763,-1.5761063298874574,-9.149295524245522,4972.0,4127.0,3595.0,5210.0,4102.0,3886.0,4669.0,4629.0,4242.0,4636.0,5531.0,5237.0,5485.0,0.0,1.0,0.0,0.0,7.0,0.7,0.6,0.6,0.0,1.0,0.0,0.0,0.0,1.0,0.0,0.0,0.0,54.0,59.0,55.0,49.0,50.0,50.0,1559.0,1580.0,1562.0,1557.0,1713.0,1693.0,38000.0,38830.0,36810.0,40000.0,36890.0,41400.0,-2.137522534123101,5.487639228470524,-7.975,8.43046896177826,-10.893719806763286,8.37696335078534,-10.78934068029642,14.693741718417009,-13.505053303955547,35.62230692905901,-15.39871776623987,14.51656717268178,1402.0,1390.0,1391.0,1396.0,1381.0,1374.0,-5.104997307761339,0.0025641025641025,-7.849345494069277,-0.7946367876983662,-5.80273355560953,-3.6445257648610694,-6.125276179692127,-0.6740066662266491,-4.409127727165471,9.51184590278668,-9.13218000384648,10.83231334149328,0.8394,0.9706,0.6945,0.4122,0.686,0.9092,3511.1298828125,3450.68994140625,3516.22998046875,3383.77001953125,3541.909912109375,3501.159912109375,1.7515320829323506,-1.8639292488417616,3.914567484578918,-4.464819730097122,1.1638999938008825,3.130894297951269,1.026749527154823,0.9956154970385375,0.9438461538461539,0.9451349180095459,0.8647242211856262,0.9141292587604054,-24.290578887627696,-19.340810254062717,24.25427872860636,-64.42240779401531,0.0659792259694233,-0.0797398096290529,0.1036003692686429,-0.4082827945748444,0.470035252643955,-0.2344665885111405,-0.1345895020188348,-0.5354752342704227,-0.979020979020983,0.0,0.127064803049548,-1.006289308176097,1680.0,-7.43801652892562,-6.761312378329613,-1.9734698626949032,0.6370321794931847,-11.0324647079758,-3.238889632874825,0.8119575699132112
2018-03-21,38000.0,-2.137522534123101,1558.0,-7.261904761904763,-6.761312378329613,-11.0324647079758,4127.0,3595.0,5210.0,4102.0,3886.0,4669.0,4629.0,4242.0,4636.0,5531.0,5237.0,5485.0,6015.0,0.0,1.0,0.0,0.0,7.0,0.7,0.6,0.6,0.0,1.0,0.0,0.0,0.0,1.0,0.0,0.0,0.0,59.0,55.0,46.0,50.0,50.0,43.0,1580.0,1562.0,1557.0,1713.0,1693.0,1687.0,38830.0,36810.0,40000.0,36890.0,41400.0,38200.0,5.487639228470524,-7.975,8.43046896177826,-10.893719806763286,8.37696335078534,-9.77585677507735,14.693741718417009,-13.505053303955547,35.62230692905901,-15.39871776623987,14.51656717268178,-9.090559492999128,1390.0,1391.0,1396.0,1381.0,1374.0,1374.0,0.0025641025641025,-7.849345494069277,-0.7946367876983662,-5.80273355560953,-3.6445257648610694,-12.49092364692521,-0.6740066662266491,-4.409127727165471,9.51184590278668,-9.13218000384648,10.83231334149328,-9.40779897341608,0.9706,0.6945,0.4122,0.686,0.9092,0.7803,3450.68994140625,3516.22998046875,3383.77001953125,3541.909912109375,3501.159912109375,3394.8701171875,-1.8639292488417616,3.914567484578918,-4.464819730097122,1.1638999938008825,3.130894297951269,-0.0688754530012708,0.9956154970385375,0.9438461538461539,0.9451349180095459,0.8647242211856262,0.9141292587604054,0.8127313731330582,-19.340810254062717,16.382525306339904,-64.42240779401531,46.89496549961667,-0.0797398096290529,0.2924998504441023,-0.4082827945748444,0.854104992753673,-0.2344665885111405,-0.1170960187353729,-0.5354752342704227,-0.2670226969292427,0.0,-0.8321775312066496,-1.006289308176097,0.0,1680.0,-7.43801652892562,-1.9734698626949032,0.6370321794931847,1.6764299661856454,-3.238889632874825,0.8119575699132112,3.3527348110349227
2018-03-07,38830.0,5.487639228470524,1558.0,-7.261904761904763,-6.761312378329613,-11.0324647079758,4127.0,3595.0,5210.0,4102.0,3886.0,4669.0,4629.0,4242.0,4636.0,5531.0,5237.0,5485.0,6015.0,0.0,1.0,0.0,0.0,7.0,0.7,0.6,0.6,0.0,1.0,0.0,0.0,0.0,1.0,0.0,0.0,0.0,59.0,55.0,46.0,50.0,50.0,43.0,1562.0,1557.0,1713.0,1693.0,1687.0,1680.0,36810.0,40000.0,36890.0,41400.0,38200.0,42339.0,-7.975,8.43046896177826,-10.893719806763286,8.37696335078534,-9.77585677507735,-9.514650253253832,-13.505053303955547,35.62230692905901,-15.39871776623987,14.51656717268178,-9.090559492999128,-20.407675749461855,1391.0,1396.0,1381.0,1374.0,1374.0,1375.0,-7.849345494069277,-0.7946367876983662,-5.80273355560953,-3.6445257648610694,-12.49092364692521,-6.410524481617006,-4.409127727165471,9.51184590278668,-9.13218000384648,10.83231334149328,-9.40779897341608,-16.45182613061122,0.6945,0.4122,0.686,0.9092,0.7803,0.7484,3516.22998046875,3383.77001953125,3541.909912109375,3501.159912109375,3394.8701171875,3397.2099609375,3.914567484578918,-4.464819730097122,1.1638999938008825,3.130894297951269,-0.0688754530012708,-0.9565558920042064,0.9438461538461539,0.9451349180095459,0.8647242211856262,0.9141292587604054,0.8127313731330582,0.7882742827353801,-19.340810254062717,16.382525306339904,-64.42240779401531,46.89496549961667,-0.0797398096290529,0.2924998504441023,-0.4082827945748444,0.854104992753673,-0.2344665885111405,-0.1170960187353729,-0.5354752342704227,-0.2670226969292427,0.0,-0.8321775312066496,-1.006289308176097,0.0,1680.0,-7.43801652892562,-1.9734698626949032,0.6370321794931847,1.6764299661856454,-3.238889632874825,0.8119575699132112,3.3527348110349227
2018-02-21,36810.0,-7.975,1558.0,-7.261904761904763,-1.9734698626949032,-3.238889632874825,3595.0,5210.0,4102.0,3886.0,4669.0,4629.0,4242.0,4636.0,5531.0,5237.0,5485.0,6015.0,5082.0,0.0,1.0,0.0,0.0,7.0,0.7,0.6,0.6,0.0,1.0,0.0,0.0,0.0,1.0,0.0,0.0,0.0,55.0,46.0,50.0,50.0,43.0,40.0,1557.0,1713.0,1693.0,1687.0,1680.0,1686.0,40000.0,36890.0,41400.0,38200.0,42339.0,46791.0,8.43046896177826,-10.893719806763286,8.37696335078534,-9.77585677507735,-9.514650253253832,-0.6813550687722874,35.62230692905901,-15.39871776623987,14.51656717268178,-9.090559492999128,-20.407675749461855,-20.811709533838947,1396.0,1381.0,1374.0,1374.0,1375.0,1383.0,-0.7946367876983662,-5.80273355560953,-3.6445257648610694,-12.49092364692521,-6.410524481617006,-0.041801651165221,9.51184590278668,-9.13218000384648,10.83231334149328,-9.40779897341608,-16.45182613061122,-14.035727788008035,0.4122,0.686,0.9092,0.7803,0.7484,0.8807,3383.77001953125,3541.909912109375,3501.159912109375,3394.8701171875,3397.2099609375,3430.02001953125,-4.464819730097122,1.1638999938008825,3.130894297951269,-0.0688754530012708,-0.9565558920042064,0.2563396282426013,0.9451349180095459,0.8647242211856262,0.9141292587604054,0.8127313731330582,0.7882742827353801,0.8153162571876633,16.382525306339904,9.894613583138174,46.89496549961667,4.906166219839142,0.2924998504441023,0.1207348750409805,0.854104992753673,0.3356213474473481,-0.1170960187353729,0.5889281507656066,-0.2670226969292427,1.3531799729364005,-0.8321775312066496,1.836158192090391,0.0,0.0,1680.0,-7.43801652892562,0.6370321794931847,1.6764299661856454,-1.339159853397237,0.8119575699132112,3.3527348110349227,-0.5609403183286754
2018-02-07,40000.0,8.43046896177826,1558.0,-7.261904761904763,-1.9734698626949032,-3.238889632874825,3595.0,5210.0,4102.0,3886.0,4669.0,4629.0,4242.0,4636.0,5531.0,5237.0,5485.0,6015.0,5082.0,0.0,1.0,0.0,0.25,7.0,0.7,0.6,0.6,0.0,1.0,0.0,0.0,0.0,1.0,0.0,0.0,0.0,55.0,46.0,50.0,50.0,43.0,40.0,1713.0,1693.0,1687.0,1680.0,1686.0,1683.0,36890.0,41400.0,38200.0,42339.0,46791.0,47112.0,-10.893719806763286,8.37696335078534,-9.77585677507735,-9.514650253253832,-0.6813550687722874,13.203738856717209,-15.39871776623987,14.51656717268178,-9.090559492999128,-20.407675749461855,-20.811709533838947,54.70596435981335,1381.0,1374.0,1374.0,1375.0,1383.0,1376.0,-5.80273355560953,-3.6445257648610694,-12.49092364692521,-6.410524481617006,-0.041801651165221,14.837186974957998,-9.13218000384648,10.83231334149328,-9.40779897341608,-16.45182613061122,-14.035727788008035,36.70976087662779,0.686,0.9092,0.7803,0.7484,0.8807,0.9321,3541.909912109375,3501.159912109375,3394.8701171875,3397.2099609375,3430.02001953125,3421.25,1.1638999938008825,3.130894297951269,-0.0688754530012708,-0.9565558920042064,0.2563396282426013,2.5889781183328497,0.8647242211856262,0.9141292587604054,0.8127313731330582,0.7882742827353801,0.8153162571876633,0.8205664123732888,16.382525306339904,9.894613583138174,46.89496549961667,4.906166219839142,0.2924998504441023,0.1207348750409805,0.854104992753673,0.3356213474473481,-0.1170960187353729,0.5889281507656066,-0.2670226969292427,1.3531799729364005,-0.8321775312066496,1.836158192090391,0.0,0.0,1680.0,-7.43801652892562,0.6370321794931847,1.6764299661856454,-1.339159853397237,0.8119575699132112,3.3527348110349227,-0.5609403183286754
2018-01-17,36890.0,-10.893719806763286,1680.0,-7.43801652892562,0.6370321794931847,0.8119575699132112,5210.0,4102.0,3886.0,4669.0,4629.0,4242.0,4636.0,5531.0,5237.0,5485.0,6015.0,5082.0,6686.0,0.0,1.0,0.0,0.25,7.0,0.7,0.6,0.6,0.0,1.0,0.0,0.0,0.0,1.0,0.0,0.0,0.0,46.0,50.0,50.0,43.0,40.0,43.0,1693.0,1687.0,1680.0,1686.0,1683.0,1815.0,41400.0,38200.0,42339.0,46791.0,47112.0,41617.0,8.37696335078534,-9.77585677507735,-9.514650253253832,-0.6813550687722874,13.203738856717209,-0.3448193290390556,14.51656717268178,-9.090559492999128,-20.407675749461855,-20.811709533838947,54.70596435981335,-14.193626239080787,1374.0,1374.0,1375.0,1383.0,1376.0,1285.0,-3.6445257648610694,-12.49092364692521,-6.410524481617006,-0.041801651165221,14.837186974957998,3.922343012741899,10.83231334149328,-9.40779897341608,-16.45182613061122,-14.035727788008035,36.70976087662779,4.37424058323208,0.9092,0.7803,0.7484,0.8807,0.9321,0.6228,3501.159912109375,3394.8701171875,3397.2099609375,3430.02001953125,3421.25,3334.909912109375,3.130894297951269,-0.0688754530012708,-0.9565558920042064,0.2563396282426013,2.5889781183328497,3.035855366824572,0.9141292587604054,0.8127313731330582,0.7882742827353801,0.8153162571876633,0.8205664123732888,0.8324065925274022,9.894613583138174,23.0990990990991,4.906166219839142,19.321817018554064,0.1207348750409805,-0.0434834668296771,0.3356213474473481,0.2331340468962087,0.5889281507656066,-0.2350176263219607,1.3531799729364005,0.5442176870748378,1.836158192090391,0.568181818181806,0.0,0.0,1815.0,-4.373024236037935,1.6764299661856454,-1.339159853397237,-3.4413919829404955,3.3527348110349227,-0.5609403183286754,0.1906464104855526
2018-01-04,41400.0,8.37696335078534,1680.0,-7.43801652892562,0.6370321794931847,0.8119575699132112,5210.0,4102.0,3886.0,4669.0,4629.0,4242.0,4636.0,5531.0,5237.0,5485.0,6015.0,5082.0,6686.0,0.0,1.0,0.0,0.25,7.0,0.7,0.6,0.6,0.0,1.0,0.0,0.0,0.0,0.0,0.0,0.0,0.0,46.0,50.0,50.0,43.0,40.0,43.0,1687.0,1680.0,1686.0,1683.0,1815.0,1829.0,38200.0,42339.0,46791.0,47112.0,41617.0,41761.0,-9.77585677507735,-9.514650253253832,-0.6813550687722874,13.203738856717209,-0.3448193290390556,-2.659549671343993,-9.090559492999128,-20.407675749461855,-20.811709533838947,54.70596435981335,-14.193626239080787,-19.67407646039647,1374.0,1375.0,1383.0,1376.0,1285.0,1285.0,-12.49092364692521,-6.410524481617006,-0.041801651165221,14.837186974957998,3.922343012741899,-2.195612840269166,-9.40779897341608,-16.45182613061122,-14.035727788008035,36.70976087662779,4.37424058323208,-11.251059625797737,0.7803,0.7484,0.8807,0.9321,0.6228,0.6063,3394.8701171875,3397.2099609375,3430.02001953125,3421.25,3334.909912109375,3236.64990234375,-0.0688754530012708,-0.9565558920042064,0.2563396282426013,2.5889781183328497,3.035855366824572,0.5773595226236732,0.8127313731330582,0.7882742827353801,0.8153162571876633,0.8205664123732888,0.8324065925274022,0.8680496372820055,9.894613583138174,23.0990990990991,4.906166219839142,19.321817018554064,0.1207348750409805,-0.0434834668296771,0.3356213474473481,0.2331340468962087,0.5889281507656066,-0.2350176263219607,1.3531799729364005,0.5442176870748378,1.836158192090391,0.568181818181806,0.0,0.0,1815.0,-4.373024236037935,1.6764299661856454,-1.339159853397237,-3.4413919829404955,3.3527348110349227,-0.5609403183286754,0.1906464104855526
2017-12-20,38200.0,-9.77585677507735,1680.0,-7.43801652892562,1.6764299661856454,3.3527348110349227,4102.0,3886.0,4669.0,4629.0,4242.0,4636.0,5531.0,5237.0,5485.0,6015.0,5082.0,6686.0,5961.0,0.0,1.0,0.0,0.25,7.0,0.7,0.6,0.6,0.0,1.0,0.0,0.0,0.0,0.0,0.0,0.0,0.0,50.0,50.0,68.0,40.0,43.0,49.0,1680.0,1686.0,1683.0,1815.0,1829.0,1815.0,42339.0,46791.0,47112.0,41617.0,41761.0,42902.0,-9.514650253253832,-0.6813550687722874,13.203738856717209,-0.3448193290390556,-2.659549671343993,19.16891197466737,-20.407675749461855,-20.811709533838947,54.70596435981335,-14.193626239080787,-19.67407646039647,58.476376939826935,1375.0,1383.0,1376.0,1285.0,1285.0,1288.0,-6.410524481617006,-0.041801651165221,14.837186974957998,3.922343012741899,-2.195612840269166,0.3857142857142857,-16.45182613061122,-14.035727788008035,36.70976087662779,4.37424058323208,-11.251059625797737,9.265648237249582,0.7484,0.8807,0.9321,0.6228,0.6063,0.7032,3397.2099609375,3430.02001953125,3421.25,3334.909912109375,3236.64990234375,3218.070068359375,-0.9565558920042064,0.2563396282426013,2.5889781183328497,3.035855366824572,0.5773595226236732,-0.445476755368519,0.7882742827353801,0.8153162571876633,0.8205664123732888,0.8324065925274022,0.8680496372820055,0.8721868710484051,23.0990990990991,-25.92098238120662,19.321817018554064,-21.259445843828715,-0.0434834668296771,-0.2263567256242101,0.2331340468962087,0.0369697262858208,-0.2350176263219607,0.0,0.5442176870748378,-0.2713704206241558,0.568181818181806,-0.2832861189801539,0.0,0.0,1815.0,-4.373024236037935,-1.339159853397237,-3.4413919829404955,-2.905286343612335,-0.5609403183286754,0.1906464104855526,-1.2104684925056892
2017-12-06,42339.0,-9.514650253253832,1680.0,-7.43801652892562,1.6764299661856454,3.3527348110349227,4102.0,3886.0,4669.0,4629.0,4242.0,4636.0,5531.0,5237.0,5485.0,6015.0,5082.0,6686.0,5961.0,0.0,1.0,0.0,0.25,7.0,0.7,0.6,0.6,0.0,1.0,0.0,0.0,0.0,0.0,0.0,0.0,0.0,50.0,50.0,68.0,40.0,43.0,49.0,1686.0,1683.0,1815.0,1829.0,1815.0,1820.0,46791.0,47112.0,41617.0,41761.0,42902.0,36001.0,-0.6813550687722874,13.203738856717209,-0.3448193290390556,-2.659549671343993,19.16891197466737,-16.081585081585082,-20.811709533838947,54.70596435981335,-14.193626239080787,-19.67407646039647,58.476376939826935,2.0196400433830464,1383.0,1376.0,1285.0,1285.0,1288.0,1290.0,-0.041801651165221,14.837186974957998,3.922343012741899,-2.195612840269166,0.3857142857142857,-3.92156862745098,-14.035727788008035,36.70976087662779,4.37424058323208,-11.251059625797737,9.265648237249582,1.4832317705094826,0.8807,0.9321,0.6228,0.6063,0.7032,0.7242,3430.02001953125,3421.25,3334.909912109375,3236.64990234375,3218.070068359375,3232.469970703125,0.2563396282426013,2.5889781183328497,3.035855366824572,0.5773595226236732,-0.445476755368519,-0.8460016782538073,0.8153162571876633,0.8205664123732888,0.8324065925274022,0.8680496372820055,0.8721868710484051,0.7347142857142858,23.0990990990991,-25.92098238120662,19.321817018554064,-21.259445843828715,-0.0434834668296771,-0.2263567256242101,0.2331340468962087,0.0369697262858208,-0.2350176263219607,0.0,0.5442176870748378,-0.2713704206241558,0.568181818181806,-0.2832861189801539,0.0,0.0,1815.0,-4.373024236037935,-1.339159853397237,-3.4413919829404955,-2.905286343612335,-0.5609403183286754,0.1906464104855526,-1.2104684925056892
2017-11-22,46791.0,-0.6813550687722874,1680.0,-7.43801652892562,-1.339159853397237,-0.5609403183286754,3886.0,4669.0,4629.0,4242.0,4636.0,5531.0,5237.0,5485.0,6015.0,5082.0,6686.0,5961.0,5945.0,0.0,1.0,0.0,0.25,7.0,0.7,0.6,0.6,0.0,1.0,0.0,0.0,0.0,0.0,0.0,0.0,0.0,50.0,68.0,48.0,43.0,49.0,44.0,1683.0,1815.0,1829.0,1815.0,1820.0,1817.0,47112.0,41617.0,41761.0,42902.0,36001.0,42900.0,13.203738856717209,-0.3448193290390556,-2.659549671343993,19.16891197466737,-16.081585081585082,-8.290221899183377,54.70596435981335,-14.193626239080787,-19.67407646039647,58.476376939826935,2.0196400433830464,-10.611735330836453,1376.0,1285.0,1285.0,1288.0,1290.0,1293.0,14.837186974957998,3.922343012741899,-2.195612840269166,0.3857142857142857,-3.92156862745098,-5.047383217590438,36.70976087662779,4.37424058323208,-11.251059625797737,9.265648237249582,1.4832317705094826,-15.37469003587022,0.9321,0.6228,0.6063,0.7032,0.7242,0.691,3421.25,3334.909912109375,3236.64990234375,3218.070068359375,3232.469970703125,3260.050048828125,2.5889781183328497,3.035855366824572,0.5773595226236732,-0.445476755368519,-0.8460016782538073,-1.9014558560904131,0.8205664123732888,0.8324065925274022,0.8680496372820055,0.8721868710484051,0.7347142857142858,0.8411764705882353,-25.92098238120662,1.95971692977681,-21.259445843828715,3.197296594749155,-0.2263567256242101,0.0081746610659758,0.0369697262858208,0.3554079216091483,0.0,0.353773584905657,-0.2713704206241558,0.1358695652174029,-0.2832861189801539,0.4267425320056858,0.0,0.0,1815.0,-4.373024236037935,-3.4413919829404955,-2.905286343612335,-5.809128630705394,0.1906464104855526,-1.2104684925056892,-2.860518742972576
2017-11-08,47112.0,13.203738856717209,1680.0,-7.43801652892562,-1.339159853397237,-0.5609403183286754,3886.0,4669.0,4629.0,4242.0,4636.0,5531.0,5237.0,5485.0,6015.0,5082.0,6686.0,5961.0,5945.0,0.0,1.0,0.0,0.25,7.0,0.7,0.6,0.6,0.0,1.0,0.0,0.0,0.0,0.0,0.0,0.0,0.0,50.0,68.0,48.0,43.0,49.0,44.0,1815.0,1829.0,1815.0,1820.0,1817.0,1817.0,41617.0,41761.0,42902.0,36001.0,42900.0,46778.0,-0.3448193290390556,-2.659549671343993,19.16891197466737,-16.081585081585082,-8.290221899183377,6.308804145266124,-14.193626239080787,-19.67407646039647,58.476376939826935,2.0196400433830464,-10.611735330836453,5.568265668205483,1285.0,1285.0,1288.0,1290.0,1293.0,1286.0,3.922343012741899,-2.195612840269166,0.3857142857142857,-3.92156862745098,-5.047383217590438,7.41985160296794,4.37424058323208,-11.251059625797737,9.265648237249582,1.4832317705094826,-15.37469003587022,13.978234034688851,0.6228,0.6063,0.7032,0.7242,0.691,0.6632,3334.909912109375,3236.64990234375,3218.070068359375,3232.469970703125,3260.050048828125,3323.239990234375,3.035855366824572,0.5773595226236732,-0.445476755368519,-0.8460016782538073,-1.9014558560904131,-0.0550387837662314,0.8324065925274022,0.8680496372820055,0.8721868710484051,0.7347142857142858,0.8411764705882353,0.8709202956563832,-25.92098238120662,1.95971692977681,-21.259445843828715,3.197296594749155,-0.2263567256242101,0.0081746610659758,0.0369697262858208,0.3554079216091483,0.0,0.353773584905657,-0.2713704206241558,0.1358695652174029,-0.2832861189801539,0.4267425320056858,0.0,0.0,1815.0,-4.373024236037935,-3.4413919829404955,-2.905286343612335,-5.809128630705394,0.1906464104855526,-1.2104684925056892,-2.860518742972576
2017-10-19,41617.0,-0.3448193290390556,1815.0,-4.373024236037935,-3.4413919829404955,0.1906464104855526,4669.0,4629.0,4242.0,4636.0,5531.0,5237.0,5485.0,6015.0,5082.0,6686.0,5961.0,5945.0,5846.0,0.0,1.0,0.0,0.25,7.0,0.7,0.6,0.6,0.0,1.0,0.0,0.0,0.0,0.0,0.0,0.0,0.0,68.0,48.0,57.0,49.0,44.0,50.0,1829.0,1815.0,1820.0,1817.0,1817.0,1907.0,41761.0,42902.0,36001.0,42900.0,46778.0,44002.0,-2.659549671343993,19.16891197466737,-16.081585081585082,-8.290221899183377,6.308804145266124,2.8060092053923973,-19.67407646039647,58.476376939826935,2.0196400433830464,-10.611735330836453,5.568265668205483,3.886835407420672,1285.0,1288.0,1290.0,1293.0,1286.0,1322.0,-2.195612840269166,0.3857142857142857,-3.92156862745098,-5.047383217590438,7.41985160296794,0.3995823460905184,-11.251059625797737,9.265648237249582,1.4832317705094826,-15.37469003587022,13.978234034688851,-6.596858638743444,0.6063,0.7032,0.7242,0.691,0.6632,0.8063,3236.64990234375,3218.070068359375,3232.469970703125,3260.050048828125,3323.239990234375,3325.070068359375,0.5773595226236732,-0.445476755368519,-0.8460016782538073,-1.9014558560904131,-0.0550387837662314,2.3504747527489127,0.8680496372820055,0.8721868710484051,0.7347142857142858,0.8411764705882353,0.8709202956563832,0.880022399552009,1.95971692977681,-12.294103604678922,3.197296594749155,-5.129469790382244,0.0081746610659758,-0.0276604304968819,0.3554079216091483,0.29629732671649,0.353773584905657,-0.2352941176470621,0.1358695652174029,0.1360544217686997,0.4267425320056858,0.1424501424501343,0.0,-0.1256281407035104,1898.0,-7.504873294346978,-2.905286343612335,-5.809128630705394,-4.790123456790123,-1.2104684925056892,-2.860518742972576,-2.985874870581275
2017-10-04,41761.0,-2.659549671343993,1815.0,-4.373024236037935,-3.4413919829404955,0.1906464104855526,4669.0,4629.0,4242.0,4636.0,5531.0,5237.0,5485.0,6015.0,5082.0,6686.0,5961.0,5945.0,5846.0,0.0,1.0,0.0,0.25,7.0,0.7,0.6,0.6,0.0,1.0,0.0,0.0,0.0,0.0,0.0,0.0,0.0,68.0,48.0,57.0,49.0,44.0,50.0,1815.0,1820.0,1817.0,1817.0,1907.0,1904.0,42902.0,36001.0,42900.0,46778.0,44002.0,42801.0,19.16891197466737,-16.081585081585082,-8.290221899183377,6.308804145266124,2.8060092053923973,0.0,58.476376939826935,2.0196400433830464,-10.611735330836453,5.568265668205483,3.886835407420672,-0.1558746869729762,1288.0,1290.0,1293.0,1286.0,1322.0,1322.0,0.3857142857142857,-3.92156862745098,-5.047383217590438,7.41985160296794,0.3995823460905184,4.8441085450832615,9.265648237249582,1.4832317705094826,-15.37469003587022,13.978234034688851,-6.596858638743444,15.59995271741968,0.7032,0.7242,0.691,0.6632,0.8063,0.5786,3218.070068359375,3232.469970703125,3260.050048828125,3323.239990234375,3325.070068359375,3248.7099609375,-0.445476755368519,-0.8460016782538073,-1.9014558560904131,-0.0550387837662314,2.3504747527489127,1.4660622443182902,0.8721868710484051,0.7347142857142858,0.8411764705882353,0.8709202956563832,0.880022399552009,0.8594233163326774,1.95971692977681,-12.294103604678922,3.197296594749155,-5.129469790382244,0.0081746610659758,-0.0276604304968819,0.3554079216091483,0.29629732671649,0.353773584905657,-0.2352941176470621,0.1358695652174029,0.1360544217686997,0.4267425320056858,0.1424501424501343,0.0,-0.1256281407035104,1898.0,-7.504873294346978,-2.905286343612335,-5.809128630705394,-4.790123456790123,-1.2104684925056892,-2.860518742972576,-2.985874870581275
2017-09-20,42902.0,19.16891197466737,1815.0,-4.373024236037935,-2.905286343612335,-1.2104684925056892,4629.0,4242.0,4636.0,5531.0,5237.0,5485.0,6015.0,5082.0,6686.0,5961.0,5945.0,5846.0,4804.0,0.0,1.0,0.0,0.25,7.0,0.7,0.6,0.6,0.0,1.0,0.0,0.0,0.0,0.0,0.0,0.0,0.0,48.0,57.0,57.0,44.0,50.0,48.0,1820.0,1817.0,1817.0,1907.0,1904.0,1906.0,36001.0,42900.0,46778.0,44002.0,42801.0,42801.0,-16.081585081585082,-8.290221899183377,6.308804145266124,2.8060092053923973,0.0,-5.309617043870711,2.0196400433830464,-10.611735330836453,5.568265668205483,3.886835407420672,-0.1558746869729762,2.108591553574807,1290.0,1293.0,1286.0,1322.0,1322.0,1321.0,-3.92156862745098,-5.047383217590438,7.41985160296794,0.3995823460905184,4.8441085450832615,-5.206545599680703,1.4832317705094826,-15.37469003587022,13.978234034688851,-6.596858638743444,15.59995271741968,4.677575410728772,0.7242,0.691,0.6632,0.8063,0.5786,0.3772,3232.469970703125,3260.050048828125,3323.239990234375,3325.070068359375,3248.7099609375,3201.77001953125,-0.8460016782538073,-1.9014558560904131,-0.0550387837662314,2.3504747527489127,1.4660622443182902,-0.8890283142787679,0.7347142857142858,0.8411764705882353,0.8709202956563832,0.880022399552009,0.8594233163326774,0.9010547146375866,-12.294103604678922,-6.349206349206349,-5.129469790382244,3.1019577930333075,-0.0276604304968819,0.0953306842100295,0.29629732671649,0.4338000817304501,-0.2352941176470621,-0.234741784037562,0.1360544217686997,-0.5412719891745679,0.1424501424501343,-0.9873060648801166,-0.1256281407035104,0.1257861635220054,1898.0,-7.504873294346978,-5.809128630705394,-4.790123456790123,-0.0789499654593901,-2.860518742972576,-2.985874870581275,3.0424263207025968
2017-09-06,36001.0,-16.081585081585082,1815.0,-4.373024236037935,-2.905286343612335,-1.2104684925056892,4629.0,4242.0,4636.0,5531.0,5237.0,5485.0,6015.0,5082.0,6686.0,5961.0,5945.0,5846.0,4804.0,0.0,1.0,0.0,0.25,7.0,0.7,0.6,0.6,0.0,1.0,0.0,0.0,0.0,0.0,0.0,0.0,0.0,48.0,57.0,57.0,44.0,50.0,48.0,1817.0,1817.0,1907.0,1904.0,1906.0,1898.0,42900.0,46778.0,44002.0,42801.0,42801.0,45201.0,-8.290221899183377,6.308804145266124,2.8060092053923973,0.0,-5.309617043870711,-2.770547871539504,-10.611735330836453,5.568265668205483,3.886835407420672,-0.1558746869729762,2.108591553574807,-12.686577141238937,1293.0,1286.0,1322.0,1322.0,1321.0,1325.0,-5.047383217590438,7.41985160296794,0.3995823460905184,4.8441085450832615,-5.206545599680703,-5.454614063885587,-15.37469003587022,13.978234034688851,-6.596858638743444,15.59995271741968,4.677575410728772,-8.28985507246377,0.691,0.6632,0.8063,0.5786,0.3772,0.5142,3260.050048828125,3323.239990234375,3325.070068359375,3248.7099609375,3201.77001953125,3230.489990234375,-1.9014558560904131,-0.0550387837662314,2.3504747527489127,1.4660622443182902,-0.8890283142787679,-0.0232109036242027,0.8411764705882353,0.8709202956563832,0.880022399552009,0.8594233163326774,0.9010547146375866,0.9020355218519258,-12.294103604678922,-6.349206349206349,-5.129469790382244,3.1019577930333075,-0.0276604304968819,0.0953306842100295,0.29629732671649,0.4338000817304501,-0.2352941176470621,-0.234741784037562,0.1360544217686997,-0.5412719891745679,0.1424501424501343,-0.9873060648801166,-0.1256281407035104,0.1257861635220054,1898.0,-7.504873294346978,-5.809128630705394,-4.790123456790123,-0.0789499654593901,-2.860518742972576,-2.985874870581275,3.0424263207025968
2017-08-23,42900.0,-8.290221899183377,1815.0,-4.373024236037935,-5.809128630705394,-2.860518742972576,4242.0,4636.0,5531.0,5237.0,5485.0,6015.0,5082.0,6686.0,5961.0,5945.0,5846.0,4804.0,5192.0,0.0,1.0,0.0,0.25,7.0,0.7,0.6,0.6,0.0,1.0,0.0,0.0,0.0,0.0,0.0,0.0,0.0,57.0,57.0,54.0,50.0,48.0,45.0,1817.0,1907.0,1904.0,1906.0,1898.0,1920.0,46778.0,44002.0,42801.0,42801.0,45201.0,46489.0,6.308804145266124,2.8060092053923973,0.0,-5.309617043870711,-2.770547871539504,-9.034164285993816,5.568265668205483,3.886835407420672,-0.1558746869729762,2.108591553574807,-12.686577141238937,15.20891462053572,1286.0,1322.0,1322.0,1321.0,1325.0,1325.0,7.41985160296794,0.3995823460905184,4.8441085450832615,-5.206545599680703,-5.454614063885587,-4.354495253906955,13.978234034688851,-6.596858638743444,15.59995271741968,4.677575410728772,-8.28985507246377,-13.903278254622462,0.6632,0.8063,0.5786,0.3772,0.5142,0.5069,3323.239990234375,3325.070068359375,3248.7099609375,3201.77001953125,3230.489990234375,3231.239990234375,-0.0550387837662314,2.3504747527489127,1.4660622443182902,-0.8890283142787679,-0.0232109036242027,-1.218855858659054,0.8709202956563832,0.880022399552009,0.8594233163326774,0.9010547146375866,0.9020355218519258,0.8771343936906851,-6.349206349206349,21.813725490196077,3.1019577930333075,26.300578034682083,0.0953306842100295,0.1256922524429659,0.4338000817304501,0.3403005579387108,-0.234741784037562,0.3533568904593606,-0.5412719891745679,-0.5383580080753587,-0.9873060648801166,-0.4213483146067375,0.1257861635220054,-0.1256281407035104,1898.0,-7.504873294346978,-4.790123456790123,-0.0789499654593901,0.866016324905435,-2.985874870581275,3.0424263207025968,0.9287032764190124
2017-08-10,46778.0,6.308804145266124,1815.0,-4.373024236037935,-5.809128630705394,-2.860518742972576,4242.0,4636.0,5531.0,5237.0,5485.0,6015.0,5082.0,6686.0,5961.0,5945.0,5846.0,4804.0,5192.0,0.0,1.0,0.0,0.25,7.0,0.7,0.6,0.6,0.0,1.0,0.0,0.0,0.0,0.0,0.0,0.0,0.0,57.0,57.0,54.0,50.0,48.0,45.0,1907.0,1904.0,1906.0,1898.0,1920.0,1905.0,44002.0,42801.0,42801.0,45201.0,46489.0,51106.0,2.8060092053923973,0.0,-5.309617043870711,-2.770547871539504,-9.034164285993816,-0.9573643410852712,3.886835407420672,-0.1558746869729762,2.108591553574807,-12.686577141238937,15.20891462053572,-1.193677571630335,1322.0,1322.0,1321.0,1325.0,1325.0,1320.0,0.3995823460905184,4.8441085450832615,-5.206545599680703,-5.454614063885587,-4.354495253906955,1.8527368304966365,-6.596858638743444,15.59995271741968,4.677575410728772,-8.28985507246377,-13.903278254622462,3.5046969696969805,0.8063,0.5786,0.3772,0.5142,0.5069,0.4837,3325.070068359375,3248.7099609375,3201.77001953125,3230.489990234375,3231.239990234375,3271.110107421875,2.3504747527489127,1.4660622443182902,-0.8890283142787679,-0.0232109036242027,-1.218855858659054,3.0673427529713906,0.880022399552009,0.8594233163326774,0.9010547146375866,0.9020355218519258,0.8771343936906851,0.9222579131627386,-6.349206349206349,21.813725490196077,3.1019577930333075,26.300578034682083,0.0953306842100295,0.1256922524429659,0.4338000817304501,0.3403005579387108,-0.234741784037562,0.3533568904593606,-0.5412719891745679,-0.5383580080753587,-0.9873060648801166,-0.4213483146067375,0.1257861635220054,-0.1256281407035104,1898.0,-7.504873294346978,-4.790123456790123,-0.0789499654593901,0.866016324905435,-2.985874870581275,3.0424263207025968,0.9287032764190124
2017-07-19,44002.0,2.8060092053923973,1898.0,-7.504873294346978,-4.790123456790123,-2.985874870581275,4636.0,5531.0,5237.0,5485.0,6015.0,5082.0,6686.0,5961.0,5945.0,5846.0,4804.0,5192.0,6166.0,0.0,1.0,0.0,0.25,7.0,0.7,0.6,0.6,0.0,1.0,0.0,0.0,0.0,0.0,0.0,0.0,0.0,57.0,54.0,53.0,48.0,45.0,43.0,1904.0,1906.0,1898.0,1920.0,1905.0,2052.0,42801.0,42801.0,45201.0,46489.0,51106.0,51600.0,0.0,-5.309617043870711,-2.770547871539504,-9.034164285993816,-0.9573643410852712,-0.7692307692307693,-0.1558746869729762,2.108591553574807,-12.686577141238937,15.20891462053572,-1.193677571630335,-1.0039848884748697,1322.0,1321.0,1325.0,1325.0,1320.0,1369.0,4.8441085450832615,-5.206545599680703,-5.454614063885587,-4.354495253906955,1.8527368304966365,0.0018380663541953,15.59995271741968,4.677575410728772,-8.28985507246377,-13.903278254622462,3.5046969696969805,0.8554170853526017,0.5786,0.3772,0.5142,0.5069,0.4837,0.4254,3248.7099609375,3201.77001953125,3230.489990234375,3231.239990234375,3271.110107421875,3173.760009765625,1.4660622443182902,-0.8890283142787679,-0.0232109036242027,-1.218855858659054,3.0673427529713906,-0.3844934561552478,0.8594233163326774,0.9010547146375866,0.9020355218519258,0.8771343936906851,0.9222579131627386,0.9484248060875639,21.813725490196077,-21.30304329189884,26.300578034682083,-20.70282658517953,0.1256922524429659,-0.0761763261605872,0.3403005579387108,0.1857398167882109,0.3533568904593606,-0.2350176263219607,-0.5383580080753587,0.4054054054054015,-0.4213483146067375,0.2816901408450744,-0.1256281407035104,0.1257861635220054,2052.0,11.279826464208242,-0.0789499654593901,0.866016324905435,1.6205061805822492,3.0424263207025968,0.9287032764190124,3.2991042167358535
2017-07-05,42801.0,0.0,1898.0,-7.504873294346978,-4.790123456790123,-2.985874870581275,4636.0,5531.0,5237.0,5485.0,6015.0,5082.0,6686.0,5961.0,5945.0,5846.0,4804.0,5192.0,6166.0,0.0,1.0,0.0,0.25,7.0,0.7,0.6,0.6,0.0,1.0,0.0,0.0,0.0,0.0,0.0,0.0,0.0,57.0,54.0,53.0,48.0,45.0,43.0,1906.0,1898.0,1920.0,1905.0,2052.0,2068.0,42801.0,45201.0,46489.0,51106.0,51600.0,52000.0,-5.309617043870711,-2.770547871539504,-9.034164285993816,-0.9573643410852712,-0.7692307692307693,0.4539746933256061,2.108591553574807,-12.686577141238937,15.20891462053572,-1.193677571630335,-1.0039848884748697,-14.905113999726948,1321.0,1325.0,1325.0,1320.0,1369.0,1360.0,-5.206545599680703,-5.454614063885587,-4.354495253906955,1.8527368304966365,0.0018380663541953,0.75,4.677575410728772,-8.28985507246377,-13.903278254622462,3.5046969696969805,0.8554170853526017,-5.542796167001168,0.3772,0.5142,0.5069,0.4837,0.4254,0.3347,3201.77001953125,3230.489990234375,3231.239990234375,3271.110107421875,3173.760009765625,3186.010009765625,-0.8890283142787679,-0.0232109036242027,-1.218855858659054,3.0673427529713906,-0.3844934561552478,0.0452161948187821,0.9010547146375866,0.9020355218519258,0.8771343936906851,0.9222579131627386,0.9484248060875639,0.955794504181601,21.813725490196077,-21.30304329189884,26.300578034682083,-20.70282658517953,0.1256922524429659,-0.0761763261605872,0.3403005579387108,0.1857398167882109,0.3533568904593606,-0.2350176263219607,-0.5383580080753587,0.4054054054054015,-0.4213483146067375,0.2816901408450744,-0.1256281407035104,0.1257861635220054,2052.0,11.279826464208242,-0.0789499654593901,0.866016324905435,1.6205061805822492,3.0424263207025968,0.9287032764190124,3.2991042167358535
2017-06-21,42801.0,-5.309617043870711,1898.0,-7.504873294346978,-0.0789499654593901,3.0424263207025968,5531.0,5237.0,5485.0,6015.0,5082.0,6686.0,5961.0,5945.0,5846.0,4804.0,5192.0,6166.0,5918.0,0.0,1.0,0.0,0.25,7.0,0.7,0.6,0.6,0.0,1.0,0.0,0.0,0.0,0.0,0.0,0.0,0.0,54.0,53.0,48.0,45.0,43.0,45.0,1898.0,1920.0,1905.0,2052.0,2068.0,2096.0,45201.0,46489.0,51106.0,51600.0,52000.0,51765.0,-2.770547871539504,-9.034164285993816,-0.9573643410852712,-0.7692307692307693,0.4539746933256061,1.921675953454488,-12.686577141238937,15.20891462053572,-1.193677571630335,-1.0039848884748697,-14.905113999726948,-8.728657661106988,1325.0,1325.0,1320.0,1369.0,1360.0,1357.0,-5.454614063885587,-4.354495253906955,1.8527368304966365,0.0018380663541953,0.75,1.3133208255159476,-8.28985507246377,-13.903278254622462,3.5046969696969805,0.8554170853526017,-5.542796167001168,-8.508728553809561,0.5142,0.5069,0.4837,0.4254,0.3347,0.2519,3230.489990234375,3231.239990234375,3271.110107421875,3173.760009765625,3186.010009765625,3184.570068359375,-0.0232109036242027,-1.218855858659054,3.0673427529713906,-0.3844934561552478,0.0452161948187821,1.5025080319195998,0.9020355218519258,0.8771343936906851,0.9222579131627386,0.9484248060875639,0.955794504181601,0.9586111111111111,-21.30304329189884,27.940773238278037,-20.70282658517953,57.017193122750896,-0.0761763261605872,0.0749733812994966,0.1857398167882109,0.288745611594897,-0.2350176263219607,0.0,0.4054054054054015,0.4070556309362241,0.2816901408450744,0.8522727272727191,0.1257861635220054,0.0,2052.0,11.279826464208242,0.866016324905435,1.6205061805822492,-1.9149105052188753,0.9287032764190124,3.2991042167358535,-3.3220039556810104
2017-06-07,45201.0,-2.770547871539504,1898.0,-7.504873294346978,-0.0789499654593901,3.0424263207025968,5531.0,5237.0,5485.0,6015.0,5082.0,6686.0,5961.0,5945.0,5846.0,4804.0,5192.0,6166.0,5918.0,0.0,1.0,0.0,0.25,7.0,0.7,0.6,0.6,0.0,1.0,0.0,0.0,0.0,0.0,0.0,0.0,0.0,54.0,53.0,48.0,45.0,43.0,45.0,1920.0,1905.0,2052.0,2068.0,2096.0,2061.0,46489.0,51106.0,51600.0,52000.0,51765.0,50789.0,-9.034164285993816,-0.9573643410852712,-0.7692307692307693,0.4539746933256061,1.921675953454488,2.749342504551892,15.20891462053572,-1.193677571630335,-1.0039848884748697,-14.905113999726948,-8.728657661106988,12.831204649177533,1325.0,1320.0,1369.0,1360.0,1357.0,1371.0,-4.354495253906955,1.8527368304966365,0.0018380663541953,0.75,1.3133208255159476,5.292270006519034,-13.903278254622462,3.5046969696969805,0.8554170853526017,-5.542796167001168,-8.508728553809561,8.563353376246157,0.5069,0.4837,0.4254,0.3347,0.2519,0.2261,3231.239990234375,3271.110107421875,3173.760009765625,3186.010009765625,3184.570068359375,3137.429931640625,-1.218855858659054,3.0673427529713906,-0.3844934561552478,0.0452161948187821,1.5025080319195998,0.6544660189992367,0.8771343936906851,0.9222579131627386,0.9484248060875639,0.955794504181601,0.9586111111111111,0.9528893058161351,-21.30304329189884,27.940773238278037,-20.70282658517953,57.017193122750896,-0.0761763261605872,0.0749733812994966,0.1857398167882109,0.288745611594897,-0.2350176263219607,0.0,0.4054054054054015,0.4070556309362241,0.2816901408450744,0.8522727272727191,0.1257861635220054,0.0,2052.0,11.279826464208242,0.866016324905435,1.6205061805822492,-1.9149105052188753,0.9287032764190124,3.2991042167358535,-3.3220039556810104
2017-05-24,46489.0,-9.034164285993816,1898.0,-7.504873294346978,0.866016324905435,0.9287032764190124,5237.0,5485.0,6015.0,5082.0,6686.0,5961.0,5945.0,5846.0,4804.0,5192.0,6166.0,5918.0,6203.0,0.0,1.0,0.0,0.25,7.0,0.7,0.6,0.6,0.0,1.0,0.0,0.0,0.0,0.0,0.0,0.0,0.0,53.0,48.0,73.0,43.0,45.0,46.0,1905.0,2052.0,2068.0,2096.0,2061.0,2133.0,51106.0,51600.0,52000.0,51765.0,50789.0,49430.0,-0.9573643410852712,-0.7692307692307693,0.4539746933256061,1.921675953454488,2.749342504551892,2.125989132455941,-1.193677571630335,-1.0039848884748697,-14.905113999726948,-8.728657661106988,12.831204649177533,5.0115306826613475,1320.0,1369.0,1360.0,1357.0,1371.0,1377.0,1.8527368304966365,0.0018380663541953,0.75,1.3133208255159476,5.292270006519034,5.0032151672924146,3.5046969696969805,0.8554170853526017,-5.542796167001168,-8.508728553809561,8.563353376246157,18.28472815353267,0.4837,0.4254,0.3347,0.2519,0.2261,0.3353,3271.110107421875,3173.760009765625,3186.010009765625,3184.570068359375,3137.429931640625,3117.030029296875,3.0673427529713906,-0.3844934561552478,0.0452161948187821,1.5025080319195998,0.6544660189992367,1.6468125052595408,0.9222579131627386,0.9484248060875639,0.955794504181601,0.9586111111111111,0.9528893058161351,0.9764722150885996,27.940773238278037,-1.2990527740189444,57.017193122750896,-34.78487614080834,0.0749733812994966,0.0185892931972639,0.288745611594897,-0.0242909848762215,0.0,0.0,0.4070556309362241,-0.1355013550135424,0.8522727272727191,0.1422475106685754,0.0,-0.1256281407035104,2052.0,11.279826464208242,1.6205061805822492,-1.9149105052188753,-0.4956066739066048,3.2991042167358535,-3.3220039556810104,-1.107102164830991
2017-05-11,51106.0,-0.9573643410852712,1898.0,-7.504873294346978,0.866016324905435,0.9287032764190124,5237.0,5485.0,6015.0,5082.0,6686.0,5961.0,5945.0,5846.0,4804.0,5192.0,6166.0,5918.0,6203.0,0.0,1.0,0.0,0.25,7.0,0.7,0.6,0.6,0.0,1.0,0.0,0.0,0.0,0.0,0.0,0.0,0.0,53.0,48.0,73.0,43.0,45.0,46.0,2052.0,2068.0,2096.0,2061.0,2133.0,2060.0,51600.0,52000.0,51765.0,50789.0,49430.0,48401.0,-0.7692307692307693,0.4539746933256061,1.921675953454488,2.749342504551892,2.125989132455941,-4.889072294601977,-1.0039848884748697,-14.905113999726948,-8.728657661106988,12.831204649177533,5.0115306826613475,-1.0484401082024162,1369.0,1360.0,1357.0,1371.0,1377.0,1366.0,0.0018380663541953,0.75,1.3133208255159476,5.292270006519034,5.0032151672924146,-8.707178972484709,0.8554170853526017,-5.542796167001168,-8.508728553809561,8.563353376246157,18.28472815353267,-17.31736165024515,0.4254,0.3347,0.2519,0.2261,0.3353,0.1938,3173.760009765625,3186.010009765625,3184.570068359375,3137.429931640625,3117.030029296875,3066.530029296875,-0.3844934561552478,0.0452161948187821,1.5025080319195998,0.6544660189992367,1.6468125052595408,2.2101732286719535,0.9484248060875639,0.955794504181601,0.9586111111111111,0.9528893058161351,0.9764722150885996,1.0039826588396357,27.940773238278037,-1.2990527740189444,57.017193122750896,-34.78487614080834,0.0749733812994966,0.0185892931972639,0.288745611594897,-0.0242909848762215,0.0,0.0,0.4070556309362241,-0.1355013550135424,0.8522727272727191,0.1422475106685754,0.0,-0.1256281407035104,2052.0,11.279826464208242,1.6205061805822492,-1.9149105052188753,-0.4956066739066048,3.2991042167358535,-3.3220039556810104,-1.107102164830991
2017-04-26,51600.0,-0.7692307692307693,2052.0,11.279826464208242,1.6205061805822492,3.2991042167358535,5485.0,6015.0,5082.0,6686.0,5961.0,5945.0,5846.0,4804.0,5192.0,6166.0,5918.0,6203.0,5508.0,0.0,1.0,0.0,0.25,7.0,0.7,0.6,0.6,0.0,1.0,0.0,0.0,0.0,0.0,0.0,0.0,0.0,48.0,73.0,42.0,45.0,46.0,41.0,2068.0,2096.0,2061.0,2133.0,2060.0,1846.0,52000.0,51765.0,50789.0,49430.0,48401.0,50889.0,0.4539746933256061,1.921675953454488,2.749342504551892,2.125989132455941,-4.889072294601977,1.572822897746552,-14.905113999726948,-8.728657661106988,12.831204649177533,5.0115306826613475,-1.0484401082024162,9.642685931792254,1360.0,1357.0,1371.0,1377.0,1366.0,1246.0,0.75,1.3133208255159476,5.292270006519034,5.0032151672924146,-8.707178972484709,-0.5630248936090084,-5.542796167001168,-8.508728553809561,8.563353376246157,18.28472815353267,-17.31736165024515,7.709640878057741,0.3347,0.2519,0.2261,0.3353,0.1938,0.2146,3186.010009765625,3184.570068359375,3137.429931640625,3117.030029296875,3066.530029296875,3000.219970703125,0.0452161948187821,1.5025080319195998,0.6544660189992367,1.6468125052595408,2.2101732286719535,1.5598475292510667,0.955794504181601,0.9586111111111111,0.9528893058161351,0.9764722150885996,1.0039826588396357,0.9636790577006836,-1.2990527740189444,-1.07095046854083,-34.78487614080834,26.151315789473685,0.0185892931972639,-0.2181834186889503,-0.0242909848762215,0.3245778545368496,0.0,0.1176470588235227,-0.1355013550135424,0.1356852103120683,0.1422475106685754,0.8608321377331338,-0.1256281407035104,-2.0910209102091057,1844.0,-8.167330677290837,-1.9149105052188753,-0.4956066739066048,-1.2209631175518325,-3.3220039556810104,-1.107102164830991,-4.578976932973345
2017-04-12,52000.0,0.4539746933256061,2052.0,11.279826464208242,1.6205061805822492,3.2991042167358535,5485.0,6015.0,5082.0,6686.0,5961.0,5945.0,5846.0,4804.0,5192.0,6166.0,5918.0,6203.0,5508.0,0.0,1.0,0.0,0.25,7.0,0.7,0.6,0.6,0.0,1.0,0.0,0.0,0.0,0.0,0.0,0.0,0.0,48.0,73.0,42.0,45.0,46.0,41.0,2096.0,2061.0,2133.0,2060.0,1846.0,1877.0,51765.0,50789.0,49430.0,48401.0,50889.0,50101.0,1.921675953454488,2.749342504551892,2.125989132455941,-4.889072294601977,1.572822897746552,0.7035034471668912,-8.728657661106988,12.831204649177533,5.0115306826613475,-1.0484401082024162,9.642685931792254,-13.067095437536958,1357.0,1371.0,1377.0,1366.0,1246.0,1252.0,1.3133208255159476,5.292270006519034,5.0032151672924146,-8.707178972484709,-0.5630248936090084,3.907335302979906,-8.508728553809561,8.563353376246157,18.28472815353267,-17.31736165024515,7.709640878057741,-11.14645417234958,0.2519,0.2261,0.3353,0.1938,0.2146,0.2551,3184.570068359375,3137.429931640625,3117.030029296875,3066.530029296875,3000.219970703125,2954.139892578125,1.5025080319195998,0.6544660189992367,1.6468125052595408,2.2101732286719535,1.5598475292510667,1.8072144704372932,0.9586111111111111,0.9528893058161351,0.9764722150885996,1.0039826588396357,0.9636790577006836,0.9434150566790946,-1.2990527740189444,-1.07095046854083,-34.78487614080834,26.151315789473685,0.0185892931972639,-0.2181834186889503,-0.0242909848762215,0.3245778545368496,0.0,0.1176470588235227,-0.1355013550135424,0.1356852103120683,0.1422475106685754,0.8608321377331338,-0.1256281407035104,-2.0910209102091057,1844.0,-8.167330677290837,-1.9149105052188753,-0.4956066739066048,-1.2209631175518325,-3.3220039556810104,-1.107102164830991,-4.578976932973345
2017-03-29,51765.0,1.921675953454488,2052.0,11.279826464208242,-1.9149105052188753,-3.3220039556810104,6015.0,5082.0,6686.0,5961.0,5945.0,5846.0,4804.0,5192.0,6166.0,5918.0,6203.0,5508.0,7783.0,0.0,1.0,0.0,0.25,7.0,0.7,0.6,0.6,0.0,1.0,0.0,0.0,0.0,0.0,0.0,0.0,0.0,73.0,42.0,48.0,46.0,41.0,44.0,2061.0,2133.0,2060.0,1846.0,1877.0,1844.0,50789.0,49430.0,48401.0,50889.0,50101.0,49751.0,2.749342504551892,2.125989132455941,-4.889072294601977,1.572822897746552,0.7035034471668912,3.6479166666666663,12.831204649177533,5.0115306826613475,-1.0484401082024162,9.642685931792254,-13.067095437536958,9.379014989293372,1371.0,1377.0,1366.0,1246.0,1252.0,1244.0,5.292270006519034,5.0032151672924146,-8.707178972484709,-0.5630248936090084,3.907335302979906,10.55614441151658,8.563353376246157,18.28472815353267,-17.31736165024515,7.709640878057741,-11.14645417234958,37.459807073954984,0.2261,0.3353,0.1938,0.2146,0.2551,0.1818,3137.429931640625,3117.030029296875,3066.530029296875,3000.219970703125,2954.139892578125,2901.699951171875,0.6544660189992367,1.6468125052595408,2.2101732286719535,1.5598475292510667,1.8072144704372932,-1.964299928114848,0.9528893058161351,0.9764722150885996,1.0039826588396357,0.9636790577006836,0.9434150566790946,0.9734293372987145,-1.07095046854083,1.6603157321720197,26.151315789473685,-20.105124835742444,-0.2181834186889503,-0.2439949946528089,0.3245778545368496,0.0660894150910054,0.1176470588235227,0.2358490566037769,0.1356852103120683,0.8207934336525425,0.8608321377331338,0.5772005772005855,-2.0910209102091057,0.0,1844.0,-8.167330677290837,-0.4956066739066048,-1.2209631175518325,-0.7164849634979957,-1.107102164830991,-4.578976932973345,-1.5449663711130537
2017-03-15,50789.0,2.749342504551892,2052.0,11.279826464208242,-1.9149105052188753,-3.3220039556810104,6015.0,5082.0,6686.0,5961.0,5945.0,5846.0,4804.0,5192.0,6166.0,5918.0,6203.0,5508.0,7783.0,0.0,1.0,0.0,0.25,7.0,0.7,0.6,0.6,0.0,1.0,0.0,0.0,0.0,0.0,0.0,0.0,0.0,73.0,42.0,48.0,46.0,41.0,44.0,2133.0,2060.0,1846.0,1877.0,1844.0,1844.0,49430.0,48401.0,50889.0,50101.0,49751.0,48000.0,2.125989132455941,-4.889072294601977,1.572822897746552,0.7035034471668912,3.6479166666666663,-5.7918392180722655,5.0115306826613475,-1.0484401082024162,9.642685931792254,-13.067095437536958,9.379014989293372,-7.8260040236216675,1377.0,1366.0,1246.0,1252.0,1244.0,1245.0,5.0032151672924146,-8.707178972484709,-0.5630248936090084,3.907335302979906,10.55614441151658,-12.777117412879004,18.28472815353267,-17.31736165024515,7.709640878057741,-11.14645417234958,37.459807073954984,-11.896955503512888,0.3353,0.1938,0.2146,0.2551,0.1818,0.1027,3117.030029296875,3066.530029296875,3000.219970703125,2954.139892578125,2901.699951171875,2959.840087890625,1.6468125052595408,2.2101732286719535,1.5598475292510667,1.8072144704372932,-1.964299928114848,4.231100893531888,0.9764722150885996,1.0039826588396357,0.9636790577006836,0.9434150566790946,0.9734293372987145,1.03830928637868,-1.07095046854083,1.6603157321720197,26.151315789473685,-20.105124835742444,-0.2181834186889503,-0.2439949946528089,0.3245778545368496,0.0660894150910054,0.1176470588235227,0.2358490566037769,0.1356852103120683,0.8207934336525425,0.8608321377331338,0.5772005772005855,-2.0910209102091057,0.0,1844.0,-8.167330677290837,-0.4956066739066048,-1.2209631175518325,-0.7164849634979957,-1.107102164830991,-4.578976932973345,-1.5449663711130537
2017-02-24,49430.0,2.125989132455941,2052.0,11.279826464208242,-0.4956066739066048,-1.107102164830991,5082.0,6686.0,5961.0,5945.0,5846.0,4804.0,5192.0,6166.0,5918.0,6203.0,5508.0,7783.0,4858.0,0.0,1.0,0.0,0.25,7.0,0.7,0.6,0.6,0.0,1.0,0.0,0.0,0.0,0.0,0.0,0.0,0.0,42.0,48.0,39.0,41.0,44.0,42.0,2060.0,1846.0,1877.0,1844.0,1844.0,1846.0,48401.0,50889.0,50101.0,49751.0,48000.0,50951.0,-4.889072294601977,1.572822897746552,0.7035034471668912,3.6479166666666663,-5.7918392180722655,-3.2600440495177336,-1.0484401082024162,9.642685931792254,-13.067095437536958,9.379014989293372,-7.8260040236216675,-5.356291595728217,1366.0,1246.0,1252.0,1244.0,1245.0,1254.0,-8.707178972484709,-0.5630248936090084,3.907335302979906,10.55614441151658,-12.777117412879004,-5.702238195210476,-17.31736165024515,7.709640878057741,-11.14645417234958,37.459807073954984,-11.896955503512888,-8.813625424486567,0.1938,0.2146,0.2551,0.1818,0.1027,0.0777,3066.530029296875,3000.219970703125,2954.139892578125,2901.699951171875,2959.840087890625,2839.68994140625,2.2101732286719535,1.5598475292510667,1.8072144704372932,-1.964299928114848,4.231100893531888,1.7853836253170905,1.0039826588396357,0.9636790577006836,0.9434150566790946,0.9734293372987145,1.03830928637868,0.9613214845002924,1.6603157321720197,-13.491876618789734,-20.105124835742444,8.373682711478212,-0.2439949946528089,-0.246834017419161,0.0660894150910054,0.2444554665910862,0.2358490566037769,0.2364066193853461,0.8207934336525425,0.0,0.5772005772005855,0.0,0.0,0.0,1844.0,-8.167330677290837,-1.2209631175518325,-0.7164849634979957,-0.896215552314424,-4.578976932973345,-1.5449663711130537,-1.2299342742859158
2017-02-08,48401.0,-4.889072294601977,2052.0,11.279826464208242,-0.4956066739066048,-1.107102164830991,5082.0,6686.0,5961.0,5945.0,5846.0,4804.0,5192.0,6166.0,5918.0,6203.0,5508.0,7783.0,4858.0,0.0,1.0,0.0,0.25,7.0,0.7,0.6,0.6,0.0,1.0,0.0,0.0,0.0,0.0,0.0,0.0,0.0,42.0,48.0,39.0,41.0,44.0,42.0,1846.0,1877.0,1844.0,1844.0,1846.0,1929.0,50889.0,50101.0,49751.0,48000.0,50951.0,52668.0,1.572822897746552,0.7035034471668912,3.6479166666666663,-5.7918392180722655,-3.2600440495177336,3.2888156733541214,9.642685931792254,-13.067095437536958,9.379014989293372,-7.8260040236216675,-5.356291595728217,13.639464134675729,1246.0,1252.0,1244.0,1245.0,1254.0,1347.0,-0.5630248936090084,3.907335302979906,10.55614441151658,-12.777117412879004,-5.702238195210476,-0.3616380074454884,7.709640878057741,-11.14645417234958,37.459807073954984,-11.896955503512888,-8.813625424486567,13.209512004219189,0.2146,0.2551,0.1818,0.1027,0.0777,0.0869,3000.219970703125,2954.139892578125,2901.699951171875,2959.840087890625,2839.68994140625,2789.8798828125,1.5598475292510667,1.8072144704372932,-1.964299928114848,4.231100893531888,1.7853836253170905,-1.924342517450876,0.9636790577006836,0.9434150566790946,0.9734293372987145,1.03830928637868,0.9613214845002924,0.9370529836672241,1.6603157321720197,-13.491876618789734,-20.105124835742444,8.373682711478212,-0.2439949946528089,-0.246834017419161,0.0660894150910054,0.2444554665910862,0.2358490566037769,0.2364066193853461,0.8207934336525425,0.0,0.5772005772005855,0.0,0.0,0.0,1844.0,-8.167330677290837,-1.2209631175518325,-0.7164849634979957,-0.896215552314424,-4.578976932973345,-1.5449663711130537,-1.2299342742859158
2017-01-18,50889.0,1.572822897746552,1844.0,-8.167330677290837,-1.2209631175518325,-4.578976932973345,6686.0,5961.0,5945.0,5846.0,4804.0,5192.0,6166.0,5918.0,6203.0,5508.0,7783.0,4858.0,6630.0,0.0,1.0,0.0,0.25,7.0,0.7,0.6,0.6,0.0,1.0,0.0,0.0,0.0,0.0,0.0,0.0,0.0,48.0,39.0,27.0,44.0,42.0,44.0,1877.0,1844.0,1844.0,1846.0,1929.0,2023.0,50101.0,49751.0,48000.0,50951.0,52668.0,50991.0,0.7035034471668912,3.6479166666666663,-5.7918392180722655,-3.2600440495177336,3.2888156733541214,-1.0018055798241017,-13.067095437536958,9.379014989293372,-7.8260040236216675,-5.356291595728217,13.639464134675729,-10.266516409150467,1252.0,1244.0,1245.0,1254.0,1347.0,1340.0,3.907335302979906,10.55614441151658,-12.777117412879004,-5.702238195210476,-0.3616380074454884,6.43195411407332,-11.14645417234958,37.459807073954984,-11.896955503512888,-8.813625424486567,13.209512004219189,-0.2132196162046823,0.2551,0.1818,0.1027,0.0777,0.0869,0.0798,2954.139892578125,2901.699951171875,2959.840087890625,2839.68994140625,2789.8798828125,2844.6201171875,1.8072144704372932,-1.964299928114848,4.231100893531888,1.7853836253170905,-1.924342517450876,-1.2898206104943049,0.9434150566790946,0.9734293372987145,1.03830928637868,0.9613214845002924,0.9370529836672241,0.9039354724339657,-13.491876618789734,-5.327686134641105,8.373682711478212,2.361516034985423,-0.246834017419161,-0.0712776200777801,0.2444554665910862,0.2258330255944095,0.2364066193853461,-0.2358490566037769,0.0,0.4120879120879082,0.0,0.5805515239477379,0.0,0.0,2008.0,-9.427153811456924,-0.7164849634979957,-0.896215552314424,-2.307879787772549,-1.5449663711130537,-1.2299342742859158,-0.1477962523093164
2017-01-05,50101.0,0.7035034471668912,1844.0,-8.167330677290837,-1.2209631175518325,-4.578976932973345,6686.0,5961.0,5945.0,5846.0,4804.0,5192.0,6166.0,5918.0,6203.0,5508.0,7783.0,4858.0,6630.0,0.0,1.0,0.0,0.25,7.0,0.7,0.6,0.6,0.0,1.0,0.0,0.0,0.0,0.0,0.0,0.0,0.0,48.0,39.0,27.0,44.0,42.0,44.0,1844.0,1844.0,1846.0,1929.0,2023.0,2064.0,49751.0,48000.0,50951.0,52668.0,50991.0,51507.0,3.6479166666666663,-5.7918392180722655,-3.2600440495177336,3.2888156733541214,-1.0018055798241017,3.014,9.379014989293372,-7.8260040236216675,-5.356291595728217,13.639464134675729,-10.266516409150467,9.51290504618493,1244.0,1245.0,1254.0,1347.0,1340.0,1350.0,10.55614441151658,-12.777117412879004,-5.702238195210476,-0.3616380074454884,6.43195411407332,-4.504423343723536,37.459807073954984,-11.896955503512888,-8.813625424486567,13.209512004219189,-0.2132196162046823,-12.28887787142621,0.1818,0.1027,0.0777,0.0869,0.0798,0.0618,2901.699951171875,2959.840087890625,2839.68994140625,2789.8798828125,2844.6201171875,2881.7900390625,-1.964299928114848,4.231100893531888,1.7853836253170905,-1.924342517450876,-1.2898206104943049,1.0891925933088065,0.9734293372987145,1.03830928637868,0.9613214845002924,0.9370529836672241,0.9039354724339657,0.9718118526065546,-13.491876618789734,-5.327686134641105,8.373682711478212,2.361516034985423,-0.246834017419161,-0.0712776200777801,0.2444554665910862,0.2258330255944095,0.2364066193853461,-0.2358490566037769,0.0,0.4120879120879082,0.0,0.5805515239477379,0.0,0.0,2008.0,-9.427153811456924,-0.7164849634979957,-0.896215552314424,-2.307879787772549,-1.5449663711130537,-1.2299342742859158,-0.1477962523093164
2016-12-21,49751.0,3.6479166666666663,1844.0,-8.167330677290837,-0.7164849634979957,-1.5449663711130537,5961.0,5945.0,5846.0,4804.0,5192.0,6166.0,5918.0,6203.0,5508.0,7783.0,4858.0,6630.0,6136.0,0.0,1.0,0.0,0.25,7.0,0.7,0.6,0.6,0.0,1.0,0.0,0.0,0.0,0.0,0.0,0.0,0.0,39.0,27.0,28.0,42.0,44.0,47.0,1844.0,1846.0,1929.0,2023.0,2064.0,2008.0,48000.0,50951.0,52668.0,50991.0,51507.0,50000.0,-5.7918392180722655,-3.2600440495177336,3.2888156733541214,-1.0018055798241017,3.014,-2.9239311924824296,-7.8260040236216675,-5.356291595728217,13.639464134675729,-10.266516409150467,9.51290504618493,-1.90988510361621,1245.0,1254.0,1347.0,1340.0,1350.0,1338.0,-12.777117412879004,-5.702238195210476,-0.3616380074454884,6.43195411407332,-4.504423343723536,-2.633240938914424,-11.896955503512888,-8.813625424486567,13.209512004219189,-0.2132196162046823,-12.28887787142621,-5.256339413062071,0.1027,0.0777,0.0869,0.0798,0.0618,0.0901,2959.840087890625,2839.68994140625,2789.8798828125,2844.6201171875,2881.7900390625,2850.739990234375,4.231100893531888,1.7853836253170905,-1.924342517450876,-1.2898206104943049,1.0891925933088065,-1.4828992296068555,1.03830928637868,0.9613214845002924,0.9370529836672241,0.9039354724339657,0.9718118526065546,0.9008846687447073,-5.327686134641105,6.077086781745093,2.361516034985423,18.72620283835237,-0.0712776200777801,0.215546950386606,0.2258330255944095,0.2399003381384588,-0.2358490566037769,0.0,0.4120879120879082,0.1375515818431833,0.5805515239477379,0.1453488372093147,0.0,0.0,2008.0,-9.427153811456924,-0.896215552314424,-2.307879787772549,3.534686905547576,-1.2299342742859158,-0.1477962523093164,4.355250353450966
2016-12-07,48000.0,-5.7918392180722655,1844.0,-8.167330677290837,-0.7164849634979957,-1.5449663711130537,5961.0,5945.0,5846.0,4804.0,5192.0,6166.0,5918.0,6203.0,5508.0,7783.0,4858.0,6630.0,6136.0,0.0,1.0,0.0,0.25,7.0,0.7,0.6,0.6,0.0,1.0,0.0,0.0,0.0,0.0,0.0,0.0,0.0,39.0,27.0,28.0,42.0,44.0,47.0,1846.0,1929.0,2023.0,2064.0,2008.0,2067.0,50951.0,52668.0,50991.0,51507.0,50000.0,51506.0,-3.2600440495177336,3.2888156733541214,-1.0018055798241017,3.014,-2.9239311924824296,-3.4274571567855405,-5.356291595728217,13.639464134675729,-10.266516409150467,9.51290504618493,-1.90988510361621,-3.843331864522094,1254.0,1347.0,1340.0,1350.0,1338.0,1372.0,-5.702238195210476,-0.3616380074454884,6.43195411407332,-4.504423343723536,-2.633240938914424,0.8884955752212389,-8.813625424486567,13.209512004219189,-0.2132196162046823,-12.28887787142621,-5.256339413062071,1.806518995118571,0.0777,0.0869,0.0798,0.0618,0.0901,0.0929,2839.68994140625,2789.8798828125,2844.6201171875,2881.7900390625,2850.739990234375,2893.64990234375,1.7853836253170905,-1.924342517450876,-1.2898206104943049,1.0891925933088065,-1.4828992296068555,1.7690331109405666,0.9613214845002924,0.9370529836672241,0.9039354724339657,0.9718118526065546,0.9008846687447073,0.9035823304445458,-5.327686134641105,6.077086781745093,2.361516034985423,18.72620283835237,-0.0712776200777801,0.215546950386606,0.2258330255944095,0.2399003381384588,-0.2358490566037769,0.0,0.4120879120879082,0.1375515818431833,0.5805515239477379,0.1453488372093147,0.0,0.0,2008.0,-9.427153811456924,-0.896215552314424,-2.307879787772549,3.534686905547576,-1.2299342742859158,-0.1477962523093164,4.355250353450966
2016-11-23,50951.0,-3.2600440495177336,1844.0,-8.167330677290837,-0.896215552314424,-1.2299342742859158,5945.0,5846.0,4804.0,5192.0,6166.0,5918.0,6203.0,5508.0,7783.0,4858.0,6630.0,6136.0,5057.0,0.0,1.0,0.0,0.25,7.0,0.7,0.6,0.6,0.0,1.0,0.0,0.0,0.0,0.0,0.0,0.0,0.0,27.0,28.0,25.0,44.0,47.0,53.0,1929.0,2023.0,2064.0,2008.0,2067.0,2034.0,52668.0,50991.0,51507.0,50000.0,51506.0,53334.0,3.2888156733541214,-1.0018055798241017,3.014,-2.9239311924824296,-3.4274571567855405,1.582766699045769,13.639464134675729,-10.266516409150467,9.51290504618493,-1.90988510361621,-3.843331864522094,2.5424349480657713,1347.0,1340.0,1350.0,1338.0,1372.0,1336.0,-0.3616380074454884,6.43195411407332,-4.504423343723536,-2.633240938914424,0.8884955752212389,-2.423017805640468,13.209512004219189,-0.2132196162046823,-12.28887787142621,-5.256339413062071,1.806518995118571,-3.1539888682745767,0.0869,0.0798,0.0618,0.0901,0.0929,0.2162,2789.8798828125,2844.6201171875,2881.7900390625,2850.739990234375,2893.64990234375,2843.35009765625,-1.924342517450876,-1.2898206104943049,1.0891925933088065,-1.4828992296068555,1.7690331109405666,0.5577214117913604,0.9370529836672241,0.9039354724339657,0.9718118526065546,0.9008846687447073,0.9035823304445458,0.9439646017699115,6.077086781745093,9.587976159626846,18.72620283835237,-5.091984231274639,0.215546950386606,0.0633256631952499,0.2399003381384588,0.0794366056702775,0.0,0.4739336492890894,0.1375515818431833,0.8321775312066694,0.1453488372093147,1.17647058823529,0.0,0.0,2008.0,-9.427153811456924,-2.307879787772549,3.534686905547576,4.036834346412488,-0.1477962523093164,4.355250353450966,5.4871198915359285
2016-11-09,52668.0,3.2888156733541214,1844.0,-8.167330677290837,-0.896215552314424,-1.2299342742859158,5945.0,5846.0,4804.0,5192.0,6166.0,5918.0,6203.0,5508.0,7783.0,4858.0,6630.0,6136.0,5057.0,0.0,1.0,0.0,0.25,7.0,0.7,0.6,0.6,0.0,1.0,0.0,0.0,0.0,0.0,0.0,0.0,0.0,27.0,28.0,25.0,44.0,47.0,53.0,2023.0,2064.0,2008.0,2067.0,2034.0,2018.0,50991.0,51507.0,50000.0,51506.0,53334.0,52503.0,-1.0018055798241017,3.014,-2.9239311924824296,-3.4274571567855405,1.582766699045769,-0.9377358490566038,-10.266516409150467,9.51290504618493,-1.90988510361621,-3.843331864522094,2.5424349480657713,-4.4334324413610835,1340.0,1350.0,1338.0,1372.0,1336.0,1336.0,6.43195411407332,-4.504423343723536,-2.633240938914424,0.8884955752212389,-2.423017805640468,0.6868609584753426,-0.2132196162046823,-12.28887787142621,-5.256339413062071,1.806518995118571,-3.1539888682745767,-3.2001188275355883,0.0798,0.0618,0.0901,0.0929,0.2162,0.2471,2844.6201171875,2881.7900390625,2850.739990234375,2893.64990234375,2843.35009765625,2827.580078125,-1.2898206104943049,1.0891925933088065,-1.4828992296068555,1.7690331109405666,0.5577214117913604,-4.011213226594847,0.9039354724339657,0.9718118526065546,0.9008846687447073,0.9035823304445458,0.9439646017699115,0.9067405833894617,6.077086781745093,9.587976159626846,18.72620283835237,-5.091984231274639,0.215546950386606,0.0633256631952499,0.2399003381384588,0.0794366056702775,0.0,0.4739336492890894,0.1375515818431833,0.8321775312066694,0.1453488372093147,1.17647058823529,0.0,0.0,2008.0,-9.427153811456924,-2.307879787772549,3.534686905547576,4.036834346412488,-0.1477962523093164,4.355250353450966,5.4871198915359285
2016-10-19,50991.0,-1.0018055798241017,2008.0,-9.427153811456924,-2.307879787772549,-0.1477962523093164,5846.0,4804.0,5192.0,6166.0,5918.0,6203.0,5508.0,7783.0,4858.0,6630.0,6136.0,5057.0,5908.0,0.0,1.0,0.0,0.25,7.0,0.7,0.6,0.6,0.0,1.0,0.0,0.0,0.0,0.0,0.0,0.0,0.0,28.0,25.0,35.0,47.0,53.0,53.0,2064.0,2008.0,2067.0,2034.0,2018.0,2272.0,51507.0,50000.0,51506.0,53334.0,52503.0,53000.0,3.014,-2.9239311924824296,-3.4274571567855405,1.582766699045769,-0.9377358490566038,1.3364945220932678,9.51290504618493,-1.90988510361621,-3.843331864522094,2.5424349480657713,-4.4334324413610835,-2.1700845335003134,1350.0,1338.0,1372.0,1336.0,1336.0,1463.0,-4.504423343723536,-2.633240938914424,0.8884955752212389,-2.423017805640468,0.6868609584753426,2.5299078250637383,-12.28887787142621,-5.256339413062071,1.806518995118571,-3.1539888682745767,-3.2001188275355883,-3.847556572124179,0.0618,0.0901,0.0929,0.2162,0.2471,0.1032,2881.7900390625,2850.739990234375,2893.64990234375,2843.35009765625,2827.580078125,2945.739990234375,1.0891925933088065,-1.4828992296068555,1.7690331109405666,0.5577214117913604,-4.011213226594847,2.919815057822579,0.9718118526065546,0.9008846687447073,0.9035823304445458,0.9439646017699115,0.9067405833894617,0.9216109063086875,9.587976159626846,-20.383742521147106,-5.091984231274639,-6.453595574677321,0.0633256631952499,-0.1205494550225286,0.0794366056702775,0.1398327001623058,0.4739336492890894,-0.2364066193853294,0.8321775312066694,-0.1385041551246655,1.17647058823529,-0.1468428781204028,0.0,0.0,2217.0,9.319526627218936,3.534686905547576,4.036834346412488,6.597924828862961,4.355250353450966,5.4871198915359285,6.499721528909425
2016-10-05,51507.0,3.014,2008.0,-9.427153811456924,-2.307879787772549,-0.1477962523093164,5846.0,4804.0,5192.0,6166.0,5918.0,6203.0,5508.0,7783.0,4858.0,6630.0,6136.0,5057.0,5908.0,0.0,1.0,0.0,0.25,7.0,0.7,0.6,0.6,0.0,1.0,0.0,0.0,0.0,0.0,0.0,0.0,0.0,28.0,25.0,35.0,47.0,53.0,53.0,2008.0,2067.0,2034.0,2018.0,2272.0,2222.0,50000.0,51506.0,53334.0,52503.0,53000.0,52301.0,-2.9239311924824296,-3.4274571567855405,1.582766699045769,-0.9377358490566038,1.3364945220932678,-5.2518115942028984,-1.90988510361621,-3.843331864522094,2.5424349480657713,-4.4334324413610835,-2.1700845335003134,-18.192486420742153,1338.0,1372.0,1336.0,1336.0,1463.0,1469.0,-2.633240938914424,0.8884955752212389,-2.423017805640468,0.6868609584753426,2.5299078250637383,-1.6155060515699,-5.256339413062071,1.806518995118571,-3.1539888682745767,-3.2001188275355883,-3.847556572124179,-12.95137252007047,0.0901,0.0929,0.2162,0.2471,0.1032,0.1017,2850.739990234375,2893.64990234375,2843.35009765625,2827.580078125,2945.739990234375,2862.169921875,-1.4828992296068555,1.7690331109405666,0.5577214117913604,-4.011213226594847,2.919815057822579,2.7292352568194076,0.9008846687447073,0.9035823304445458,0.9439646017699115,0.9067405833894617,0.9216109063086875,0.9324644761004831,9.587976159626846,-20.383742521147106,-5.091984231274639,-6.453595574677321,0.0633256631952499,-0.1205494550225286,0.0794366056702775,0.1398327001623058,0.4739336492890894,-0.2364066193853294,0.8321775312066694,-0.1385041551246655,1.17647058823529,-0.1468428781204028,0.0,0.0,2217.0,9.319526627218936,3.534686905547576,4.036834346412488,6.597924828862961,4.355250353450966,5.4871198915359285,6.499721528909425
2016-09-21,50000.0,-2.9239311924824296,2008.0,-9.427153811456924,3.534686905547576,4.355250353450966,4804.0,5192.0,6166.0,5918.0,6203.0,5508.0,7783.0,4858.0,6630.0,6136.0,5057.0,5908.0,5406.0,0.0,1.0,0.0,0.25,7.0,0.7,0.6,0.6,0.0,1.0,0.0,0.0,0.0,0.0,0.0,0.0,0.0,25.0,35.0,46.0,53.0,53.0,57.0,2067.0,2034.0,2018.0,2272.0,2222.0,2252.0,51506.0,53334.0,52503.0,53000.0,52301.0,55200.0,-3.4274571567855405,1.582766699045769,-0.9377358490566038,1.3364945220932678,-5.2518115942028984,2.804782657280143,-3.843331864522094,2.5424349480657713,-4.4334324413610835,-2.1700845335003134,-18.192486420742153,-14.251739561167485,1372.0,1336.0,1336.0,1463.0,1469.0,1463.0,0.8884955752212389,-2.423017805640468,0.6868609584753426,2.5299078250637383,-1.6155060515699,1.8035714285714288,1.806518995118571,-3.1539888682745767,-3.2001188275355883,-3.847556572124179,-12.95137252007047,-14.786304315132211,0.0929,0.2162,0.2471,0.1032,0.1017,0.1446,2893.64990234375,2843.35009765625,2827.580078125,2945.739990234375,2862.169921875,2786.1298828125,1.7690331109405666,0.5577214117913604,-4.011213226594847,2.919815057822579,2.7292352568194076,-2.663867240608145,0.9035823304445458,0.9439646017699115,0.9067405833894617,0.9216109063086875,0.9324644761004831,0.9682511840028065,-20.383742521147106,-1.2830957230142568,-6.453595574677321,-1.244309559939302,-0.1205494550225286,0.2457719688123846,0.1398327001623058,0.1937146390367164,-0.2364066193853294,0.7142857142857075,-0.1385041551246655,1.4044943820224718,-0.1468428781204028,1.9461077844311336,0.0,0.0,2217.0,9.319526627218936,4.036834346412488,6.597924828862961,1.9219799025845803,5.4871198915359285,6.499721528909425,5.279273801250869
2016-09-07,51506.0,-3.4274571567855405,2008.0,-9.427153811456924,3.534686905547576,4.355250353450966,4804.0,5192.0,6166.0,5918.0,6203.0,5508.0,7783.0,4858.0,6630.0,6136.0,5057.0,5908.0,5406.0,0.0,1.0,0.0,0.25,7.0,0.7,0.6,0.6,0.0,1.0,0.0,0.0,0.0,0.0,0.0,0.0,0.0,25.0,35.0,46.0,53.0,53.0,57.0,2034.0,2018.0,2272.0,2222.0,2252.0,2218.0,53334.0,52503.0,53000.0,52301.0,55200.0,53694.0,1.582766699045769,-0.9377358490566038,1.3364945220932678,-5.2518115942028984,2.804782657280143,14.193960017014035,2.5424349480657713,-4.4334324413610835,-2.1700845335003134,-18.192486420742153,-14.251739561167485,40.779388181828104,1336.0,1336.0,1463.0,1469.0,1463.0,1470.0,-2.423017805640468,0.6868609584753426,2.5299078250637383,-1.6155060515699,1.8035714285714288,13.923020587517293,-3.1539888682745767,-3.2001188275355883,-3.847556572124179,-12.95137252007047,-14.786304315132211,54.720361874293225,0.2162,0.2471,0.1032,0.1017,0.1446,0.1724,2843.35009765625,2827.580078125,2945.739990234375,2862.169921875,2786.1298828125,2862.3798828125,0.5577214117913604,-4.011213226594847,2.919815057822579,2.7292352568194076,-2.663867240608145,3.0704499314859732,0.9439646017699115,0.9067405833894617,0.9216109063086875,0.9324644761004831,0.9682511840028065,0.9588214285714286,-20.383742521147106,-1.2830957230142568,-6.453595574677321,-1.244309559939302,-0.1205494550225286,0.2457719688123846,0.1398327001623058,0.1937146390367164,-0.2364066193853294,0.7142857142857075,-0.1385041551246655,1.4044943820224718,-0.1468428781204028,1.9461077844311336,0.0,0.0,2217.0,9.319526627218936,4.036834346412488,6.597924828862961,1.9219799025845803,5.4871198915359285,6.499721528909425,5.279273801250869
2016-08-17,53334.0,1.582766699045769,2008.0,-9.427153811456924,4.036834346412488,5.4871198915359285,5192.0,6166.0,5918.0,6203.0,5508.0,7783.0,4858.0,6630.0,6136.0,5057.0,5908.0,5406.0,4885.0,0.0,1.0,0.0,0.25,7.0,0.7,0.6,0.6,0.0,1.0,0.0,0.0,0.0,0.0,0.0,0.0,0.0,35.0,46.0,40.0,53.0,57.0,59.0,2018.0,2272.0,2222.0,2252.0,2218.0,2217.0,52503.0,53000.0,52301.0,55200.0,53694.0,47020.0,-0.9377358490566038,1.3364945220932678,-5.2518115942028984,2.804782657280143,14.193960017014035,-1.8146129591346656,-4.4334324413610835,-2.1700845335003134,-18.192486420742153,-14.251739561167485,40.779388181828104,-6.312955003166324,1336.0,1463.0,1469.0,1463.0,1470.0,1537.0,0.6868609584753426,2.5299078250637383,-1.6155060515699,1.8035714285714288,13.923020587517293,-3.6345814546167423,-3.2001188275355883,-3.847556572124179,-12.95137252007047,-14.786304315132211,54.720361874293225,-9.2938455804061,0.2471,0.1032,0.1017,0.1446,0.1724,0.3365,2827.580078125,2945.739990234375,2862.169921875,2786.1298828125,2862.3798828125,2777.110107421875,-4.011213226594847,2.919815057822579,2.7292352568194076,-2.663867240608145,3.0704499314859732,0.336007479965952,0.9067405833894617,0.9216109063086875,0.9324644761004831,0.9682511840028065,0.9588214285714286,0.9565465050044756,-1.2830957230142568,22.842131598699027,-1.244309559939302,3.6163522012578615,0.2457719688123846,0.1310615989515072,0.1937146390367164,0.1209497056771215,0.7142857142857075,-0.591715976331361,1.4044943820224718,0.2816901408450744,1.9461077844311336,0.4511278195488679,0.0,0.0,2217.0,9.319526627218936,6.597924828862961,1.9219799025845803,-1.082969811402652,6.499721528909425,5.279273801250869,-2.9546891464699683
2016-08-03,52503.0,-0.9377358490566038,2008.0,-9.427153811456924,4.036834346412488,5.4871198915359285,5192.0,6166.0,5918.0,6203.0,5508.0,7783.0,4858.0,6630.0,6136.0,5057.0,5908.0,5406.0,4885.0,0.0,1.0,0.0,0.25,7.0,0.7,0.6,0.6,0.0,1.0,0.0,0.0,0.0,0.0,0.0,0.0,0.0,35.0,46.0,40.0,53.0,57.0,59.0,2272.0,2222.0,2252.0,2218.0,2217.0,2218.0,53000.0,52301.0,55200.0,53694.0,47020.0,47889.0,1.3364945220932678,-5.2518115942028984,2.804782657280143,14.193960017014035,-1.8146129591346656,1.2452431289640593,-2.1700845335003134,-18.192486420742153,-14.251739561167485,40.779388181828104,-6.312955003166324,-3.7081365324504345,1463.0,1469.0,1463.0,1470.0,1537.0,1462.0,2.5299078250637383,-1.6155060515699,1.8035714285714288,13.923020587517293,-3.6345814546167423,2.8385952179347607,-3.847556572124179,-12.95137252007047,-14.786304315132211,54.720361874293225,-9.2938455804061,-14.680507429037018,0.1032,0.1017,0.1446,0.1724,0.3365,0.3739,2945.739990234375,2862.169921875,2786.1298828125,2862.3798828125,2777.110107421875,2767.81005859375,2.919815057822579,2.7292352568194076,-2.663867240608145,3.0704499314859732,0.336007479965952,-6.174338398716543,0.9216109063086875,0.9324644761004831,0.9682511840028065,0.9588214285714286,0.9565465050044756,0.9388159184473632,-1.2830957230142568,22.842131598699027,-1.244309559939302,3.6163522012578615,0.2457719688123846,0.1310615989515072,0.1937146390367164,0.1209497056771215,0.7142857142857075,-0.591715976331361,1.4044943820224718,0.2816901408450744,1.9461077844311336,0.4511278195488679,0.0,0.0,2217.0,9.319526627218936,6.597924828862961,1.9219799025845803,-1.082969811402652,6.499721528909425,5.279273801250869,-2.9546891464699683
2016-07-20,53000.0,1.3364945220932678,2217.0,9.319526627218936,6.597924828862961,6.499721528909425,6166.0,5918.0,6203.0,5508.0,7783.0,4858.0,6630.0,6136.0,5057.0,5908.0,5406.0,4885.0,5948.0,0.0,1.0,0.0,0.25,7.0,0.7,0.6,0.6,0.0,1.0,0.0,0.0,0.0,0.0,0.0,0.0,0.0,46.0,40.0,46.0,57.0,59.0,59.0,2222.0,2252.0,2218.0,2217.0,2218.0,2062.0,52301.0,55200.0,53694.0,47020.0,47889.0,47300.0,-5.2518115942028984,2.804782657280143,14.193960017014035,-1.8146129591346656,1.2452431289640593,2.80597274446304,-18.192486420742153,-14.251739561167485,40.779388181828104,-6.312955003166324,-3.7081365324504345,-8.674919913444182,1469.0,1463.0,1470.0,1537.0,1462.0,1211.0,-1.6155060515699,1.8035714285714288,13.923020587517293,-3.6345814546167423,2.8385952179347607,5.536170212765958,-12.95137252007047,-14.786304315132211,54.720361874293225,-9.2938455804061,-14.680507429037018,5.81507520624802,0.1017,0.1446,0.1724,0.3365,0.3739,0.2455,2862.169921875,2786.1298828125,2862.3798828125,2777.110107421875,2767.81005859375,2949.949951171875,2.7292352568194076,-2.663867240608145,3.0704499314859732,0.336007479965952,-6.174338398716543,4.933746595709204,0.9324644761004831,0.9682511840028065,0.9588214285714286,0.9565465050044756,0.9388159184473632,0.9535905810249586,22.842131598699027,-3.0795344325897185,3.6163522012578615,7.614213197969544,0.1310615989515072,-0.1813339022240069,0.1209497056771215,0.060511447047113,-0.591715976331361,-0.1182033096926647,0.2816901408450744,0.1410437235542938,0.4511278195488679,0.1506024096385456,0.0,0.0,2028.0,22.389861194930596,1.9219799025845803,-1.082969811402652,-6.992188288488323,5.279273801250869,-2.9546891464699683,-6.83656640226184
2016-07-07,52301.0,-5.2518115942028984,2217.0,9.319526627218936,6.597924828862961,6.499721528909425,6166.0,5918.0,6203.0,5508.0,7783.0,4858.0,6630.0,6136.0,5057.0,5908.0,5406.0,4885.0,5948.0,0.0,1.0,0.0,0.25,7.0,0.7,0.6,0.6,0.0,1.0,0.0,0.0,0.0,0.0,0.0,0.0,0.0,46.0,40.0,46.0,57.0,59.0,59.0,2252.0,2218.0,2217.0,2218.0,2062.0,2105.0,55200.0,53694.0,47020.0,47889.0,47300.0,46009.0,2.804782657280143,14.193960017014035,-1.8146129591346656,1.2452431289640593,2.80597274446304,1.109792545710267,-14.251739561167485,40.779388181828104,-6.312955003166324,-3.7081365324504345,-8.674919913444182,-5.445015220228918,1463.0,1470.0,1537.0,1462.0,1211.0,1218.0,1.8035714285714288,13.923020587517293,-3.6345814546167423,2.8385952179347607,5.536170212765958,1.0709216807879232,-14.786304315132211,54.720361874293225,-9.2938455804061,-14.680507429037018,5.81507520624802,-9.647143509738502,0.1446,0.1724,0.3365,0.3739,0.2455,0.2614,2786.1298828125,2862.3798828125,2777.110107421875,2767.81005859375,2949.949951171875,2811.25,-2.663867240608145,3.0704499314859732,0.336007479965952,-6.174338398716543,4.933746595709204,-2.4542148435481455,0.9682511840028065,0.9588214285714286,0.9565465050044756,0.9388159184473632,0.9535905810249586,0.9789148936170213,22.842131598699027,-3.0795344325897185,3.6163522012578615,7.614213197969544,0.1310615989515072,-0.1813339022240069,0.1209497056771215,0.060511447047113,-0.591715976331361,-0.1182033096926647,0.2816901408450744,0.1410437235542938,0.4511278195488679,0.1506024096385456,0.0,0.0,2028.0,22.389861194930596,1.9219799025845803,-1.082969811402652,-6.992188288488323,5.279273801250869,-2.9546891464699683,-6.83656640226184
2016-06-22,55200.0,2.804782657280143,2217.0,9.319526627218936,1.9219799025845803,5.279273801250869,5918.0,6203.0,5508.0,7783.0,4858.0,6630.0,6136.0,5057.0,5908.0,5406.0,4885.0,5948.0,5950.0,0.0,1.0,0.0,0.25,7.0,0.7,0.6,0.6,0.0,1.0,0.0,0.0,0.0,0.0,0.0,0.0,0.0,40.0,46.0,54.0,59.0,59.0,64.0,2218.0,2217.0,2218.0,2062.0,2105.0,2053.0,53694.0,47020.0,47889.0,47300.0,46009.0,45504.0,14.193960017014035,-1.8146129591346656,1.2452431289640593,2.80597274446304,1.109792545710267,1.12,40.779388181828104,-6.312955003166324,-3.7081365324504345,-8.674919913444182,-5.445015220228918,7.976984000175016,1470.0,1537.0,1462.0,1211.0,1218.0,1220.0,13.923020587517293,-3.6345814546167423,2.8385952179347607,5.536170212765958,1.0709216807879232,-2.314931518359802,54.720361874293225,-9.2938455804061,-14.680507429037018,5.81507520624802,-9.647143509738502,-8.775308058594748,0.1724,0.3365,0.3739,0.2455,0.2614,0.3171,2862.3798828125,2777.110107421875,2767.81005859375,2949.949951171875,2811.25,2881.97998046875,3.0704499314859732,0.336007479965952,-6.174338398716543,4.933746595709204,-2.4542148435481455,2.5458755624039604,0.9588214285714286,0.9565465050044756,0.9388159184473632,0.9535905810249586,0.9789148936170213,0.9785385574813986,-3.0795344325897185,27.323247916023465,7.614213197969544,18.770096463022508,-0.1813339022240069,-0.5655692190590276,0.060511447047113,-0.3336652142416164,-0.1182033096926647,0.1183431952662654,0.1410437235542938,0.2828854314002869,0.1506024096385456,1.0654490106544945,0.0,-0.1228501228501333,2028.0,22.389861194930596,-1.082969811402652,-6.992188288488323,-7.91464525362925,-2.9546891464699683,-6.83656640226184,-9.752640158763908
2016-06-08,53694.0,14.193960017014035,2217.0,9.319526627218936,1.9219799025845803,5.279273801250869,5918.0,6203.0,5508.0,7783.0,4858.0,6630.0,6136.0,5057.0,5908.0,5406.0,4885.0,5948.0,5950.0,0.0,1.0,0.0,0.25,5.0,0.6,0.5,0.6,0.0,1.0,0.0,0.0,0.0,0.0,0.0,0.0,0.0,40.0,46.0,54.0,59.0,59.0,64.0,2217.0,2218.0,2062.0,2105.0,2053.0,2033.0,47020.0,47889.0,47300.0,46009.0,45504.0,45000.0,-1.8146129591346656,1.2452431289640593,2.80597274446304,1.109792545710267,1.12,4.651162790697675,-6.312955003166324,-3.7081365324504345,-8.674919913444182,-5.445015220228918,7.976984000175016,19.58472721179792,1537.0,1462.0,1211.0,1218.0,1220.0,1209.0,-3.6345814546167423,2.8385952179347607,5.536170212765958,1.0709216807879232,-2.314931518359802,1.3497977432403665,-9.2938455804061,-14.680507429037018,5.81507520624802,-9.647143509738502,-8.775308058594748,-6.702491835731675,0.3365,0.3739,0.2455,0.2614,0.3171,0.3,2777.110107421875,2767.81005859375,2949.949951171875,2811.25,2881.97998046875,2810.429931640625,0.336007479965952,-6.174338398716543,4.933746595709204,-2.4542148435481455,2.5458755624039604,7.523170937197952,0.9565465050044756,0.9388159184473632,0.9535905810249586,0.9789148936170213,0.9785385574813986,0.9452987143937485,-3.0795344325897185,27.323247916023465,7.614213197969544,18.770096463022508,-0.1813339022240069,-0.5655692190590276,0.060511447047113,-0.3336652142416164,-0.1182033096926647,0.1183431952662654,0.1410437235542938,0.2828854314002869,0.1506024096385456,1.0654490106544945,0.0,-0.1228501228501333,2028.0,22.389861194930596,-1.082969811402652,-6.992188288488323,-7.91464525362925,-2.9546891464699683,-6.83656640226184,-9.752640158763908
2016-05-18,47020.0,-1.8146129591346656,2217.0,9.319526627218936,-1.082969811402652,-2.9546891464699683,6203.0,5508.0,7783.0,4858.0,6630.0,6136.0,5057.0,5908.0,5406.0,4885.0,5948.0,5950.0,5439.0,0.0,1.0,0.0,0.25,5.0,0.6,0.5,0.6,0.0,1.0,0.0,0.0,0.0,0.0,0.0,0.0,0.0,46.0,54.0,79.0,59.0,64.0,71.0,2218.0,2062.0,2105.0,2053.0,2033.0,2049.0,47889.0,47300.0,46009.0,45504.0,45000.0,43000.0,1.2452431289640593,2.80597274446304,1.109792545710267,1.12,4.651162790697675,-7.826198795309853,-3.7081365324504345,-8.674919913444182,-5.445015220228918,7.976984000175016,19.58472721179792,-0.7711144260372018,1462.0,1211.0,1218.0,1220.0,1209.0,1208.0,2.8385952179347607,5.536170212765958,1.0709216807879232,-2.314931518359802,1.3497977432403665,21.65242165242165,-14.680507429037018,5.81507520624802,-9.647143509738502,-8.775308058594748,-6.702491835731675,79.63005252340719,0.3739,0.2455,0.2614,0.3171,0.3,0.2064,2767.81005859375,2949.949951171875,2811.25,2881.97998046875,2810.429931640625,2613.7900390625,-6.174338398716543,4.933746595709204,-2.4542148435481455,2.5458755624039604,7.523170937197952,2.4718336274773205,0.9388159184473632,0.9535905810249586,0.9789148936170213,0.9785385574813986,0.9452987143937485,0.9154779646582926,27.323247916023465,-18.062231216797368,18.770096463022508,-20.025715204114434,-0.5655692190590276,-0.2694227011959133,-0.3336652142416164,-0.0324638260224321,0.1183431952662654,-0.1182033096926647,0.2828854314002869,-1.5320334261838362,1.0654490106544945,-2.810650887573952,-0.1228501228501333,0.1230012300123106,2028.0,22.389861194930596,-6.992188288488323,-7.91464525362925,-5.0041495241290415,-6.83656640226184,-9.752640158763908,-3.717478461144758
2016-05-05,47889.0,1.2452431289640593,2217.0,9.319526627218936,-1.082969811402652,-2.9546891464699683,6203.0,5508.0,7783.0,4858.0,6630.0,6136.0,5057.0,5908.0,5406.0,4885.0,5948.0,5950.0,5439.0,0.0,1.0,0.0,0.25,5.0,0.6,0.5,0.6,0.0,1.0,0.0,0.0,0.0,0.0,0.0,0.0,0.0,46.0,54.0,79.0,59.0,64.0,71.0,2062.0,2105.0,2053.0,2033.0,2049.0,2038.0,47300.0,46009.0,45504.0,45000.0,43000.0,46651.0,2.80597274446304,1.109792545710267,1.12,4.651162790697675,-7.826198795309853,-9.064150796280774,-8.674919913444182,-5.445015220228918,7.976984000175016,19.58472721179792,-0.7711144260372018,-29.60991667482795,1211.0,1218.0,1220.0,1209.0,1208.0,1216.0,5.536170212765958,1.0709216807879232,-2.314931518359802,1.3497977432403665,21.65242165242165,-22.917207370879833,5.81507520624802,-9.647143509738502,-8.775308058594748,-6.702491835731675,79.63005252340719,2.7173913043478177,0.2455,0.2614,0.3171,0.3,0.2064,0.3317,2949.949951171875,2811.25,2881.97998046875,2810.429931640625,2613.7900390625,2550.739990234375,4.933746595709204,-2.4542148435481455,2.5458755624039604,7.523170937197952,2.4718336274773205,-0.352767210646861,0.9535905810249586,0.9789148936170213,0.9785385574813986,0.9452987143937485,0.9154779646582926,1.2082621082621083,27.323247916023465,-18.062231216797368,18.770096463022508,-20.025715204114434,-0.5655692190590276,-0.2694227011959133,-0.3336652142416164,-0.0324638260224321,0.1183431952662654,-0.1182033096926647,0.2828854314002869,-1.5320334261838362,1.0654490106544945,-2.810650887573952,-0.1228501228501333,0.1230012300123106,2028.0,22.389861194930596,-6.992188288488323,-7.91464525362925,-5.0041495241290415,-6.83656640226184,-9.752640158763908,-3.717478461144758
2016-04-20,47300.0,2.80597274446304,2028.0,22.389861194930596,-6.992188288488323,-6.83656640226184,5508.0,7783.0,4858.0,6630.0,6136.0,5057.0,5908.0,5406.0,4885.0,5948.0,5950.0,5439.0,6130.0,0.0,1.0,0.0,0.25,5.0,0.6,0.5,0.6,0.0,1.0,0.0,0.0,0.0,0.0,0.0,0.0,0.0,54.0,79.0,57.0,64.0,71.0,70.0,2105.0,2053.0,2033.0,2049.0,2038.0,1659.0,46009.0,45504.0,45000.0,43000.0,46651.0,51301.0,1.109792545710267,1.12,4.651162790697675,-7.826198795309853,-9.064150796280774,13.997155681969687,-5.445015220228918,7.976984000175016,19.58472721179792,-0.7711144260372018,-29.60991667482795,70.74018877297564,1218.0,1220.0,1209.0,1208.0,1216.0,1026.0,1.0709216807879232,-2.314931518359802,1.3497977432403665,21.65242165242165,-22.917207370879833,-8.796431172614712,-9.647143509738502,-8.775308058594748,-6.702491835731675,79.63005252340719,2.7173913043478177,5.808256333738025,0.2614,0.3171,0.3,0.2064,0.3317,0.3952,2811.25,2881.97998046875,2810.429931640625,2613.7900390625,2550.739990234375,2559.77001953125,-2.4542148435481455,2.5458755624039604,7.523170937197952,2.4718336274773205,-0.352767210646861,-8.718846555328135,0.9789148936170213,0.9785385574813986,0.9452987143937485,0.9154779646582926,1.2082621082621083,1.0241969294655513,-18.062231216797368,7.535364526659412,-20.025715204114434,15.736607142857142,-0.2694227011959133,-0.1689587914477035,-0.0324638260224321,0.0181973232094369,-0.1182033096926647,-0.2358490566037769,-1.5320334261838362,-1.7783857729138128,-2.810650887573952,-1.3138686131386943,0.1230012300123106,-0.6112469437652812,1657.0,-1.778304682868998,-7.91464525362925,-5.0041495241290415,-0.3501548423423423,-9.752640158763908,-3.717478461144758,-1.978327034348975
2016-04-06,46009.0,1.109792545710267,2028.0,22.389861194930596,-6.992188288488323,-6.83656640226184,5508.0,7783.0,4858.0,6630.0,6136.0,5057.0,5908.0,5406.0,4885.0,5948.0,5950.0,5439.0,6130.0,0.0,1.0,0.0,0.25,5.0,0.6,0.5,0.6,0.0,1.0,0.0,0.0,0.0,0.0,0.0,0.0,0.0,54.0,79.0,57.0,64.0,71.0,70.0,2053.0,2033.0,2049.0,2038.0,1659.0,1659.0,45504.0,45000.0,43000.0,46651.0,51301.0,45002.0,1.12,4.651162790697675,-7.826198795309853,-9.064150796280774,13.997155681969687,-17.124914826614614,7.976984000175016,19.58472721179792,-0.7711144260372018,-29.60991667482795,70.74018877297564,2.382902707357795,1220.0,1209.0,1208.0,1216.0,1026.0,1027.0,-2.314931518359802,1.3497977432403665,21.65242165242165,-22.917207370879833,-8.796431172614712,-0.1472700496354611,-8.775308058594748,-6.702491835731675,79.63005252340719,2.7173913043478177,5.808256333738025,5.166666666666679,0.3171,0.3,0.2064,0.3317,0.3952,0.2997,2881.97998046875,2810.429931640625,2613.7900390625,2550.739990234375,2559.77001953125,2804.27001953125,2.5458755624039604,7.523170937197952,2.4718336274773205,-0.352767210646861,-8.718846555328135,-2.0735734058797,0.9785385574813986,0.9452987143937485,0.9154779646582926,1.2082621082621083,1.0241969294655513,0.8194100509832484,-18.062231216797368,7.535364526659412,-20.025715204114434,15.736607142857142,-0.2694227011959133,-0.1689587914477035,-0.0324638260224321,0.0181973232094369,-0.1182033096926647,-0.2358490566037769,-1.5320334261838362,-1.7783857729138128,-2.810650887573952,-1.3138686131386943,0.1230012300123106,-0.6112469437652812,1657.0,-1.778304682868998,-7.91464525362925,-5.0041495241290415,-0.3501548423423423,-9.752640158763908,-3.717478461144758,-1.978327034348975
2016-03-23,45504.0,1.12,2028.0,22.389861194930596,-7.91464525362925,-9.752640158763908,7783.0,4858.0,6630.0,6136.0,5057.0,5908.0,5406.0,4885.0,5948.0,5950.0,5439.0,6130.0,6929.0,0.0,1.0,0.0,0.25,5.0,0.6,0.5,0.6,0.0,1.0,0.0,0.0,0.0,0.0,0.0,0.0,0.0,79.0,57.0,28.0,71.0,70.0,68.0,2033.0,2049.0,2038.0,1659.0,1659.0,1669.0,45000.0,43000.0,46651.0,51301.0,45002.0,54301.0,4.651162790697675,-7.826198795309853,-9.064150796280774,13.997155681969687,-17.124914826614614,-4.716699713979891,19.58472721179792,-0.7711144260372018,-29.60991667482795,70.74018877297564,2.382902707357795,-5.611206224981095,1209.0,1208.0,1216.0,1026.0,1027.0,1027.0,1.3497977432403665,21.65242165242165,-22.917207370879833,-8.796431172614712,-0.1472700496354611,-8.33319444675922,-6.702491835731675,79.63005252340719,2.7173913043478177,5.808256333738025,5.166666666666679,-9.012552325872145,0.3,0.2064,0.3317,0.3952,0.2997,0.3482,2810.429931640625,2613.7900390625,2550.739990234375,2559.77001953125,2804.27001953125,2863.64990234375,7.523170937197952,2.4718336274773205,-0.352767210646861,-8.718846555328135,-2.0735734058797,0.085976848369981,0.9452987143937485,0.9154779646582926,1.2082621082621083,1.0241969294655513,0.8194100509832484,0.9872729586734786,7.535364526659412,3.1425364758698096,15.736607142857142,3.5040431266846364,-0.1689587914477035,-0.2799836469728317,0.0181973232094369,0.0017840831240009,-0.2358490566037769,0.0,-1.7783857729138128,-0.2728512960436601,-1.3138686131386943,-1.0115606936416226,-0.6112469437652812,-0.1221001221001325,1657.0,-1.778304682868998,-5.0041495241290415,-0.3501548423423423,0.4400615025714438,-3.717478461144758,-1.978327034348975,-1.191361390637651
2016-03-09,45000.0,4.651162790697675,2028.0,22.389861194930596,-7.91464525362925,-9.752640158763908,7783.0,4858.0,6630.0,6136.0,5057.0,5908.0,5406.0,4885.0,5948.0,5950.0,5439.0,6130.0,6929.0,0.0,1.0,0.0,0.25,5.0,0.6,0.5,0.6,0.0,1.0,0.0,0.0,0.0,0.0,0.0,0.0,0.0,79.0,57.0,28.0,71.0,70.0,68.0,2049.0,2038.0,1659.0,1659.0,1669.0,1698.0,43000.0,46651.0,51301.0,45002.0,54301.0,56989.0,-7.826198795309853,-9.064150796280774,13.997155681969687,-17.124914826614614,-4.716699713979891,-3.734797297297298,-0.7711144260372018,-29.60991667482795,70.74018877297564,2.382902707357795,-5.611206224981095,-2.486047356428122,1208.0,1216.0,1026.0,1027.0,1027.0,1031.0,21.65242165242165,-22.917207370879833,-8.796431172614712,-0.1472700496354611,-8.33319444675922,-1.8035121025154248,79.63005252340719,2.7173913043478177,5.808256333738025,5.166666666666679,-9.012552325872145,-4.795992810762621,0.2064,0.3317,0.3952,0.2997,0.3482,0.4198,2613.7900390625,2550.739990234375,2559.77001953125,2804.27001953125,2863.64990234375,2861.18994140625,2.4718336274773205,-0.352767210646861,-8.718846555328135,-2.0735734058797,0.085976848369981,-0.8624201700917591,0.9154779646582926,1.2082621082621083,1.0241969294655513,0.8194100509832484,0.9872729586734786,0.9498008366527224,7.535364526659412,3.1425364758698096,15.736607142857142,3.5040431266846364,-0.1689587914477035,-0.2799836469728317,0.0181973232094369,0.0017840831240009,-0.2358490566037769,0.0,-1.7783857729138128,-0.2728512960436601,-1.3138686131386943,-1.0115606936416226,-0.6112469437652812,-0.1221001221001325,1657.0,-1.778304682868998,-5.0041495241290415,-0.3501548423423423,0.4400615025714438,-3.717478461144758,-1.978327034348975,-1.191361390637651
2016-02-17,43000.0,-7.826198795309853,2028.0,22.389861194930596,-5.0041495241290415,-3.717478461144758,4858.0,6630.0,6136.0,5057.0,5908.0,5406.0,4885.0,5948.0,5950.0,5439.0,6130.0,6929.0,3978.0,0.0,1.0,0.0,0.25,5.0,0.6,0.5,0.6,0.0,1.0,0.0,0.0,0.0,0.0,0.0,0.0,0.0,57.0,28.0,26.0,70.0,68.0,61.0,2038.0,1659.0,1659.0,1669.0,1698.0,1662.0,46651.0,51301.0,45002.0,54301.0,56989.0,59200.0,-9.064150796280774,13.997155681969687,-17.124914826614614,-4.716699713979891,-3.734797297297298,5.712397992892984,-29.60991667482795,70.74018877297564,2.382902707357795,-5.611206224981095,-2.486047356428122,6.648840746124984,1216.0,1026.0,1027.0,1027.0,1031.0,1029.0,-22.917207370879833,-8.796431172614712,-0.1472700496354611,-8.33319444675922,-1.8035121025154248,6.264238882802038,2.7173913043478177,5.808256333738025,5.166666666666679,-9.012552325872145,-4.795992810762621,10.401819990596312,0.3317,0.3952,0.2997,0.3482,0.4198,0.4383,2550.739990234375,2559.77001953125,2804.27001953125,2863.64990234375,2861.18994140625,2886.080078125,-0.352767210646861,-8.718846555328135,-2.0735734058797,0.085976848369981,-0.8624201700917591,-5.078142376716001,1.2082621082621083,1.0241969294655513,0.8194100509832484,0.9872729586734786,0.9498008366527224,0.9688558663240757,3.1425364758698096,-2.8088355604035997,3.5040431266846364,6.960461285008238,-0.2799836469728317,-0.2015281521228456,0.0017840831240009,-0.0132004723628488,0.0,0.2364066193853461,-0.2728512960436601,0.1366120218579157,-1.0115606936416226,-0.1443001443001361,-0.1221001221001325,0.0,1657.0,-1.778304682868998,-0.3501548423423423,0.4400615025714438,-0.3785344554385718,-1.978327034348975,-1.191361390637651,-1.5006266174053156
2016-02-03,46651.0,-9.064150796280774,2028.0,22.389861194930596,-5.0041495241290415,-3.717478461144758,4858.0,6630.0,6136.0,5057.0,5908.0,5406.0,4885.0,5948.0,5950.0,5439.0,6130.0,6929.0,3978.0,0.0,1.0,0.0,0.25,5.0,0.6,0.5,0.6,0.0,1.0,0.0,0.0,0.0,0.0,0.0,0.0,0.0,57.0,28.0,26.0,70.0,68.0,61.0,1659.0,1659.0,1669.0,1698.0,1662.0,1664.0,51301.0,45002.0,54301.0,56989.0,59200.0,56001.0,13.997155681969687,-17.124914826614614,-4.716699713979891,-3.734797297297298,5.712397992892984,-2.2687213137641575,70.74018877297564,2.382902707357795,-5.611206224981095,-2.486047356428122,6.648840746124984,-8.461613952445045,1026.0,1027.0,1027.0,1031.0,1029.0,1037.0,-8.796431172614712,-0.1472700496354611,-8.33319444675922,-1.8035121025154248,6.264238882802038,-3.9873766467965734,5.808256333738025,5.166666666666679,-9.012552325872145,-4.795992810762621,10.401819990596312,-4.097690499083298,0.3952,0.2997,0.3482,0.4198,0.4383,0.3459,2559.77001953125,2804.27001953125,2863.64990234375,2861.18994140625,2886.080078125,3040.47998046875,-8.718846555328135,-2.0735734058797,0.085976848369981,-0.8624201700917591,-5.078142376716001,0.4884829803150372,1.0241969294655513,0.8194100509832484,0.9872729586734786,0.9498008366527224,0.9688558663240757,0.9739134971565712,3.1425364758698096,-2.8088355604035997,3.5040431266846364,6.960461285008238,-0.2799836469728317,-0.2015281521228456,0.0017840831240009,-0.0132004723628488,0.0,0.2364066193853461,-0.2728512960436601,0.1366120218579157,-1.0115606936416226,-0.1443001443001361,-0.1221001221001325,0.0,1657.0,-1.778304682868998,-0.3501548423423423,0.4400615025714438,-0.3785344554385718,-1.978327034348975,-1.191361390637651,-1.5006266174053156
2016-01-20,51301.0,13.997155681969687,1657.0,-1.778304682868998,-0.3501548423423423,-1.978327034348975,6630.0,6136.0,5057.0,5908.0,5406.0,4885.0,5948.0,5950.0,5439.0,6130.0,6929.0,3978.0,6702.0,0.0,1.0,0.0,0.25,5.0,0.6,0.5,0.6,0.0,1.0,0.0,0.0,0.0,0.0,0.0,0.0,0.0,28.0,26.0,30.0,68.0,61.0,67.0,1659.0,1669.0,1698.0,1662.0,1664.0,1690.0,45002.0,54301.0,56989.0,59200.0,56001.0,57301.0,-17.124914826614614,-4.716699713979891,-3.734797297297298,5.712397992892984,-2.2687213137641575,2.321387118087177,2.382902707357795,-5.611206224981095,-2.486047356428122,6.648840746124984,-8.461613952445045,0.6806875686096081,1027.0,1027.0,1031.0,1029.0,1037.0,1073.0,-0.1472700496354611,-8.33319444675922,-1.8035121025154248,6.264238882802038,-3.9873766467965734,2.9197456607664547,5.166666666666679,-9.012552325872145,-4.795992810762621,10.401819990596312,-4.097690499083298,-1.9216292918480409,0.2997,0.3482,0.4198,0.4383,0.3459,0.1582,2804.27001953125,2863.64990234375,2861.18994140625,2886.080078125,3040.47998046875,3025.699951171875,-2.0735734058797,0.085976848369981,-0.8624201700917591,-5.078142376716001,0.4884829803150372,2.1571232224276917,0.8194100509832484,0.9872729586734786,0.9498008366527224,0.9688558663240757,0.9739134971565712,0.9567867221025564,-2.8088355604035997,30.451796513696195,6.960461285008238,-0.3693065244152647,-0.2015281521228456,-0.255582583388057,-0.0132004723628488,-0.0360207422412747,0.2364066193853461,-0.4705882352941243,0.1366120218579157,0.1367989056087667,-0.1443001443001361,0.2894356005788753,0.0,0.0,1687.0,18.302945301542778,0.4400615025714438,-0.3785344554385718,-4.083355849770332,-1.191361390637651,-1.5006266174053156,-6.208402027233316
2016-01-06,45002.0,-17.124914826614614,1657.0,-1.778304682868998,-0.3501548423423423,-1.978327034348975,6630.0,6136.0,5057.0,5908.0,5406.0,4885.0,5948.0,5950.0,5439.0,6130.0,6929.0,3978.0,6702.0,0.0,1.0,0.0,0.25,5.0,0.6,0.5,0.6,0.0,1.0,0.0,0.0,0.0,0.0,0.0,0.0,0.0,28.0,26.0,30.0,68.0,61.0,67.0,1669.0,1698.0,1662.0,1664.0,1690.0,1687.0,54301.0,56989.0,59200.0,56001.0,57301.0,56001.0,-4.716699713979891,-3.734797297297298,5.712397992892984,-2.2687213137641575,2.321387118087177,1.0866622141193885,-5.611206224981095,-2.486047356428122,6.648840746124984,-8.461613952445045,0.6806875686096081,-2.899824253075577,1027.0,1031.0,1029.0,1037.0,1073.0,1057.0,-8.33319444675922,-1.8035121025154248,6.264238882802038,-3.9873766467965734,2.9197456607664547,-3.0182830286161897,-9.012552325872145,-4.795992810762621,10.401819990596312,-4.097690499083298,-1.9216292918480409,0.2406243120953139,0.3482,0.4198,0.4383,0.3459,0.1582,0.2111,2863.64990234375,2861.18994140625,2886.080078125,3040.47998046875,3025.699951171875,2961.81005859375,0.085976848369981,-0.8624201700917591,-5.078142376716001,0.4884829803150372,2.1571232224276917,4.078730620425216,0.9872729586734786,0.9498008366527224,0.9688558663240757,0.9739134971565712,0.9567867221025564,0.9623818525519848,-2.8088355604035997,30.451796513696195,6.960461285008238,-0.3693065244152647,-0.2015281521228456,-0.255582583388057,-0.0132004723628488,-0.0360207422412747,0.2364066193853461,-0.4705882352941243,0.1366120218579157,0.1367989056087667,-0.1443001443001361,0.2894356005788753,0.0,0.0,1687.0,18.302945301542778,0.4400615025714438,-0.3785344554385718,-4.083355849770332,-1.191361390637651,-1.5006266174053156,-6.208402027233316
2015-12-23,54301.0,-4.716699713979891,1657.0,-1.778304682868998,0.4400615025714438,-1.191361390637651,6136.0,5057.0,5908.0,5406.0,4885.0,5948.0,5950.0,5439.0,6130.0,6929.0,3978.0,6702.0,4923.0,0.0,1.0,0.0,0.25,5.0,0.6,0.5,0.6,0.0,1.0,0.0,0.0,0.0,0.0,0.0,0.0,0.0,26.0,30.0,33.0,61.0,67.0,55.0,1698.0,1662.0,1664.0,1690.0,1687.0,1687.0,56989.0,59200.0,56001.0,57301.0,56001.0,55399.0,-3.734797297297298,5.712397992892984,-2.2687213137641575,2.321387118087177,1.0866622141193885,-2.960290073394174,-2.486047356428122,6.648840746124984,-8.461613952445045,0.6806875686096081,-2.899824253075577,-10.79713511609596,1031.0,1029.0,1037.0,1073.0,1057.0,1058.0,-1.8035121025154248,6.264238882802038,-3.9873766467965734,2.9197456607664547,-3.0182830286161897,-3.3815880581633144,-4.795992810762621,10.401819990596312,-4.097690499083298,-1.9216292918480409,0.2406243120953139,-15.706643660329856,0.4198,0.4383,0.3459,0.1582,0.2111,0.2671,2861.18994140625,2886.080078125,3040.47998046875,3025.699951171875,2961.81005859375,2845.739990234375,-0.8624201700917591,-5.078142376716001,0.4884829803150372,2.1571232224276917,4.078730620425216,-2.8153987572771824,0.9498008366527224,0.9688558663240757,0.9739134971565712,0.9567867221025564,0.9623818525519848,0.9233012783120281,30.451796513696195,14.922322158626327,-0.3693065244152647,8.746095493083445,-0.255582583388057,-0.2904992898906247,-0.0360207422412747,0.0460278664835066,-0.4705882352941243,0.0,0.1367989056087667,-0.1366120218579351,0.2894356005788753,-0.5755395683453319,0.0,1.6129032258064655,1687.0,18.302945301542778,-0.3785344554385718,-4.083355849770332,-5.699498367704435,-1.5006266174053156,-6.208402027233316,-7.020183382064893
2015-12-09,56989.0,-3.734797297297298,1657.0,-1.778304682868998,0.4400615025714438,-1.191361390637651,6136.0,5057.0,5908.0,5406.0,4885.0,5948.0,5950.0,5439.0,6130.0,6929.0,3978.0,6702.0,4923.0,0.0,1.0,0.0,0.25,5.0,0.6,0.5,0.6,0.0,1.0,0.0,0.0,0.0,0.0,0.0,0.0,0.0,26.0,30.0,33.0,61.0,67.0,55.0,1662.0,1664.0,1690.0,1687.0,1687.0,1688.0,59200.0,56001.0,57301.0,56001.0,55399.0,57089.0,5.712397992892984,-2.2687213137641575,2.321387118087177,1.0866622141193885,-2.960290073394174,-0.7113290897074681,6.648840746124984,-8.461613952445045,0.6806875686096081,-2.899824253075577,-10.79713511609596,2.265921122987336,1029.0,1037.0,1073.0,1057.0,1058.0,1059.0,6.264238882802038,-3.9873766467965734,2.9197456607664547,-3.0182830286161897,-3.3815880581633144,-0.0627615062761506,10.401819990596312,-4.097690499083298,-1.9216292918480409,0.2406243120953139,-15.706643660329856,4.865422350805998,0.4383,0.3459,0.1582,0.2111,0.2671,0.2323,2886.080078125,3040.47998046875,3025.699951171875,2961.81005859375,2845.739990234375,2928.179931640625,-5.078142376716001,0.4884829803150372,2.1571232224276917,4.078730620425216,-2.8153987572771824,-3.7178814092683927,0.9688558663240757,0.9739134971565712,0.9567867221025564,0.9623818525519848,0.9233012783120281,0.9192927650118355,30.451796513696195,14.922322158626327,-0.3693065244152647,8.746095493083445,-0.255582583388057,-0.2904992898906247,-0.0360207422412747,0.0460278664835066,-0.4705882352941243,0.0,0.1367989056087667,-0.1366120218579351,0.2894356005788753,-0.5755395683453319,0.0,1.6129032258064655,1687.0,18.302945301542778,-0.3785344554385718,-4.083355849770332,-5.699498367704435,-1.5006266174053156,-6.208402027233316,-7.020183382064893
2015-11-18,59200.0,5.712397992892984,1657.0,-1.778304682868998,-0.3785344554385718,-1.5006266174053156,5057.0,5908.0,5406.0,4885.0,5948.0,5950.0,5439.0,6130.0,6929.0,3978.0,6702.0,4923.0,5405.0,0.0,1.0,0.0,0.25,5.0,0.6,0.5,0.6,0.0,1.0,0.0,0.0,0.0,0.0,0.0,0.0,0.0,30.0,33.0,41.0,67.0,55.0,69.0,1664.0,1690.0,1687.0,1687.0,1688.0,1756.0,56001.0,57301.0,56001.0,55399.0,57089.0,57498.0,-2.2687213137641575,2.321387118087177,1.0866622141193885,-2.960290073394174,-0.7113290897074681,2.2932270632816807,-8.461613952445045,0.6806875686096081,-2.899824253075577,-10.79713511609596,2.265921122987336,2.0618479894653827,1037.0,1073.0,1057.0,1058.0,1059.0,1058.0,-3.9873766467965734,2.9197456607664547,-3.0182830286161897,-3.3815880581633144,-0.0627615062761506,2.2224415601506853,-4.097690499083298,-1.9216292918480409,0.2406243120953139,-15.706643660329856,4.865422350805998,-5.169276226130464,0.3459,0.1582,0.2111,0.2671,0.2323,0.1729,3040.47998046875,3025.699951171875,2961.81005859375,2845.739990234375,2928.179931640625,3041.25,0.4884829803150372,2.1571232224276917,4.078730620425216,-2.8153987572771824,-3.7178814092683927,-4.704529926828725,0.9739134971565712,0.9567867221025564,0.9623818525519848,0.9233012783120281,0.9192927650118355,0.9252977148374638,14.922322158626327,37.64772087788407,8.746095493083445,61.223021582733814,-0.2904992898906247,-0.2471573834435217,0.0460278664835066,0.1078713972917849,0.0,0.1177856301531146,-0.1366120218579351,-2.0080321285140563,-0.5755395683453319,-2.250351617440217,1.6129032258064655,-1.5873015873016012,1687.0,18.302945301542778,-4.083355849770332,-5.699498367704435,-5.222247377556411,-6.208402027233316,-7.020183382064893,-6.832758096296003
2015-11-04,56001.0,-2.2687213137641575,1657.0,-1.778304682868998,-0.3785344554385718,-1.5006266174053156,5057.0,5908.0,5406.0,4885.0,5948.0,5950.0,5439.0,6130.0,6929.0,3978.0,6702.0,4923.0,5405.0,0.0,1.0,0.0,0.25,5.0,0.6,0.5,0.6,0.0,1.0,0.0,0.0,0.0,0.0,0.0,0.0,0.0,30.0,33.0,41.0,67.0,55.0,69.0,1690.0,1687.0,1687.0,1688.0,1756.0,1688.0,57301.0,56001.0,55399.0,57089.0,57498.0,56209.0,2.321387118087177,1.0866622141193885,-2.960290073394174,-0.7113290897074681,2.2932270632816807,0.5725634740288786,0.6806875686096081,-2.899824253075577,-10.79713511609596,2.265921122987336,2.0618479894653827,5.767538678867772,1073.0,1057.0,1058.0,1059.0,1058.0,1057.0,2.9197456607664547,-3.0182830286161897,-3.3815880581633144,-0.0627615062761506,2.2224415601506853,4.612022234077338,-1.9216292918480409,0.2406243120953139,-15.706643660329856,4.865422350805998,-5.169276226130464,18.035522041655224,0.1582,0.2111,0.2671,0.2323,0.1729,0.1926,3025.699951171875,2961.81005859375,2845.739990234375,2928.179931640625,3041.25,3191.389892578125,2.1571232224276917,4.078730620425216,-2.8153987572771824,-3.7178814092683927,-4.704529926828725,-4.994687175670608,0.9567867221025564,0.9623818525519848,0.9233012783120281,0.9192927650118355,0.9252977148374638,0.9246574215729819,14.922322158626327,37.64772087788407,8.746095493083445,61.223021582733814,-0.2904992898906247,-0.2471573834435217,0.0460278664835066,0.1078713972917849,0.0,0.1177856301531146,-0.1366120218579351,-2.0080321285140563,-0.5755395683453319,-2.250351617440217,1.6129032258064655,-1.5873015873016012,1687.0,18.302945301542778,-4.083355849770332,-5.699498367704435,-5.222247377556411,-6.208402027233316,-7.020183382064893,-6.832758096296003
2015-10-21,57301.0,2.321387118087177,1687.0,18.302945301542778,-4.083355849770332,-6.208402027233316,5908.0,5406.0,4885.0,5948.0,5950.0,5439.0,6130.0,6929.0,3978.0,6702.0,4923.0,5405.0,5394.0,0.0,1.0,0.0,0.25,5.0,0.6,0.5,0.6,0.0,1.0,0.0,0.0,0.0,0.0,0.0,0.0,0.0,33.0,41.0,48.0,55.0,69.0,76.0,1687.0,1687.0,1688.0,1756.0,1688.0,1435.0,56001.0,55399.0,57089.0,57498.0,56209.0,55889.0,1.0866622141193885,-2.960290073394174,-0.7113290897074681,2.2932270632816807,0.5725634740288786,-4.788756388415673,-2.899824253075577,-10.79713511609596,2.265921122987336,2.0618479894653827,5.767538678867772,6.21211423264796,1057.0,1058.0,1059.0,1058.0,1057.0,930.0,-3.0182830286161897,-3.3815880581633144,-0.0627615062761506,2.2224415601506853,4.612022234077338,-11.285323888184912,0.2406243120953139,-15.706643660329856,4.865422350805998,-5.169276226130464,18.035522041655224,-0.1437788018433185,0.2111,0.2671,0.2323,0.1729,0.1926,0.2928,2961.81005859375,2845.739990234375,2928.179931640625,3041.25,3191.389892578125,3359.169921875,4.078730620425216,-2.8153987572771824,-3.7178814092683927,-4.704529926828725,-4.994687175670608,2.2581478744576775,0.9623818525519848,0.9233012783120281,0.9192927650118355,0.9252977148374638,0.9246574215729819,0.9617959352251803,37.64772087788407,-53.88009343368804,61.223021582733814,-55.64773452456924,-0.2471573834435217,-0.6159163012108042,0.1078713972917849,-0.3530814543254257,0.1177856301531146,-0.3521126760563347,-2.0080321285140563,-0.9283819628647252,-2.250351617440217,-1.523545706371203,-1.5873015873016012,0.0,1426.0,44.62474645030426,-5.699498367704435,-5.222247377556411,0.2238794681349932,-7.020183382064893,-6.832758096296003,1.3292419836792668
2015-10-07,56001.0,1.0866622141193885,1687.0,18.302945301542778,-4.083355849770332,-6.208402027233316,5908.0,5406.0,4885.0,5948.0,5950.0,5439.0,6130.0,6929.0,3978.0,6702.0,4923.0,5405.0,5394.0,0.0,1.0,0.0,0.25,5.0,0.6,0.5,0.6,0.0,1.0,0.0,0.0,0.0,0.0,0.0,0.0,0.0,33.0,41.0,48.0,55.0,69.0,76.0,1687.0,1688.0,1756.0,1688.0,1435.0,1466.0,55399.0,57089.0,57498.0,56209.0,55889.0,58700.0,-2.960290073394174,-0.7113290897074681,2.2932270632816807,0.5725634740288786,-4.788756388415673,-3.7704918032786887,-10.79713511609596,2.265921122987336,2.0618479894653827,5.767538678867772,6.21211423264796,4.375624769211974,1058.0,1059.0,1058.0,1057.0,930.0,934.0,-3.3815880581633144,-0.0627615062761506,2.2224415601506853,4.612022234077338,-11.285323888184912,-8.401739641164049,-15.706643660329856,4.865422350805998,-5.169276226130464,18.035522041655224,-0.1437788018433185,6.392536799389034,0.2671,0.2323,0.1729,0.1926,0.2928,0.2567,2845.739990234375,2928.179931640625,3041.25,3191.389892578125,3359.169921875,3284.989990234375,-2.8153987572771824,-3.7178814092683927,-4.704529926828725,-4.994687175670608,2.2581478744576775,-1.2303376506385155,0.9233012783120281,0.9192927650118355,0.9252977148374638,0.9246574215729819,0.9617959352251803,0.8961695241294027,37.64772087788407,-53.88009343368804,61.223021582733814,-55.64773452456924,-0.2471573834435217,-0.6159163012108042,0.1078713972917849,-0.3530814543254257,0.1177856301531146,-0.3521126760563347,-2.0080321285140563,-0.9283819628647252,-2.250351617440217,-1.523545706371203,-1.5873015873016012,0.0,1426.0,44.62474645030426,-5.699498367704435,-5.222247377556411,0.2238794681349932,-7.020183382064893,-6.832758096296003,1.3292419836792668
2015-09-23,55399.0,-2.960290073394174,1687.0,18.302945301542778,-5.699498367704435,-7.020183382064893,5406.0,4885.0,5948.0,5950.0,5439.0,6130.0,6929.0,3978.0,6702.0,4923.0,5405.0,5394.0,4615.0,0.0,1.0,0.0,0.25,5.0,0.6,0.5,0.6,0.0,1.0,0.0,0.0,0.0,0.0,0.0,0.0,0.0,41.0,48.0,30.0,69.0,76.0,70.0,1688.0,1756.0,1688.0,1435.0,1466.0,1429.0,57089.0,57498.0,56209.0,55889.0,58700.0,61000.0,-0.7113290897074681,2.2932270632816807,0.5725634740288786,-4.788756388415673,-3.7704918032786887,-7.575757575757576,2.265921122987336,2.0618479894653827,5.767538678867772,6.21211423264796,4.375624769211974,-8.918811747108906,1059.0,1058.0,1057.0,930.0,934.0,928.0,-0.0627615062761506,2.2224415601506853,4.612022234077338,-11.285323888184912,-8.401739641164049,-4.6546666666666665,4.865422350805998,-5.169276226130464,18.035522041655224,-0.1437788018433185,6.392536799389034,-17.251968307753636,0.2323,0.1729,0.1926,0.2928,0.2567,0.1673,2928.179931640625,3041.25,3191.389892578125,3359.169921875,3284.989990234375,3325.909912109375,-3.7178814092683927,-4.704529926828725,-4.994687175670608,2.2581478744576775,-1.2303376506385155,-0.5707051686285501,0.9192927650118355,0.9252977148374638,0.9246574215729819,0.9617959352251803,0.8961695241294027,0.8530394775482807,-53.88009343368804,54.05837664934027,-55.64773452456924,51.40096618357488,-0.6159163012108042,0.0280456168054213,-0.3530814543254257,0.2755342044306756,-0.3521126760563347,-0.1172332942555619,-0.9283819628647252,-0.1324503311258203,-1.523545706371203,-0.1383125864453586,0.0,0.1222493887530666,1426.0,44.62474645030426,-5.222247377556411,0.2238794681349932,4.197402433642267,-6.832758096296003,1.3292419836792668,3.455972052789176
2015-09-09,57089.0,-0.7113290897074681,1687.0,18.302945301542778,-5.699498367704435,-7.020183382064893,5406.0,4885.0,5948.0,5950.0,5439.0,6130.0,6929.0,3978.0,6702.0,4923.0,5405.0,5394.0,4615.0,0.0,1.0,0.0,0.25,5.0,0.6,0.5,0.6,0.0,1.0,0.0,0.0,0.0,0.0,0.0,0.0,0.0,41.0,48.0,30.0,69.0,76.0,70.0,1756.0,1688.0,1435.0,1466.0,1429.0,1432.0,57498.0,56209.0,55889.0,58700.0,61000.0,66000.0,2.2932270632816807,0.5725634740288786,-4.788756388415673,-3.7704918032786887,-7.575757575757576,-0.8860189217600241,2.0618479894653827,5.767538678867772,6.21211423264796,4.375624769211974,-8.918811747108906,-17.238890380653416,1058.0,1057.0,930.0,934.0,928.0,929.0,2.2224415601506853,4.612022234077338,-11.285323888184912,-8.401739641164049,-4.6546666666666665,-0.0026665955574518,-5.169276226130464,18.035522041655224,-0.1437788018433185,6.392536799389034,-17.251968307753636,0.806973951406381,0.1729,0.1926,0.2928,0.2567,0.1673,0.2328,3041.25,3191.389892578125,3359.169921875,3284.989990234375,3325.909912109375,3345.0,-4.704529926828725,-4.994687175670608,2.2581478744576775,-1.2303376506385155,-0.5707051686285501,-2.7525797028290793,0.9252977148374638,0.9246574215729819,0.9617959352251803,0.8961695241294027,0.8530394775482807,0.88,-53.88009343368804,54.05837664934027,-55.64773452456924,51.40096618357488,-0.6159163012108042,0.0280456168054213,-0.3530814543254257,0.2755342044306756,-0.3521126760563347,-0.1172332942555619,-0.9283819628647252,-0.1324503311258203,-1.523545706371203,-0.1383125864453586,0.0,0.1222493887530666,1426.0,44.62474645030426,-5.222247377556411,0.2238794681349932,4.197402433642267,-6.832758096296003,1.3292419836792668,3.455972052789176
2015-08-19,57498.0,2.2932270632816807,1687.0,18.302945301542778,-5.222247377556411,-6.832758096296003,4885.0,5948.0,5950.0,5439.0,6130.0,6929.0,3978.0,6702.0,4923.0,5405.0,5394.0,4615.0,4346.0,0.0,1.0,0.0,0.25,5.0,0.6,0.5,0.6,0.0,1.0,0.0,0.0,0.0,0.0,0.0,0.0,0.0,48.0,30.0,30.0,76.0,70.0,76.0,1688.0,1435.0,1466.0,1429.0,1432.0,1434.0,56209.0,55889.0,58700.0,61000.0,66000.0,66590.0,0.5725634740288786,-4.788756388415673,-3.7704918032786887,-7.575757575757576,-0.8860189217600241,-2.914461502573299,5.767538678867772,6.21211423264796,4.375624769211974,-8.918811747108906,-17.238890380653416,-18.11156346802249,1057.0,930.0,934.0,928.0,929.0,948.0,4.612022234077338,-11.285323888184912,-8.401739641164049,-4.6546666666666665,-0.0026665955574518,-3.347938144329897,18.035522041655224,-0.1437788018433185,6.392536799389034,-17.251968307753636,0.806973951406381,-15.370317192993346,0.1926,0.2928,0.2567,0.1673,0.2328,0.2259,3191.389892578125,3359.169921875,3284.989990234375,3325.909912109375,3345.0,3439.679931640625,-4.994687175670608,2.2581478744576775,-1.2303376506385155,-0.5707051686285501,-2.7525797028290793,-0.5812522492643583,0.9246574215729819,0.9617959352251803,0.8961695241294027,0.8530394775482807,0.88,0.8878429908535772,54.05837664934027,34.030010718113616,51.40096618357488,4.757085020242915,0.0280456168054213,-0.3420797598758062,0.2755342044306756,-0.0431674182316342,-0.1172332942555619,0.4711425206124752,-0.1324503311258203,0.6666666666666667,-0.1383125864453586,0.9776536312849202,0.1222493887530666,0.2450980392156898,1426.0,44.62474645030426,0.2238794681349932,4.197402433642267,1.1527239680489787,1.3292419836792668,3.455972052789176,0.5660114317579813
2015-08-05,56209.0,0.5725634740288786,1687.0,18.302945301542778,-5.222247377556411,-6.832758096296003,4885.0,5948.0,5950.0,5439.0,6130.0,6929.0,3978.0,6702.0,4923.0,5405.0,5394.0,4615.0,4346.0,0.0,1.0,0.0,0.25,5.0,0.6,0.5,0.6,0.0,1.0,0.0,0.0,0.0,0.0,0.0,0.0,0.0,48.0,30.0,30.0,76.0,70.0,76.0,1435.0,1466.0,1429.0,1432.0,1434.0,1444.0,55889.0,58700.0,61000.0,66000.0,66590.0,68589.0,-4.788756388415673,-3.7704918032786887,-7.575757575757576,-0.8860189217600241,-2.914461502573299,1.4615168414668422,6.21211423264796,4.375624769211974,-8.918811747108906,-17.238890380653416,-18.11156346802249,-3.841822188972239,930.0,934.0,928.0,929.0,948.0,934.0,-11.285323888184912,-8.401739641164049,-4.6546666666666665,-0.0026665955574518,-3.347938144329897,-0.5140959731285496,-0.1437788018433185,6.392536799389034,-17.251968307753636,0.806973951406381,-15.370317192993346,-16.63790500930249,0.2928,0.2567,0.1673,0.2328,0.2259,0.2469,3359.169921875,3284.989990234375,3325.909912109375,3345.0,3439.679931640625,3459.7900390625,2.2581478744576775,-1.2303376506385155,-0.5707051686285501,-2.7525797028290793,-0.5812522492643583,-1.0425471727823674,0.9617959352251803,0.8961695241294027,0.8530394775482807,0.88,0.8878429908535772,0.8838788659793815,54.05837664934027,34.030010718113616,51.40096618357488,4.757085020242915,0.0280456168054213,-0.3420797598758062,0.2755342044306756,-0.0431674182316342,-0.1172332942555619,0.4711425206124752,-0.1324503311258203,0.6666666666666667,-0.1383125864453586,0.9776536312849202,0.1222493887530666,0.2450980392156898,1426.0,44.62474645030426,0.2238794681349932,4.197402433642267,1.1527239680489787,1.3292419836792668,3.455972052789176,0.5660114317579813
2015-07-22,55889.0,-4.788756388415673,1426.0,44.62474645030426,0.2238794681349932,1.3292419836792668,5948.0,5950.0,5439.0,6130.0,6929.0,3978.0,6702.0,4923.0,5405.0,5394.0,4615.0,4346.0,5109.0,0.0,1.0,0.0,0.25,5.0,0.6,0.5,0.6,0.0,1.0,0.0,0.0,0.0,0.0,0.0,0.0,0.0,30.0,30.0,38.0,70.0,76.0,72.0,1466.0,1429.0,1432.0,1434.0,1444.0,987.0,58700.0,61000.0,66000.0,66590.0,68589.0,67601.0,-3.7704918032786887,-7.575757575757576,-0.8860189217600241,-2.914461502573299,1.4615168414668422,-0.2184534089064045,4.375624769211974,-8.918811747108906,-17.238890380653416,-18.11156346802249,-3.841822188972239,-12.09050996285038,934.0,928.0,929.0,948.0,934.0,728.0,-8.401739641164049,-4.6546666666666665,-0.0026665955574518,-3.347938144329897,-0.5140959731285496,1.8130319010076752,6.392536799389034,-17.251968307753636,0.806973951406381,-15.370317192993346,-16.63790500930249,-8.94453228890315,0.2567,0.1673,0.2328,0.2259,0.2469,0.2335,3284.989990234375,3325.909912109375,3345.0,3439.679931640625,3459.7900390625,3496.239990234375,-1.2303376506385155,-0.5707051686285501,-2.7525797028290793,-0.5812522492643583,-1.0425471727823674,1.0275454331568834,0.8961695241294027,0.8530394775482807,0.88,0.8878429908535772,0.8838788659793815,0.866668376046461,34.030010718113616,-4.698672114402451,4.757085020242915,0.919305413687436,-0.3420797598758062,-0.529441095145279,-0.0431674182316342,-0.1115399280870367,0.4711425206124752,-0.7017543859649056,0.6666666666666667,1.351351351351351,0.9776536312849202,1.5602836879432544,0.2450980392156898,1.4925373134328217,986.0,41.260744985673355,4.197402433642267,1.1527239680489787,-1.7912784780396147,3.455972052789176,0.5660114317579813,-1.7868145409735057
2015-07-08,58700.0,-3.7704918032786887,1426.0,44.62474645030426,0.2238794681349932,1.3292419836792668,5948.0,5950.0,5439.0,6130.0,6929.0,3978.0,6702.0,4923.0,5405.0,5394.0,4615.0,4346.0,5109.0,0.0,1.0,0.0,0.25,5.0,0.6,0.5,0.6,0.0,1.0,0.0,0.0,0.0,0.0,0.0,0.0,0.0,30.0,30.0,38.0,70.0,76.0,72.0,1429.0,1432.0,1434.0,1444.0,987.0,988.0,61000.0,66000.0,66590.0,68589.0,67601.0,67749.0,-7.575757575757576,-0.8860189217600241,-2.914461502573299,1.4615168414668422,-0.2184534089064045,4.712519319938177,-8.918811747108906,-17.238890380653416,-18.11156346802249,-3.841822188972239,-12.09050996285038,3.8485819168089006,928.0,929.0,948.0,934.0,728.0,722.0,-4.6546666666666665,-0.0026665955574518,-3.347938144329897,-0.5140959731285496,1.8130319010076752,6.5698507421163175,-17.251968307753636,0.806973951406381,-15.370317192993346,-16.63790500930249,-8.94453228890315,22.843467800341255,0.1673,0.2328,0.2259,0.2469,0.2335,0.2657,3325.909912109375,3345.0,3439.679931640625,3459.7900390625,3496.239990234375,3460.679931640625,-0.5707051686285501,-2.7525797028290793,-0.5812522492643583,-1.0425471727823674,1.0275454331568834,2.9428104897932625,0.8530394775482807,0.88,0.8878429908535772,0.8838788659793815,0.866668376046461,0.8843131624288623,34.030010718113616,-4.698672114402451,4.757085020242915,0.919305413687436,-0.3420797598758062,-0.529441095145279,-0.0431674182316342,-0.1115399280870367,0.4711425206124752,-0.7017543859649056,0.6666666666666667,1.351351351351351,0.9776536312849202,1.5602836879432544,0.2450980392156898,1.4925373134328217,986.0,41.260744985673355,4.197402433642267,1.1527239680489787,-1.7912784780396147,3.455972052789176,0.5660114317579813,-1.7868145409735057
2015-06-17,61000.0,-7.575757575757576,1426.0,44.62474645030426,4.197402433642267,3.455972052789176,5950.0,5439.0,6130.0,6929.0,3978.0,6702.0,4923.0,5405.0,5394.0,4615.0,4346.0,5109.0,4293.0,0.0,1.0,0.0,0.25,5.0,0.6,0.5,0.6,0.0,1.0,0.0,0.0,0.0,0.0,0.0,0.0,0.0,30.0,38.0,34.0,76.0,72.0,73.0,1432.0,1434.0,1444.0,987.0,988.0,987.0,66000.0,66590.0,68589.0,67601.0,67749.0,64700.0,-0.8860189217600241,-2.914461502573299,1.4615168414668422,-0.2184534089064045,4.712519319938177,5.357433642729197,-17.238890380653416,-18.11156346802249,-3.841822188972239,-12.09050996285038,3.8485819168089006,6.179245283018866,929.0,948.0,934.0,728.0,722.0,723.0,-0.0026665955574518,-3.347938144329897,-0.5140959731285496,1.8130319010076752,6.5698507421163175,4.690685617754995,0.806973951406381,-15.370317192993346,-16.63790500930249,-8.94453228890315,22.843467800341255,9.281678773204204,0.2328,0.2259,0.2469,0.2335,0.2657,0.2809,3345.0,3439.679931640625,3459.7900390625,3496.239990234375,3460.679931640625,3361.75,-2.7525797028290793,-0.5812522492643583,-1.0425471727823674,1.0275454331568834,2.9428104897932625,-1.574573458162399,0.88,0.8878429908535772,0.8838788659793815,0.866668376046461,0.8843131624288623,0.8999986089666013,-4.698672114402451,49.92343032159265,0.919305413687436,23.222152297042165,-0.529441095145279,-0.6222465141281792,-0.1115399280870367,-0.1629458329627323,-0.7017543859649056,0.2344665885111405,1.351351351351351,1.6483516483516525,1.5602836879432544,3.0701754385964826,1.4925373134328217,-0.1242236024844649,986.0,41.260744985673355,1.1527239680489787,-1.7912784780396147,-3.425071828217148,0.5660114317579813,-1.7868145409735057,-1.3813497528963783
2015-06-04,66000.0,-0.8860189217600241,1426.0,44.62474645030426,4.197402433642267,3.455972052789176,5950.0,5439.0,6130.0,6929.0,3978.0,6702.0,4923.0,5405.0,5394.0,4615.0,4346.0,5109.0,4293.0,0.0,1.0,0.0,0.25,5.0,0.6,0.5,0.6,0.0,1.0,0.0,0.0,0.0,0.0,0.0,0.0,0.0,30.0,38.0,34.0,76.0,72.0,73.0,1434.0,1444.0,987.0,988.0,987.0,987.0,66590.0,68589.0,67601.0,67749.0,64700.0,61410.0,-2.914461502573299,1.4615168414668422,-0.2184534089064045,4.712519319938177,5.357433642729197,7.362016818475848,-18.11156346802249,-3.841822188972239,-12.09050996285038,3.8485819168089006,6.179245283018866,63.99906669234827,948.0,934.0,728.0,722.0,723.0,723.0,-3.347938144329897,-0.5140959731285496,1.8130319010076752,6.5698507421163175,4.690685617754995,2.871867088133511,-15.370317192993346,-16.63790500930249,-8.94453228890315,22.843467800341255,9.281678773204204,19.314012252067688,0.2259,0.2469,0.2335,0.2657,0.2809,0.3176,3439.679931640625,3459.7900390625,3496.239990234375,3460.679931640625,3361.75,3415.530029296875,-0.5812522492643583,-1.0425471727823674,1.0275454331568834,2.9428104897932625,-1.574573458162399,-0.0111209845187461,0.8878429908535772,0.8838788659793815,0.866668376046461,0.8843131624288623,0.8999986089666013,0.8943030232422672,-4.698672114402451,49.92343032159265,0.919305413687436,23.222152297042165,-0.529441095145279,-0.6222465141281792,-0.1115399280870367,-0.1629458329627323,-0.7017543859649056,0.2344665885111405,1.351351351351351,1.6483516483516525,1.5602836879432544,3.0701754385964826,1.4925373134328217,-0.1242236024844649,986.0,41.260744985673355,1.1527239680489787,-1.7912784780396147,-3.425071828217148,0.5660114317579813,-1.7868145409735057,-1.3813497528963783
2015-05-20,66590.0,-2.914461502573299,1426.0,44.62474645030426,1.1527239680489787,0.5660114317579813,5439.0,6130.0,6929.0,3978.0,6702.0,4923.0,5405.0,5394.0,4615.0,4346.0,5109.0,4293.0,4349.0,0.0,1.0,0.0,0.25,5.0,0.6,0.5,0.6,0.0,1.0,0.0,0.0,0.0,0.0,0.0,0.0,0.0,38.0,34.0,33.0,72.0,73.0,74.0,1444.0,987.0,988.0,987.0,987.0,988.0,68589.0,67601.0,67749.0,64700.0,61410.0,57199.0,1.4615168414668422,-0.2184534089064045,4.712519319938177,5.357433642729197,7.362016818475848,-7.74652430566756,-3.841822188972239,-12.09050996285038,3.8485819168089006,6.179245283018866,63.99906669234827,0.3273255904834938,934.0,728.0,722.0,723.0,723.0,722.0,-0.5140959731285496,1.8130319010076752,6.5698507421163175,4.690685617754995,2.871867088133511,-5.838623219071802,-16.63790500930249,-8.94453228890315,22.843467800341255,9.281678773204204,19.314012252067688,8.433011071666863,0.2469,0.2335,0.2657,0.2809,0.3176,0.1888,3459.7900390625,3496.239990234375,3460.679931640625,3361.75,3415.530029296875,3415.909912109375,-1.0425471727823674,1.0275454331568834,2.9428104897932625,-1.574573458162399,-0.0111209845187461,-0.048577094742551,0.8838788659793815,0.866668376046461,0.8843131624288623,0.8999986089666013,0.8943030232422672,0.856901020209435,49.92343032159265,-15.578539107950872,23.222152297042165,-19.421906693711968,-0.6222465141281792,-0.2504321152227378,-0.1629458329627323,0.0409310933940774,0.2344665885111405,0.1173708920187726,1.6483516483516525,-0.137174211248297,3.0701754385964826,-0.5813953488371969,-0.1242236024844649,0.1243781094527292,986.0,41.260744985673355,-1.7912784780396147,-3.425071828217148,0.7971710335787341,-1.7868145409735057,-1.3813497528963783,1.8315320518109064
2015-05-06,68589.0,1.4615168414668422,1426.0,44.62474645030426,1.1527239680489787,0.5660114317579813,5439.0,6130.0,6929.0,3978.0,6702.0,4923.0,5405.0,5394.0,4615.0,4346.0,5109.0,4293.0,4349.0,0.0,1.0,0.0,0.25,5.0,0.6,0.5,0.6,0.0,1.0,0.0,0.0,0.0,0.0,0.0,0.0,0.0,38.0,34.0,33.0,72.0,73.0,74.0,987.0,988.0,987.0,987.0,988.0,992.0,67601.0,67749.0,64700.0,61410.0,57199.0,62002.0,-0.2184534089064045,4.712519319938177,5.357433642729197,7.362016818475848,-7.74652430566756,-4.6137751726896505,-12.09050996285038,3.8485819168089006,6.179245283018866,63.99906669234827,0.3273255904834938,-13.826057901413554,728.0,722.0,723.0,723.0,722.0,724.0,1.8130319010076752,6.5698507421163175,4.690685617754995,2.871867088133511,-5.838623219071802,-7.8021563552653825,-8.94453228890315,22.843467800341255,9.281678773204204,19.314012252067688,8.433011071666863,-16.616248528213024,0.2335,0.2657,0.2809,0.3176,0.1888,0.1523,3496.239990234375,3460.679931640625,3361.75,3415.530029296875,3415.909912109375,3417.570068359375,1.0275454331568834,2.9428104897932625,-1.574573458162399,-0.0111209845187461,-0.048577094742551,1.8813790641947945,0.866668376046461,0.8843131624288623,0.8999986089666013,0.8943030232422672,0.856901020209435,0.8746226548173226,49.92343032159265,-15.578539107950872,23.222152297042165,-19.421906693711968,-0.6222465141281792,-0.2504321152227378,-0.1629458329627323,0.0409310933940774,0.2344665885111405,0.1173708920187726,1.6483516483516525,-0.137174211248297,3.0701754385964826,-0.5813953488371969,-0.1242236024844649,0.1243781094527292,986.0,41.260744985673355,-1.7912784780396147,-3.425071828217148,0.7971710335787341,-1.7868145409735057,-1.3813497528963783,1.8315320518109064
2015-04-22,67601.0,-0.2184534089064045,986.0,41.260744985673355,-1.7912784780396147,-1.7868145409735057,6130.0,6929.0,3978.0,6702.0,4923.0,5405.0,5394.0,4615.0,4346.0,5109.0,4293.0,4349.0,4391.0,0.0,1.0,0.0,0.25,5.0,0.6,0.5,0.6,0.0,1.0,0.0,0.0,0.0,0.0,0.0,0.0,0.0,34.0,33.0,26.0,73.0,74.0,84.0,988.0,987.0,987.0,988.0,992.0,705.0,67749.0,64700.0,61410.0,57199.0,62002.0,65001.0,4.712519319938177,5.357433642729197,7.362016818475848,-7.74652430566756,-4.6137751726896505,-1.5285562793516134,3.8485819168089006,6.179245283018866,63.99906669234827,0.3273255904834938,-13.826057901413554,13.455862381167949,722.0,723.0,723.0,722.0,724.0,576.0,6.5698507421163175,4.690685617754995,2.871867088133511,-5.838623219071802,-7.8021563552653825,2.125144443411388,22.843467800341255,9.281678773204204,19.314012252067688,8.433011071666863,-16.616248528213024,8.890431172468984,0.2657,0.2809,0.3176,0.1888,0.1523,0.1446,3460.679931640625,3361.75,3415.530029296875,3415.909912109375,3417.570068359375,3354.4599609375,2.9428104897932625,-1.574573458162399,-0.0111209845187461,-0.048577094742551,1.8813790641947945,1.7008407720367078,0.8843131624288623,0.8999986089666013,0.8943030232422672,0.856901020209435,0.8746226548173226,0.8453875066654528,-15.578539107950872,4.385964912280701,-19.421906693711968,24.103209565764633,-0.2504321152227378,-0.4850201222238784,0.0409310933940774,-0.0437593166431267,0.1173708920187726,-0.2341920374707292,-0.137174211248297,-1.085481682496604,-0.5813953488371969,-0.7215007215007215,0.1243781094527292,0.3745318352060067,698.0,22.02797202797203,-3.425071828217148,0.7971710335787341,1.5839836492010404,-1.3813497528963783,1.8315320518109064,0.7829714111500672
2015-04-08,67749.0,4.712519319938177,986.0,41.260744985673355,-1.7912784780396147,-1.7868145409735057,6130.0,6929.0,3978.0,6702.0,4923.0,5405.0,5394.0,4615.0,4346.0,5109.0,4293.0,4349.0,4391.0,0.0,1.0,0.0,0.25,5.0,0.6,0.5,0.6,0.0,1.0,0.0,0.0,0.0,0.0,0.0,0.0,0.0,34.0,33.0,26.0,73.0,74.0,84.0,987.0,987.0,988.0,992.0,705.0,704.0,64700.0,61410.0,57199.0,62002.0,65001.0,66010.0,5.357433642729197,7.362016818475848,-7.74652430566756,-4.6137751726896505,-1.5285562793516134,0.1836421861008666,6.179245283018866,63.99906669234827,0.3273255904834938,-13.826057901413554,13.455862381167949,8.448758902387933,723.0,723.0,722.0,724.0,576.0,571.0,4.690685617754995,2.871867088133511,-5.838623219071802,-7.8021563552653825,2.125144443411388,1.7418918918918918,9.281678773204204,19.314012252067688,8.433011071666863,-16.616248528213024,8.890431172468984,11.87692093573493,0.2809,0.3176,0.1888,0.1523,0.1446,0.1652,3361.75,3415.530029296875,3415.909912109375,3417.570068359375,3354.4599609375,3298.360107421875,-1.574573458162399,-0.0111209845187461,-0.048577094742551,1.8813790641947945,1.7008407720367078,2.20406129664157,0.8999986089666013,0.8943030232422672,0.856901020209435,0.8746226548173226,0.8453875066654528,0.8767549044349108,-15.578539107950872,4.385964912280701,-19.421906693711968,24.103209565764633,-0.2504321152227378,-0.4850201222238784,0.0409310933940774,-0.0437593166431267,0.1173708920187726,-0.2341920374707292,-0.137174211248297,-1.085481682496604,-0.5813953488371969,-0.7215007215007215,0.1243781094527292,0.3745318352060067,698.0,22.02797202797203,-3.425071828217148,0.7971710335787341,1.5839836492010404,-1.3813497528963783,1.8315320518109064,0.7829714111500672
2015-03-18,64700.0,5.357433642729197,986.0,41.260744985673355,-3.425071828217148,-1.3813497528963783,6929.0,3978.0,6702.0,4923.0,5405.0,5394.0,4615.0,4346.0,5109.0,4293.0,4349.0,4391.0,5271.0,0.0,1.0,0.0,0.25,5.0,0.6,0.5,0.6,0.0,1.0,0.0,0.0,0.0,0.0,0.0,0.0,0.0,33.0,26.0,18.0,74.0,84.0,63.0,987.0,988.0,992.0,705.0,704.0,705.0,61410.0,57199.0,62002.0,65001.0,66010.0,65889.0,7.362016818475848,-7.74652430566756,-4.6137751726896505,-1.5285562793516134,0.1836421861008666,-1.7886687832580603,63.99906669234827,0.3273255904834938,-13.826057901413554,13.455862381167949,8.448758902387933,-12.356945512546645,723.0,722.0,724.0,576.0,571.0,579.0,2.871867088133511,-5.838623219071802,-7.8021563552653825,2.125144443411388,1.7418918918918918,-0.522926776808399,19.314012252067688,8.433011071666863,-16.616248528213024,8.890431172468984,11.87692093573493,-12.769775277119974,0.3176,0.1888,0.1523,0.1446,0.1652,0.1178,3415.530029296875,3415.909912109375,3417.570068359375,3354.4599609375,3298.360107421875,3227.22998046875,-0.0111209845187461,-0.048577094742551,1.8813790641947945,1.7008407720367078,2.20406129664157,-2.305507814275478,0.8943030232422672,0.856901020209435,0.8746226548173226,0.8453875066654528,0.8767549044349108,0.8903918918918919,4.385964912280701,16.78486997635934,24.103209565764633,-3.1097560975609757,-0.4850201222238784,-0.2322807831520591,-0.0437593166431267,-0.0462283038124126,-0.2341920374707292,-0.1169590643274787,-1.085481682496604,-0.5398110661268442,-0.7215007215007215,-1.5625000000000122,0.3745318352060067,0.0,698.0,22.02797202797203,0.7971710335787341,1.5839836492010404,0.6435929002197255,1.8315320518109064,0.7829714111500672,0.487390511203019
2015-03-04,61410.0,7.362016818475848,986.0,41.260744985673355,-3.425071828217148,-1.3813497528963783,6929.0,3978.0,6702.0,4923.0,5405.0,5394.0,4615.0,4346.0,5109.0,4293.0,4349.0,4391.0,5271.0,0.0,1.0,0.0,0.25,5.0,0.6,0.5,0.6,0.0,1.0,0.0,0.0,0.0,0.0,0.0,0.0,0.0,33.0,26.0,18.0,74.0,84.0,63.0,988.0,992.0,705.0,704.0,705.0,709.0,57199.0,62002.0,65001.0,66010.0,65889.0,67089.0,-7.74652430566756,-4.6137751726896505,-1.5285562793516134,0.1836421861008666,-1.7886687832580603,-1.1783941433811074,0.3273255904834938,-13.826057901413554,13.455862381167949,8.448758902387933,-12.356945512546645,-13.919437403217367,722.0,724.0,576.0,571.0,579.0,584.0,-5.838623219071802,-7.8021563552653825,2.125144443411388,1.7418918918918918,-0.522926776808399,2.056523528604747,8.433011071666863,-16.616248528213024,8.890431172468984,11.87692093573493,-12.769775277119974,-5.3253424657534305,0.1888,0.1523,0.1446,0.1652,0.1178,0.1282,3415.909912109375,3417.570068359375,3354.4599609375,3298.360107421875,3227.22998046875,3303.389892578125,-0.048577094742551,1.8813790641947945,1.7008407720367078,2.20406129664157,-2.305507814275478,-0.934760971999709,0.856901020209435,0.8746226548173226,0.8453875066654528,0.8767549044349108,0.8903918918918919,0.9018672115500947,4.385964912280701,16.78486997635934,24.103209565764633,-3.1097560975609757,-0.4850201222238784,-0.2322807831520591,-0.0437593166431267,-0.0462283038124126,-0.2341920374707292,-0.1169590643274787,-1.085481682496604,-0.5398110661268442,-0.7215007215007215,-1.5625000000000122,0.3745318352060067,0.0,698.0,22.02797202797203,0.7971710335787341,1.5839836492010404,0.6435929002197255,1.8315320518109064,0.7829714111500672,0.487390511203019
2015-02-17,57199.0,-7.74652430566756,986.0,41.260744985673355,0.7971710335787341,1.8315320518109064,3978.0,6702.0,4923.0,5405.0,5394.0,4615.0,4346.0,5109.0,4293.0,4349.0,4391.0,5271.0,5129.0,0.0,1.0,0.0,0.25,5.0,0.6,0.5,0.6,0.0,1.0,0.0,0.0,0.0,0.0,0.0,0.0,0.0,26.0,18.0,18.0,84.0,63.0,64.0,992.0,705.0,704.0,705.0,709.0,701.0,62002.0,65001.0,66010.0,65889.0,67089.0,67889.0,-4.6137751726896505,-1.5285562793516134,0.1836421861008666,-1.7886687832580603,-1.1783941433811074,4.605546995377504,-13.826057901413554,13.455862381167949,8.448758902387933,-12.356945512546645,-13.919437403217367,-4.074924021584075,724.0,576.0,571.0,579.0,584.0,570.0,-7.8021563552653825,2.125144443411388,1.7418918918918918,-0.522926776808399,2.056523528604747,2.8212723938496262,-16.616248528213024,8.890431172468984,11.87692093573493,-12.769775277119974,-5.3253424657534305,8.93218623481781,0.1523,0.1446,0.1652,0.1178,0.1282,0.1043,3417.570068359375,3354.4599609375,3298.360107421875,3227.22998046875,3303.389892578125,3334.56005859375,1.8813790641947945,1.7008407720367078,2.20406129664157,-2.305507814275478,-0.934760971999709,1.430249334534602,0.8746226548173226,0.8453875066654528,0.8767549044349108,0.8903918918918919,0.9018672115500947,0.9313897653999177,16.78486997635934,0.63441712926249,-3.1097560975609757,10.289172831203766,-0.2322807831520591,-0.2370708838975758,-0.0462283038124126,0.0679662090512486,-0.1169590643274787,0.2344665885111405,-0.5398110661268442,-0.5369127516778599,-1.5625000000000122,-0.7052186177715091,0.0,0.0,698.0,22.02797202797203,1.5839836492010404,0.6435929002197255,0.7837039829124262,0.7829714111500672,0.487390511203019,3.4308430194875337
2015-02-04,62002.0,-4.6137751726896505,986.0,41.260744985673355,0.7971710335787341,1.8315320518109064,3978.0,6702.0,4923.0,5405.0,5394.0,4615.0,4346.0,5109.0,4293.0,4349.0,4391.0,5271.0,5129.0,0.0,1.0,0.0,0.5,5.0,0.6,0.5,0.6,0.0,1.0,0.0,0.0,0.0,0.0,0.0,0.0,0.0,26.0,18.0,18.0,84.0,63.0,64.0,705.0,704.0,705.0,709.0,701.0,703.0,65001.0,66010.0,65889.0,67089.0,67889.0,64900.0,-1.5285562793516134,0.1836421861008666,-1.7886687832580603,-1.1783941433811074,4.605546995377504,1.42209720268792,13.455862381167949,8.448758902387933,-12.356945512546645,-13.919437403217367,-4.074924021584075,-10.885321411637204,576.0,571.0,579.0,584.0,570.0,574.0,2.125144443411388,1.7418918918918918,-0.522926776808399,2.056523528604747,2.8212723938496262,-1.5444015444015444,8.890431172468984,11.87692093573493,-12.769775277119974,-5.3253424657534305,8.93218623481781,-10.59792975406292,0.1446,0.1652,0.1178,0.1282,0.1043,0.0848,3354.4599609375,3298.360107421875,3227.22998046875,3303.389892578125,3334.56005859375,3287.5400390625,1.7008407720367078,2.20406129664157,-2.305507814275478,-0.934760971999709,1.430249334534602,2.6477344113694157,0.8453875066654528,0.8767549044349108,0.8903918918918919,0.9018672115500947,0.9313897653999177,0.9155028918042037,16.78486997635934,0.63441712926249,-3.1097560975609757,10.289172831203766,-0.2322807831520591,-0.2370708838975758,-0.0462283038124126,0.0679662090512486,-0.1169590643274787,0.2344665885111405,-0.5398110661268442,-0.5369127516778599,-1.5625000000000122,-0.7052186177715091,0.0,0.0,698.0,22.02797202797203,1.5839836492010404,0.6435929002197255,0.7837039829124262,0.7829714111500672,0.487390511203019,3.4308430194875337
2015-01-21,65001.0,-1.5285562793516134,698.0,22.02797202797203,1.5839836492010404,0.7829714111500672,6702.0,4923.0,5405.0,5394.0,4615.0,4346.0,5109.0,4293.0,4349.0,4391.0,5271.0,5129.0,4944.0,0.0,1.0,0.0,0.5,5.0,0.6,0.5,0.6,0.0,1.0,0.0,0.0,0.0,0.0,0.0,0.0,0.0,18.0,18.0,23.0,63.0,64.0,66.0,704.0,705.0,709.0,701.0,703.0,572.0,66010.0,65889.0,67089.0,67889.0,64900.0,63990.0,0.1836421861008666,-1.7886687832580603,-1.1783941433811074,4.605546995377504,1.42209720268792,0.1721978710081402,8.448758902387933,-12.356945512546645,-13.919437403217367,-4.074924021584075,-10.885321411637204,0.0662965111461028,571.0,579.0,584.0,570.0,574.0,507.0,1.7418918918918918,-0.522926776808399,2.056523528604747,2.8212723938496262,-1.5444015444015444,-0.2466057079523413,11.87692093573493,-12.769775277119974,-5.3253424657534305,8.93218623481781,-10.59792975406292,-3.901714031724859,0.1652,0.1178,0.1282,0.1043,0.0848,0.078,3298.360107421875,3227.22998046875,3303.389892578125,3334.56005859375,3287.5400390625,3202.739990234375,2.20406129664157,-2.305507814275478,-0.934760971999709,1.430249334534602,2.6477344113694157,-1.7338347707486386,0.8767549044349108,0.8903918918918919,0.9018672115500947,0.9313897653999177,0.9155028918042037,0.8887253131857449,0.63441712926249,0.3980891719745223,10.289172831203766,-11.38259833134684,-0.2370708838975758,-0.2424159905756714,0.0679662090512486,0.0192192705219099,0.2344665885111405,-0.3504672897196229,-0.5369127516778599,-0.2677376171352113,-0.7052186177715091,-0.7002801120448179,0.0,0.0,572.0,13.043478260869565,0.6435929002197255,0.7837039829124262,0.4607131587251499,0.487390511203019,3.4308430194875337,2.9660828426937966
2015-01-07,66010.0,0.1836421861008666,698.0,22.02797202797203,1.5839836492010404,0.7829714111500672,6702.0,4923.0,5405.0,5394.0,4615.0,4346.0,5109.0,4293.0,4349.0,4391.0,5271.0,5129.0,4944.0,0.0,1.0,0.0,0.5,5.0,0.6,0.5,0.6,0.0,1.0,0.0,0.0,0.0,0.0,0.0,0.0,0.0,18.0,18.0,23.0,63.0,64.0,66.0,705.0,709.0,701.0,703.0,572.0,575.0,65889.0,67089.0,67889.0,64900.0,63990.0,63880.0,-1.7886687832580603,-1.1783941433811074,4.605546995377504,1.42209720268792,0.1721978710081402,3.032258064516129,-12.356945512546645,-13.919437403217367,-4.074924021584075,-10.885321411637204,0.0662965111461028,38.02832674571806,579.0,584.0,570.0,574.0,507.0,505.0,-0.522926776808399,2.056523528604747,2.8212723938496262,-1.5444015444015444,-0.2466057079523413,0.2639255452146131,-12.769775277119974,-5.3253424657534305,8.93218623481781,-10.59792975406292,-3.901714031724859,9.394715267705108,0.1178,0.1282,0.1043,0.0848,0.078,0.0803,3227.22998046875,3303.389892578125,3334.56005859375,3287.5400390625,3202.739990234375,3259.25,-2.305507814275478,-0.934760971999709,1.430249334534602,2.6477344113694157,-1.7338347707486386,-1.1293859113154998,0.8903918918918919,0.9018672115500947,0.9313897653999177,0.9155028918042037,0.8887253131857449,0.885009697977279,0.63441712926249,0.3980891719745223,10.289172831203766,-11.38259833134684,-0.2370708838975758,-0.2424159905756714,0.0679662090512486,0.0192192705219099,0.2344665885111405,-0.3504672897196229,-0.5369127516778599,-0.2677376171352113,-0.7052186177715091,-0.7002801120448179,0.0,0.0,572.0,13.043478260869565,0.6435929002197255,0.7837039829124262,0.4607131587251499,0.487390511203019,3.4308430194875337,2.9660828426937966
2014-12-17,65889.0,-1.7886687832580603,698.0,22.02797202797203,0.6435929002197255,0.487390511203019,4923.0,5405.0,5394.0,4615.0,4346.0,5109.0,4293.0,4349.0,4391.0,5271.0,5129.0,4944.0,4364.0,0.0,1.0,0.0,0.5,5.0,0.6,0.5,0.6,0.0,1.0,0.0,0.0,0.0,0.0,0.0,0.0,0.0,18.0,23.0,18.0,64.0,66.0,63.0,709.0,701.0,703.0,572.0,575.0,573.0,67089.0,67889.0,64900.0,63990.0,63880.0,62000.0,-1.1783941433811074,4.605546995377504,1.42209720268792,0.1721978710081402,3.032258064516129,-4.381487022100215,-13.919437403217367,-4.074924021584075,-10.885321411637204,0.0662965111461028,38.02832674571806,-2.7530380015842053,584.0,570.0,574.0,507.0,505.0,509.0,2.056523528604747,2.8212723938496262,-1.5444015444015444,-0.2466057079523413,0.2639255452146131,-1.3970688946719627,-5.3253424657534305,8.93218623481781,-10.59792975406292,-3.901714031724859,9.394715267705108,-13.302037472902498,0.1282,0.1043,0.0848,0.078,0.0803,0.1111,3303.389892578125,3334.56005859375,3287.5400390625,3202.739990234375,3259.25,3296.47998046875,-0.934760971999709,1.430249334534602,2.6477344113694157,-1.7338347707486386,-1.1293859113154998,-1.5614699951780922,0.9018672115500947,0.9313897653999177,0.9155028918042037,0.8887253131857449,0.885009697977279,0.8612307264897903,0.3980891719745223,16.188714153561516,-11.38259833134684,13.608666215301287,-0.2424159905756714,-0.1828828722360755,0.0192192705219099,0.1304338529304851,-0.3504672897196229,-0.116686114352402,-0.2677376171352113,-0.2670226969292427,-0.7002801120448179,-0.2793296089385316,0.0,0.0,572.0,13.043478260869565,0.7837039829124262,0.4607131587251499,1.2298354895384125,3.4308430194875337,2.9660828426937966,0.8902654337612592
2014-12-03,67089.0,-1.1783941433811074,698.0,22.02797202797203,0.6435929002197255,0.487390511203019,4923.0,5405.0,5394.0,4615.0,4346.0,5109.0,4293.0,4349.0,4391.0,5271.0,5129.0,4944.0,4364.0,0.0,1.0,0.0,0.5,5.0,0.6,0.5,0.6,0.0,1.0,0.0,0.0,0.0,0.0,0.0,0.0,0.0,18.0,23.0,18.0,64.0,66.0,63.0,701.0,703.0,572.0,575.0,573.0,572.0,67889.0,64900.0,63990.0,63880.0,62000.0,64841.0,4.605546995377504,1.42209720268792,0.1721978710081402,3.032258064516129,-4.381487022100215,-1.3224775528838837,-4.074924021584075,-10.885321411637204,0.0662965111461028,38.02832674571806,-2.7530380015842053,-17.78028309718451,570.0,574.0,507.0,505.0,509.0,511.0,2.8212723938496262,-1.5444015444015444,-0.2466057079523413,0.2639255452146131,-1.3970688946719627,0.0274010138375119,8.93218623481781,-10.59792975406292,-3.901714031724859,9.394715267705108,-13.302037472902498,-20.83503296862172,0.1043,0.0848,0.078,0.0803,0.1111,0.0991,3334.56005859375,3287.5400390625,3202.739990234375,3259.25,3296.47998046875,3348.77001953125,1.430249334534602,2.6477344113694157,-1.7338347707486386,-1.1293859113154998,-1.5614699951780922,0.7557991342525564,0.9313897653999177,0.9155028918042037,0.8887253131857449,0.885009697977279,0.8612307264897903,0.888111217641419,0.3980891719745223,16.188714153561516,-11.38259833134684,13.608666215301287,-0.2424159905756714,-0.1828828722360755,0.0192192705219099,0.1304338529304851,-0.3504672897196229,-0.116686114352402,-0.2677376171352113,-0.2670226969292427,-0.7002801120448179,-0.2793296089385316,0.0,0.0,572.0,13.043478260869565,0.7837039829124262,0.4607131587251499,1.2298354895384125,3.4308430194875337,2.9660828426937966,0.8902654337612592
2014-11-19,67889.0,4.605546995377504,698.0,22.02797202797203,0.7837039829124262,3.4308430194875337,5405.0,5394.0,4615.0,4346.0,5109.0,4293.0,4349.0,4391.0,5271.0,5129.0,4944.0,4364.0,4492.0,0.0,1.0,0.0,0.5,5.0,0.6,0.5,0.6,0.0,1.0,0.0,0.0,0.0,0.0,0.0,0.0,0.0,23.0,18.0,19.0,66.0,63.0,70.0,703.0,572.0,575.0,573.0,572.0,575.0,64900.0,63990.0,63880.0,62000.0,64841.0,65710.0,1.42209720268792,0.1721978710081402,3.032258064516129,-4.381487022100215,-1.3224775528838837,1.7182662538699691,-10.885321411637204,0.0662965111461028,38.02832674571806,-2.7530380015842053,-17.78028309718451,-8.630634958763716,574.0,507.0,505.0,509.0,511.0,506.0,-1.5444015444015444,-0.2466057079523413,0.2639255452146131,-1.3970688946719627,0.0274010138375119,6.26155570760966,-10.59792975406292,-3.901714031724859,9.394715267705108,-13.302037472902498,-20.83503296862172,4.518076658084648,0.0848,0.078,0.0803,0.1111,0.0991,0.0635,3287.5400390625,3202.739990234375,3259.25,3296.47998046875,3348.77001953125,3323.64990234375,2.6477344113694157,-1.7338347707486386,-1.1293859113154998,-1.5614699951780922,0.7557991342525564,0.1030025599165626,0.9155028918042037,0.8887253131857449,0.885009697977279,0.8612307264897903,0.888111217641419,0.9002603096314563,16.188714153561516,15.36819637139808,13.608666215301287,12.576219512195122,-0.1828828722360755,-0.0985826529949646,0.1304338529304851,0.0902446593353284,-0.116686114352402,0.468933177022281,-0.2670226969292427,0.4021447721179777,-0.2793296089385316,0.5617977528089768,0.0,0.0,572.0,13.043478260869565,0.4607131587251499,1.2298354895384125,-5.971225182470789,2.9660828426937966,0.8902654337612592,-6.878822922907581
2014-11-05,64900.0,1.42209720268792,698.0,22.02797202797203,0.7837039829124262,3.4308430194875337,5405.0,5394.0,4615.0,4346.0,5109.0,4293.0,4349.0,4391.0,5271.0,5129.0,4944.0,4364.0,4492.0,0.0,1.0,0.0,0.5,5.0,0.6,0.5,0.6,0.0,1.0,0.0,0.0,0.0,0.0,0.0,0.0,0.0,23.0,18.0,19.0,66.0,63.0,70.0,572.0,575.0,573.0,572.0,575.0,574.0,63990.0,63880.0,62000.0,64841.0,65710.0,64600.0,0.1721978710081402,3.032258064516129,-4.381487022100215,-1.3224775528838837,1.7182662538699691,2.719033232628399,0.0662965111461028,38.02832674571806,-2.7530380015842053,-17.78028309718451,-8.630634958763716,-19.073873451819747,507.0,505.0,509.0,511.0,506.0,507.0,-0.2466057079523413,0.2639255452146131,-1.3970688946719627,0.0274010138375119,6.26155570760966,5.673758865248227,-3.901714031724859,9.394715267705108,-13.302037472902498,-20.83503296862172,4.518076658084648,25.958927949878177,0.078,0.0803,0.1111,0.0991,0.0635,0.0639,3202.739990234375,3259.25,3296.47998046875,3348.77001953125,3323.64990234375,3320.22998046875,-1.7338347707486386,-1.1293859113154998,-1.5614699951780922,0.7557991342525564,0.1030025599165626,-0.6127449636997299,0.8887253131857449,0.885009697977279,0.8612307264897903,0.888111217641419,0.9002603096314563,0.9404708177437435,16.188714153561516,15.36819637139808,13.608666215301287,12.576219512195122,-0.1828828722360755,-0.0985826529949646,0.1304338529304851,0.0902446593353284,-0.116686114352402,0.468933177022281,-0.2670226969292427,0.4021447721179777,-0.2793296089385316,0.5617977528089768,0.0,0.0,572.0,13.043478260869565,0.4607131587251499,1.2298354895384125,-5.971225182470789,2.9660828426937966,0.8902654337612592,-6.878822922907581
2014-10-23,63990.0,0.1721978710081402,572.0,13.043478260869565,0.4607131587251499,2.9660828426937966,5394.0,4615.0,4346.0,5109.0,4293.0,4349.0,4391.0,5271.0,5129.0,4944.0,4364.0,4492.0,4233.0,0.0,1.0,0.0,0.5,5.0,0.6,0.5,0.6,0.0,1.0,0.0,0.0,0.0,0.0,0.0,0.0,0.0,18.0,19.0,29.0,63.0,70.0,66.0,575.0,573.0,572.0,575.0,574.0,509.0,63880.0,62000.0,64841.0,65710.0,64600.0,62890.0,3.032258064516129,-4.381487022100215,-1.3224775528838837,1.7182662538699691,2.719033232628399,1.4518470721084045,38.02832674571806,-2.7530380015842053,-17.78028309718451,-8.630634958763716,-19.073873451819747,11.56759720381961,505.0,509.0,511.0,506.0,507.0,498.0,0.2639255452146131,-1.3970688946719627,0.0274010138375119,6.26155570760966,5.673758865248227,0.1726024441738969,9.394715267705108,-13.302037472902498,-20.83503296862172,4.518076658084648,25.958927949878177,3.628800917957544,0.0803,0.1111,0.0991,0.0635,0.0639,0.0716,3259.25,3296.47998046875,3348.77001953125,3323.64990234375,3320.22998046875,3340.699951171875,-1.1293859113154998,-1.5614699951780922,0.7557991342525564,0.1030025599165626,-0.6127449636997299,1.991781032661503,0.885009697977279,0.8612307264897903,0.888111217641419,0.9002603096314563,0.9404708177437435,0.9675235765603606,15.36819637139808,-2.699896157840083,12.576219512195122,-8.69867780097425,-0.0985826529949646,-0.1679572858102613,0.0902446593353284,0.0338978212621407,0.468933177022281,-0.2339181286549741,0.4021447721179777,-0.1338688085676151,0.5617977528089768,-0.1402524544179443,0.0,0.0,506.0,41.340782122905026,1.2298354895384125,-5.971225182470789,-7.096216095546377,0.8902654337612592,-6.878822922907581,-6.63570610885628
2014-10-09,63880.0,3.032258064516129,572.0,13.043478260869565,0.4607131587251499,2.9660828426937966,5394.0,4615.0,4346.0,5109.0,4293.0,4349.0,4391.0,5271.0,5129.0,4944.0,4364.0,4492.0,4233.0,0.0,1.0,0.0,0.5,5.0,0.6,0.5,0.6,0.0,1.0,0.0,0.0,0.0,0.0,0.0,0.0,0.0,18.0,19.0,29.0,63.0,70.0,66.0,573.0,572.0,575.0,574.0,509.0,513.0,62000.0,64841.0,65710.0,64600.0,62890.0,61990.0,-4.381487022100215,-1.3224775528838837,1.7182662538699691,2.719033232628399,1.4518470721084045,0.1470136835813179,-2.7530380015842053,-17.78028309718451,-8.630634958763716,-19.073873451819747,11.56759720381961,2.559416704153553,509.0,511.0,506.0,507.0,498.0,493.0,-1.3970688946719627,0.0274010138375119,6.26155570760966,5.673758865248227,0.1726024441738969,-1.2343987823439877,-13.302037472902498,-20.83503296862172,4.518076658084648,25.958927949878177,3.628800917957544,12.717712783437394,0.1111,0.0991,0.0635,0.0639,0.0716,0.0613,3296.47998046875,3348.77001953125,3323.64990234375,3320.22998046875,3340.699951171875,3275.4599609375,-1.5614699951780922,0.7557991342525564,0.1030025599165626,-0.6127449636997299,1.991781032661503,-0.0408962362871134,0.8612307264897903,0.888111217641419,0.9002603096314563,0.9404708177437435,0.9675235765603606,0.9553237066374887,15.36819637139808,-2.699896157840083,12.576219512195122,-8.69867780097425,-0.0985826529949646,-0.1679572858102613,0.0902446593353284,0.0338978212621407,0.468933177022281,-0.2339181286549741,0.4021447721179777,-0.1338688085676151,0.5617977528089768,-0.1402524544179443,0.0,0.0,506.0,41.340782122905026,1.2298354895384125,-5.971225182470789,-7.096216095546377,0.8902654337612592,-6.878822922907581,-6.63570610885628
2014-09-17,62000.0,-4.381487022100215,572.0,13.043478260869565,1.2298354895384125,0.8902654337612592,4615.0,4346.0,5109.0,4293.0,4349.0,4391.0,5271.0,5129.0,4944.0,4364.0,4492.0,4233.0,4328.0,0.0,1.0,0.0,0.5,5.0,0.6,0.5,0.6,0.0,1.0,0.0,0.0,0.0,0.0,0.0,0.0,0.0,19.0,29.0,24.0,70.0,66.0,64.0,572.0,575.0,574.0,509.0,513.0,509.0,64841.0,65710.0,64600.0,62890.0,61990.0,61899.0,-1.3224775528838837,1.7182662538699691,2.719033232628399,1.4518470721084045,0.1470136835813179,-2.0430447855673366,-17.78028309718451,-8.630634958763716,-19.073873451819747,11.56759720381961,2.559416704153553,-0.3929273084479323,511.0,506.0,507.0,498.0,493.0,490.0,0.0274010138375119,6.26155570760966,5.673758865248227,0.1726024441738969,-1.2343987823439877,-2.3832164507310116,-20.83503296862172,4.518076658084648,25.958927949878177,3.628800917957544,12.717712783437394,-10.55205725412842,0.0991,0.0635,0.0639,0.0716,0.0613,0.0612,3348.77001953125,3323.64990234375,3320.22998046875,3340.699951171875,3275.4599609375,3276.800048828125,0.7557991342525564,0.1030025599165626,-0.6127449636997299,1.991781032661503,-0.0408962362871134,-0.1027347096990854,0.888111217641419,0.9002603096314563,0.9404708177437435,0.9675235765603606,0.9553237066374887,0.9421461187214611,-2.699896157840083,6.4088397790055245,-8.69867780097425,17.594108019639933,-0.1679572858102613,-0.0965557845157491,0.0338978212621407,0.1107364330008859,-0.2339181286549741,-0.2333722287047874,-0.1338688085676151,-0.2670226969292427,-0.1402524544179443,-0.4189944134078173,0.0,0.0,506.0,41.340782122905026,-5.971225182470789,-7.096216095546377,-5.091568785836302,-6.878822922907581,-6.63570610885628,-3.3117413999119547
2014-09-03,64841.0,-1.3224775528838837,572.0,13.043478260869565,1.2298354895384125,0.8902654337612592,4615.0,4346.0,5109.0,4293.0,4349.0,4391.0,5271.0,5129.0,4944.0,4364.0,4492.0,4233.0,4328.0,0.0,1.0,0.0,0.5,5.0,0.6,0.5,0.6,0.0,1.0,0.0,0.0,0.0,0.0,0.0,0.0,0.0,19.0,29.0,24.0,70.0,66.0,64.0,575.0,574.0,509.0,513.0,509.0,507.0,65710.0,64600.0,62890.0,61990.0,61899.0,63190.0,1.7182662538699691,2.719033232628399,1.4518470721084045,0.1470136835813179,-2.0430447855673366,-3.804289911552923,-8.630634958763716,-19.073873451819747,11.56759720381961,2.559416704153553,-0.3929273084479323,4.724429699354461,506.0,507.0,498.0,493.0,490.0,494.0,6.26155570760966,5.673758865248227,0.1726024441738969,-1.2343987823439877,-2.3832164507310116,-1.173222912353347,4.518076658084648,25.958927949878177,3.628800917957544,12.717712783437394,-10.55205725412842,10.42792843733744,0.0635,0.0639,0.0716,0.0613,0.0612,0.0839,3323.64990234375,3320.22998046875,3340.699951171875,3275.4599609375,3276.800048828125,3280.169921875,0.1030025599165626,-0.6127449636997299,1.991781032661503,-0.0408962362871134,-0.1027347096990854,0.5637992879026,0.9002603096314563,0.9404708177437435,0.9675235765603606,0.9553237066374887,0.9421461187214611,0.9388743611078093,-2.699896157840083,6.4088397790055245,-8.69867780097425,17.594108019639933,-0.1679572858102613,-0.0965557845157491,0.0338978212621407,0.1107364330008859,-0.2339181286549741,-0.2333722287047874,-0.1338688085676151,-0.2670226969292427,-0.1402524544179443,-0.4189944134078173,0.0,0.0,506.0,41.340782122905026,-5.971225182470789,-7.096216095546377,-5.091568785836302,-6.878822922907581,-6.63570610885628,-3.3117413999119547
2014-08-20,65710.0,1.7182662538699691,572.0,13.043478260869565,-5.971225182470789,-6.878822922907581,4346.0,5109.0,4293.0,4349.0,4391.0,5271.0,5129.0,4944.0,4364.0,4492.0,4233.0,4328.0,3560.0,0.0,1.0,0.0,0.5,5.0,0.6,0.5,0.6,0.0,1.0,0.0,0.0,0.0,0.0,0.0,0.0,0.0,29.0,24.0,36.0,66.0,64.0,74.0,574.0,509.0,513.0,509.0,507.0,509.0,64600.0,62890.0,61990.0,61899.0,63190.0,65689.0,2.719033232628399,1.4518470721084045,0.1470136835813179,-2.0430447855673366,-3.804289911552923,9.478017399420018,-19.073873451819747,11.56759720381961,2.559416704153553,-0.3929273084479323,4.724429699354461,48.64422640983017,507.0,498.0,493.0,490.0,494.0,484.0,5.673758865248227,0.1726024441738969,-1.2343987823439877,-2.3832164507310116,-1.173222912353347,-2.7127796348675752,25.958927949878177,3.628800917957544,12.717712783437394,-10.55205725412842,10.42792843733744,-8.159298051796306,0.0639,0.0716,0.0613,0.0612,0.0839,0.0848,3320.22998046875,3340.699951171875,3275.4599609375,3276.800048828125,3280.169921875,3261.780029296875,-0.6127449636997299,1.991781032661503,-0.0408962362871134,-0.1027347096990854,0.5637992879026,0.7832734893599078,0.9404708177437435,0.9675235765603606,0.9553237066374887,0.9421461187214611,0.9388743611078093,0.9645536907331542,6.4088397790055245,17.838541666666664,17.594108019639933,26.763485477178424,-0.0965557845157491,-0.1076261666852905,0.1107364330008859,0.0432416205958766,-0.2333722287047874,0.3512880562060856,-0.2670226969292427,-1.5768725361366476,-0.4189944134078173,-2.051983584131327,0.0,0.2503128911138781,506.0,41.340782122905026,-7.096216095546377,-5.091568785836302,0.9072930863999572,-6.63570610885628,-3.3117413999119547,0.3812986881810032
2014-08-06,64600.0,2.719033232628399,572.0,13.043478260869565,-5.971225182470789,-6.878822922907581,4346.0,5109.0,4293.0,4349.0,4391.0,5271.0,5129.0,4944.0,4364.0,4492.0,4233.0,4328.0,3560.0,0.0,1.0,0.0,0.5,5.0,0.6,0.5,0.6,0.0,1.0,0.0,0.0,0.0,0.0,0.0,0.0,0.0,29.0,24.0,36.0,66.0,64.0,74.0,509.0,513.0,509.0,507.0,509.0,513.0,62890.0,61990.0,61899.0,63190.0,65689.0,60002.0,1.4518470721084045,0.1470136835813179,-2.0430447855673366,-3.804289911552923,9.478017399420018,-15.88701198570127,11.56759720381961,2.559416704153553,-0.3929273084479323,4.724429699354461,48.64422640983017,-7.270233196159126,498.0,493.0,490.0,494.0,484.0,483.0,0.1726024441738969,-1.2343987823439877,-2.3832164507310116,-1.173222912353347,-2.7127796348675752,-6.676443140914545,3.628800917957544,12.717712783437394,-10.55205725412842,10.42792843733744,-8.159298051796306,16.333103289625036,0.0716,0.0613,0.0612,0.0839,0.0848,0.0739,3340.699951171875,3275.4599609375,3276.800048828125,3280.169921875,3261.780029296875,3236.429931640625,1.991781032661503,-0.0408962362871134,-0.1027347096990854,0.5637992879026,0.7832734893599078,-0.6623699147736023,0.9675235765603606,0.9553237066374887,0.9421461187214611,0.9388743611078093,0.9645536907331542,0.8571469386588955,6.4088397790055245,17.838541666666664,17.594108019639933,26.763485477178424,-0.0965557845157491,-0.1076261666852905,0.1107364330008859,0.0432416205958766,-0.2333722287047874,0.3512880562060856,-0.2670226969292427,-1.5768725361366476,-0.4189944134078173,-2.051983584131327,0.0,0.2503128911138781,506.0,41.340782122905026,-7.096216095546377,-5.091568785836302,0.9072930863999572,-6.63570610885628,-3.3117413999119547,0.3812986881810032
2014-07-23,62890.0,1.4518470721084045,506.0,41.340782122905026,-7.096216095546377,-6.63570610885628,5109.0,4293.0,4349.0,4391.0,5271.0,5129.0,4944.0,4364.0,4492.0,4233.0,4328.0,3560.0,4619.0,0.0,1.0,0.0,0.5,5.0,0.6,0.5,0.6,0.0,1.0,0.0,0.0,0.0,0.0,0.0,0.0,0.0,24.0,36.0,31.0,64.0,74.0,70.0,513.0,509.0,507.0,509.0,513.0,361.0,61990.0,61899.0,63190.0,65689.0,60002.0,71335.0,0.1470136835813179,-2.0430447855673366,-3.804289911552923,9.478017399420018,-15.88701198570127,-7.835917312661499,2.559416704153553,-0.3929273084479323,4.724429699354461,48.64422640983017,-7.270233196159126,-2.8815054395765936,493.0,490.0,494.0,484.0,483.0,351.0,-1.2343987823439877,-2.3832164507310116,-1.173222912353347,-2.7127796348675752,-6.676443140914545,-11.23497112562719,12.717712783437394,-10.55205725412842,10.42792843733744,-8.159298051796306,16.333103289625036,-3.8976320047065776,0.0613,0.0612,0.0839,0.0848,0.0739,0.0753,3275.4599609375,3276.800048828125,3280.169921875,3261.780029296875,3236.429931640625,3258.010009765625,-0.0408962362871134,-0.1027347096990854,0.5637992879026,0.7832734893599078,-0.6623699147736023,1.4981709532035397,0.9553237066374887,0.9421461187214611,0.9388743611078093,0.9645536907331542,0.8571469386588955,0.9510065324623383,17.838541666666664,-4.714640198511166,26.763485477178424,-16.464471403812826,-0.1076261666852905,-0.1699716713881019,0.0432416205958766,-0.0371525433416569,0.3512880562060856,-0.3500583430571728,-1.5768725361366476,0.0,-2.051983584131327,-0.5442176870748378,0.2503128911138781,1.5247776365946668,358.0,-1.6483516483516485,-5.091568785836302,0.9072930863999572,1.9160844874780407,-3.3117413999119547,0.3812986881810032,3.2377898564892664
2014-07-09,61990.0,0.1470136835813179,506.0,41.340782122905026,-7.096216095546377,-6.63570610885628,5109.0,4293.0,4349.0,4391.0,5271.0,5129.0,4944.0,4364.0,4492.0,4233.0,4328.0,3560.0,4619.0,0.0,1.0,0.0,0.5,5.0,0.6,0.5,0.6,0.0,1.0,0.0,0.0,0.0,0.0,0.0,0.0,0.0,24.0,36.0,31.0,64.0,74.0,70.0,509.0,507.0,509.0,513.0,361.0,367.0,61899.0,63190.0,65689.0,60002.0,71335.0,77400.0,-2.0430447855673366,-3.804289911552923,9.478017399420018,-15.88701198570127,-7.835917312661499,-1.529223174982825,-0.3929273084479323,4.724429699354461,48.64422640983017,-7.270233196159126,-2.8815054395765936,-8.200359843029112,490.0,494.0,484.0,483.0,351.0,363.0,-2.3832164507310116,-1.173222912353347,-2.7127796348675752,-6.676443140914545,-11.23497112562719,1.9348612786489745,-10.55205725412842,10.42792843733744,-8.159298051796306,16.333103289625036,-3.8976320047065776,-2.940403339431791,0.0612,0.0839,0.0848,0.0739,0.0753,0.0761,3276.800048828125,3280.169921875,3261.780029296875,3236.429931640625,3258.010009765625,3209.919921875,-0.1027347096990854,0.5637992879026,0.7832734893599078,-0.6623699147736023,1.4981709532035397,4.192807656414834,0.9421461187214611,0.9388743611078093,0.9645536907331542,0.8571469386588955,0.9510065324623383,0.9159329735870492,17.838541666666664,-4.714640198511166,26.763485477178424,-16.464471403812826,-0.1076261666852905,-0.1699716713881019,0.0432416205958766,-0.0371525433416569,0.3512880562060856,-0.3500583430571728,-1.5768725361366476,0.0,-2.051983584131327,-0.5442176870748378,0.2503128911138781,1.5247776365946668,358.0,-1.6483516483516485,-5.091568785836302,0.9072930863999572,1.9160844874780407,-3.3117413999119547,0.3812986881810032,3.2377898564892664
2014-06-18,61899.0,-2.0430447855673366,506.0,41.340782122905026,-5.091568785836302,-3.3117413999119547,4293.0,4349.0,4391.0,5271.0,5129.0,4944.0,4364.0,4492.0,4233.0,4328.0,3560.0,4619.0,3414.0,0.0,1.0,0.0,0.5,5.0,0.6,0.5,0.6,0.0,1.0,0.0,0.0,0.0,0.0,0.0,0.0,0.0,36.0,31.0,20.0,74.0,70.0,63.0,507.0,509.0,513.0,361.0,367.0,362.0,63190.0,65689.0,60002.0,71335.0,77400.0,78602.0,-3.804289911552923,9.478017399420018,-15.88701198570127,-7.835917312661499,-1.529223174982825,2.081845218769075,4.724429699354461,48.64422640983017,-7.270233196159126,-2.8815054395765936,-8.200359843029112,-5.401338543772177,494.0,484.0,483.0,351.0,363.0,353.0,-1.173222912353347,-2.7127796348675752,-6.676443140914545,-11.23497112562719,1.9348612786489745,2.713418411597076,10.42792843733744,-8.159298051796306,16.333103289625036,-3.8976320047065776,-2.940403339431791,4.117583609144635,0.0839,0.0848,0.0739,0.0753,0.0761,0.0625,3280.169921875,3261.780029296875,3236.429931640625,3258.010009765625,3209.919921875,3080.75,0.5637992879026,0.7832734893599078,-0.6623699147736023,1.4981709532035397,4.192807656414834,-1.151557248034723,0.9388743611078093,0.9645536907331542,0.8571469386588955,0.9510065324623383,0.9159329735870492,0.9481544028950543,-4.714640198511166,6.896551724137931,-16.464471403812826,4.4343891402714934,-0.1699716713881019,-0.153589569978515,-0.0371525433416569,-0.0549840938871255,-0.3500583430571728,0.2339181286549741,0.0,0.6613756613756614,-0.5442176870748378,1.2396694214876112,1.5247776365946668,0.0,358.0,-1.6483516483516485,0.9072930863999572,1.9160844874780407,0.2648934281852069,0.3812986881810032,3.2377898564892664,-2.1216605853384705
2014-06-04,63190.0,-3.804289911552923,506.0,41.340782122905026,-5.091568785836302,-3.3117413999119547,4293.0,4349.0,4391.0,5271.0,5129.0,4944.0,4364.0,4492.0,4233.0,4328.0,3560.0,4619.0,3414.0,0.0,1.0,0.0,0.5,5.0,0.6,0.5,0.6,0.0,1.0,0.0,0.0,0.0,0.0,0.0,0.0,0.0,36.0,31.0,20.0,74.0,70.0,63.0,509.0,513.0,361.0,367.0,362.0,365.0,65689.0,60002.0,71335.0,77400.0,78602.0,76999.0,9.478017399420018,-15.88701198570127,-7.835917312661499,-1.529223174982825,2.081845218769075,-0.2616546417792516,48.64422640983017,-7.270233196159126,-2.8815054395765936,-8.200359843029112,-5.401338543772177,-12.864970645792557,484.0,483.0,351.0,363.0,353.0,350.0,-2.7127796348675752,-6.676443140914545,-11.23497112562719,1.9348612786489745,2.713418411597076,2.679252964225739,-8.159298051796306,16.333103289625036,-3.8976320047065776,-2.940403339431791,4.117583609144635,-2.4800440407376856,0.0848,0.0739,0.0753,0.0761,0.0625,0.0518,3261.780029296875,3236.429931640625,3258.010009765625,3209.919921875,3080.75,3116.639892578125,0.7832734893599078,-0.6623699147736023,1.4981709532035397,4.192807656414834,-1.151557248034723,0.901642816877184,0.9645536907331542,0.8571469386588955,0.9510065324623383,0.9159329735870492,0.9481544028950543,0.9540205674637592,-4.714640198511166,6.896551724137931,-16.464471403812826,4.4343891402714934,-0.1699716713881019,-0.153589569978515,-0.0371525433416569,-0.0549840938871255,-0.3500583430571728,0.2339181286549741,0.0,0.6613756613756614,-0.5442176870748378,1.2396694214876112,1.5247776365946668,0.0,358.0,-1.6483516483516485,0.9072930863999572,1.9160844874780407,0.2648934281852069,0.3812986881810032,3.2377898564892664,-2.1216605853384705
2014-05-21,65689.0,9.478017399420018,506.0,41.340782122905026,0.9072930863999572,0.3812986881810032,4349.0,4391.0,5271.0,5129.0,4944.0,4364.0,4492.0,4233.0,4328.0,3560.0,4619.0,3414.0,4434.0,0.0,1.0,0.0,0.5,5.0,0.6,0.5,0.6,0.0,1.0,0.0,0.0,0.0,0.0,0.0,0.0,0.0,31.0,20.0,25.0,70.0,63.0,63.0,513.0,361.0,367.0,362.0,365.0,362.0,60002.0,71335.0,77400.0,78602.0,76999.0,77201.0,-15.88701198570127,-7.835917312661499,-1.529223174982825,2.081845218769075,-0.2616546417792516,7.876865463081996,-7.270233196159126,-2.8815054395765936,-8.200359843029112,-5.401338543772177,-12.864970645792557,-2.6425591098748336,483.0,351.0,363.0,353.0,350.0,355.0,-6.676443140914545,-11.23497112562719,1.9348612786489745,2.713418411597076,2.679252964225739,4.387782204515273,16.333103289625036,-3.8976320047065776,-2.940403339431791,4.117583609144635,-2.4800440407376856,0.6328602590687601,0.0739,0.0753,0.0761,0.0625,0.0518,0.0432,3236.429931640625,3258.010009765625,3209.919921875,3080.75,3116.639892578125,3088.7900390625,-0.6623699147736023,1.4981709532035397,4.192807656414834,-1.151557248034723,0.901642816877184,4.347838996467409,0.8571469386588955,0.9510065324623383,0.9159329735870492,0.9481544028950543,0.9540205674637592,0.9821510355707088,6.896551724137931,-10.66350710900474,4.4343891402714934,-9.722222222222223,-0.153589569978515,-0.1024833171800105,-0.0549840938871255,0.0639509542625633,0.2339181286549741,0.0,0.6613756613756614,0.5319148936170099,1.2396694214876112,0.2762430939226362,0.0,0.0,358.0,-1.6483516483516485,1.9160844874780407,0.2648934281852069,-3.7735353243374634,3.2377898564892664,-2.1216605853384705,-4.798804853460945
2014-05-07,60002.0,-15.88701198570127,506.0,41.340782122905026,0.9072930863999572,0.3812986881810032,4349.0,4391.0,5271.0,5129.0,4944.0,4364.0,4492.0,4233.0,4328.0,3560.0,4619.0,3414.0,4434.0,0.0,1.0,0.0,0.5,5.0,0.6,0.5,0.6,0.0,1.0,0.0,0.0,0.0,0.0,0.0,0.0,0.0,31.0,20.0,25.0,70.0,63.0,63.0,361.0,367.0,362.0,365.0,362.0,362.0,71335.0,77400.0,78602.0,76999.0,77201.0,71564.0,-7.835917312661499,-1.529223174982825,2.081845218769075,-0.2616546417792516,7.876865463081996,-1.0042882833033613,-2.8815054395765936,-8.200359843029112,-5.401338543772177,-12.864970645792557,-2.6425591098748336,0.9554042916882886,351.0,363.0,353.0,350.0,355.0,360.0,-11.23497112562719,1.9348612786489745,2.713418411597076,2.679252964225739,4.387782204515273,-4.6835443037974684,-3.8976320047065776,-2.940403339431791,4.117583609144635,-2.4800440407376856,0.6328602590687601,11.51204427083332,0.0753,0.0761,0.0625,0.0518,0.0432,0.0446,3258.010009765625,3209.919921875,3080.75,3116.639892578125,3088.7900390625,2960.090087890625,1.4981709532035397,4.192807656414834,-1.151557248034723,0.901642816877184,4.347838996467409,-5.5412989873088545,0.9510065324623383,0.9159329735870492,0.9481544028950543,0.9540205674637592,0.9821510355707088,0.9503851261620186,6.896551724137931,-10.66350710900474,4.4343891402714934,-9.722222222222223,-0.153589569978515,-0.1024833171800105,-0.0549840938871255,0.0639509542625633,0.2339181286549741,0.0,0.6613756613756614,0.5319148936170099,1.2396694214876112,0.2762430939226362,0.0,0.0,358.0,-1.6483516483516485,1.9160844874780407,0.2648934281852069,-3.7735353243374634,3.2377898564892664,-2.1216605853384705,-4.798804853460945
2014-04-23,71335.0,-7.835917312661499,358.0,-1.6483516483516485,1.9160844874780407,3.2377898564892664,4391.0,5271.0,5129.0,4944.0,4364.0,4492.0,4233.0,4328.0,3560.0,4619.0,3414.0,4434.0,3979.0,0.0,1.0,0.0,0.5,5.0,0.6,0.5,0.6,0.0,1.0,0.0,0.0,0.0,0.0,0.0,0.0,0.0,20.0,25.0,21.0,63.0,63.0,62.0,367.0,362.0,365.0,362.0,362.0,368.0,77400.0,78602.0,76999.0,77201.0,71564.0,72290.0,-1.529223174982825,2.081845218769075,-0.2616546417792516,7.876865463081996,-1.0042882833033613,-0.1091627630615318,-8.200359843029112,-5.401338543772177,-12.864970645792557,-2.6425591098748336,0.9554042916882886,14.948705422569624,363.0,353.0,350.0,355.0,360.0,393.0,1.9348612786489745,2.713418411597076,2.679252964225739,4.387782204515273,-4.6835443037974684,0.3811944091486658,-2.940403339431791,4.117583609144635,-2.4800440407376856,0.6328602590687601,11.51204427083332,-13.44571305943512,0.0761,0.0625,0.0518,0.0432,0.0446,0.046,3209.919921875,3080.75,3116.639892578125,3088.7900390625,2960.090087890625,3133.739990234375,4.192807656414834,-1.151557248034723,0.901642816877184,4.347838996467409,-5.5412989873088545,-0.5367118732168819,0.9159329735870492,0.9481544028950543,0.9540205674637592,0.9821510355707088,0.9503851261620186,0.9150632911392405,-10.66350710900474,15.14324693042292,-9.722222222222223,-5.482625482625482,-0.1024833171800105,-0.0488752831547093,0.0639509542625633,0.1062212764435543,0.0,0.1170960187353563,0.5319148936170099,-1.0526315789473648,0.2762430939226362,-0.9575923392612704,0.0,0.5108556832694837,364.0,0.0,0.2648934281852069,-3.7735353243374634,-2.9519024788330106,-2.1216605853384705,-4.798804853460945,-2.877129240787052
2014-04-09,77400.0,-1.529223174982825,358.0,-1.6483516483516485,1.9160844874780407,3.2377898564892664,4391.0,5271.0,5129.0,4944.0,4364.0,4492.0,4233.0,4328.0,3560.0,4619.0,3414.0,4434.0,3979.0,0.0,1.0,0.0,0.5,5.0,0.6,0.5,0.6,0.0,1.0,0.0,0.0,0.0,0.0,0.0,0.0,0.0,20.0,25.0,21.0,63.0,63.0,62.0,362.0,365.0,362.0,362.0,368.0,364.0,78602.0,76999.0,77201.0,71564.0,72290.0,72369.0,2.081845218769075,-0.2616546417792516,7.876865463081996,-1.0042882833033613,-0.1091627630615318,-2.2066971162941544,-5.401338543772177,-12.864970645792557,-2.6425591098748336,0.9554042916882886,14.948705422569624,9.431117662824974,353.0,350.0,355.0,360.0,393.0,386.0,2.713418411597076,2.679252964225739,4.387782204515273,-4.6835443037974684,0.3811944091486658,3.963011889035667,4.117583609144635,-2.4800440407376856,0.6328602590687601,11.51204427083332,-13.44571305943512,13.490673575129533,0.0625,0.0518,0.0432,0.0446,0.046,0.0459,3080.75,3116.639892578125,3088.7900390625,2960.090087890625,3133.739990234375,3150.64990234375,-1.151557248034723,0.901642816877184,4.347838996467409,-5.5412989873088545,-0.5367118732168819,2.9025557746316477,0.9481544028950543,0.9540205674637592,0.9821510355707088,0.9503851261620186,0.9150632911392405,0.9195552731893265,-10.66350710900474,15.14324693042292,-9.722222222222223,-5.482625482625482,-0.1024833171800105,-0.0488752831547093,0.0639509542625633,0.1062212764435543,0.0,0.1170960187353563,0.5319148936170099,-1.0526315789473648,0.2762430939226362,-0.9575923392612704,0.0,0.5108556832694837,364.0,0.0,0.2648934281852069,-3.7735353243374634,-2.9519024788330106,-2.1216605853384705,-4.798804853460945,-2.877129240787052
2014-03-19,78602.0,2.081845218769075,358.0,-1.6483516483516485,0.2648934281852069,-2.1216605853384705,5271.0,5129.0,4944.0,4364.0,4492.0,4233.0,4328.0,3560.0,4619.0,3414.0,4434.0,3979.0,4132.0,0.0,1.0,0.0,0.5,5.0,0.6,0.5,0.6,0.0,1.0,0.0,0.0,0.0,0.0,0.0,0.0,0.0,25.0,21.0,14.0,63.0,62.0,54.0,365.0,362.0,362.0,368.0,364.0,367.0,76999.0,77201.0,71564.0,72290.0,72369.0,74002.0,-0.2616546417792516,7.876865463081996,-1.0042882833033613,-0.1091627630615318,-2.2066971162941544,1.1509021323127393,-12.864970645792557,-2.6425591098748336,0.9554042916882886,14.948705422569624,9.431117662824974,-3.670405768636727,350.0,355.0,360.0,393.0,386.0,377.0,2.679252964225739,4.387782204515273,-4.6835443037974684,0.3811944091486658,3.963011889035667,3.684426790850569,-2.4800440407376856,0.6328602590687601,11.51204427083332,-13.44571305943512,13.490673575129533,-9.891628376648166,0.0518,0.0432,0.0446,0.046,0.0459,0.0462,3116.639892578125,3088.7900390625,2960.090087890625,3133.739990234375,3150.64990234375,3061.780029296875,0.901642816877184,4.347838996467409,-5.5412989873088545,-0.5367118732168819,2.9025557746316477,-3.1296840384461047,0.9540205674637592,0.9821510355707088,0.9503851261620186,0.9150632911392405,0.9195552731893265,0.9775693527080581,15.14324693042292,13.292117465224113,-5.482625482625482,34.89583333333333,-0.0488752831547093,-0.0207749950988567,0.1062212764435543,0.1859641830833506,0.1170960187353563,-0.3500583430571728,-1.0526315789473648,-1.935483870967742,-0.9575923392612704,-2.5333333333333408,0.5108556832694837,0.0,364.0,0.0,-3.7735353243374634,-2.9519024788330106,-0.8809292096914852,-4.798804853460945,-2.877129240787052,1.9384319384319384
2014-03-05,76999.0,-0.2616546417792516,358.0,-1.6483516483516485,0.2648934281852069,-2.1216605853384705,5271.0,5129.0,4944.0,4364.0,4492.0,4233.0,4328.0,3560.0,4619.0,3414.0,4434.0,3979.0,4132.0,0.0,1.0,0.0,0.5,5.0,0.6,0.5,0.6,0.0,1.0,0.0,0.0,0.0,0.0,0.0,0.0,0.0,25.0,21.0,14.0,63.0,62.0,54.0,362.0,362.0,368.0,364.0,367.0,364.0,77201.0,71564.0,72290.0,72369.0,74002.0,73160.0,7.876865463081996,-1.0042882833033613,-0.1091627630615318,-2.2066971162941544,1.1509021323127393,-2.4416263284927524,-2.6425591098748336,0.9554042916882886,14.948705422569624,9.431117662824974,-3.670405768636727,-9.07692307692308,355.0,360.0,393.0,386.0,377.0,373.0,4.387782204515273,-4.6835443037974684,0.3811944091486658,3.963011889035667,3.684426790850569,-7.931904161412357,0.6328602590687601,11.51204427083332,-13.44571305943512,13.490673575129533,-9.891628376648166,4.072966267856438,0.0432,0.0446,0.046,0.0459,0.0462,0.0639,3088.7900390625,2960.090087890625,3133.739990234375,3150.64990234375,3061.780029296875,3160.699951171875,4.347838996467409,-5.5412989873088545,-0.5367118732168819,2.9025557746316477,-3.1296840384461047,-0.7389550830562542,0.9821510355707088,0.9503851261620186,0.9150632911392405,0.9195552731893265,0.9775693527080581,1.0020545130804,15.14324693042292,13.292117465224113,-5.482625482625482,34.89583333333333,-0.0488752831547093,-0.0207749950988567,0.1062212764435543,0.1859641830833506,0.1170960187353563,-0.3500583430571728,-1.0526315789473648,-1.935483870967742,-0.9575923392612704,-2.5333333333333408,0.5108556832694837,0.0,364.0,0.0,-3.7735353243374634,-2.9519024788330106,-0.8809292096914852,-4.798804853460945,-2.877129240787052,1.9384319384319384
2014-02-19,77201.0,7.876865463081996,358.0,-1.6483516483516485,-3.7735353243374634,-4.798804853460945,5129.0,4944.0,4364.0,4492.0,4233.0,4328.0,3560.0,4619.0,3414.0,4434.0,3979.0,4132.0,2704.0,0.0,1.0,0.0,0.5,5.0,0.6,0.5,0.6,0.0,1.0,0.0,0.0,0.0,0.0,0.0,0.0,0.0,21.0,14.0,18.0,62.0,54.0,54.0,362.0,368.0,364.0,367.0,364.0,364.0,71564.0,72290.0,72369.0,74002.0,73160.0,74991.0,-1.0042882833033613,-0.1091627630615318,-2.2066971162941544,1.1509021323127393,-2.4416263284927524,3.280585051439904,0.9554042916882886,14.948705422569624,9.431117662824974,-3.670405768636727,-9.07692307692308,11.380145278450376,360.0,393.0,386.0,377.0,373.0,379.0,-4.6835443037974684,0.3811944091486658,3.963011889035667,3.684426790850569,-7.931904161412357,-6.240393482938825,11.51204427083332,-13.44571305943512,13.490673575129533,-9.891628376648166,4.072966267856438,10.323082144538477,0.0446,0.046,0.0459,0.0462,0.0639,0.0588,2960.090087890625,3133.739990234375,3150.64990234375,3061.780029296875,3160.699951171875,3184.22998046875,-5.5412989873088545,-0.5367118732168819,2.9025557746316477,-3.1296840384461047,-0.7389550830562542,-0.6570406527051685,0.9503851261620186,0.9150632911392405,0.9195552731893265,0.9775693527080581,1.0020545130804,0.9456620428751576,13.292117465224113,-0.4615384615384615,34.89583333333333,0.4184100418410041,-0.0207749950988567,-0.0327610868490562,0.1859641830833506,0.0889405317783085,-0.3500583430571728,0.7050528789659325,-1.935483870967742,0.6493506493506493,-2.5333333333333408,0.9421265141319016,0.0,0.0,364.0,0.0,-2.9519024788330106,-0.8809292096914852,3.2183578156391057,-2.877129240787052,1.9384319384319384,5.925510775971875
2014-02-05,71564.0,-1.0042882833033613,358.0,-1.6483516483516485,-3.7735353243374634,-4.798804853460945,5129.0,4944.0,4364.0,4492.0,4233.0,4328.0,3560.0,4619.0,3414.0,4434.0,3979.0,4132.0,2704.0,1.0,0.0,0.0,0.5,5.0,0.6,0.5,0.6,0.0,1.0,0.0,0.0,0.0,0.0,0.0,0.0,0.0,21.0,14.0,18.0,62.0,54.0,54.0,368.0,364.0,367.0,364.0,364.0,368.0,72290.0,72369.0,74002.0,73160.0,74991.0,72609.0,-0.1091627630615318,-2.2066971162941544,1.1509021323127393,-2.4416263284927524,3.280585051439904,-5.566465944413375,14.948705422569624,9.431117662824974,-3.670405768636727,-9.07692307692308,11.380145278450376,0.3383060986285349,393.0,386.0,377.0,373.0,379.0,376.0,0.3811944091486658,3.963011889035667,3.684426790850569,-7.931904161412357,-6.240393482938825,-3.790240018200433,-13.44571305943512,13.490673575129533,-9.891628376648166,4.072966267856438,10.323082144538477,-4.914273910349095,0.046,0.0459,0.0462,0.0639,0.0588,0.0707,3133.739990234375,3150.64990234375,3061.780029296875,3160.699951171875,3184.22998046875,3205.2900390625,-0.5367118732168819,2.9025557746316477,-3.1296840384461047,-0.7389550830562542,-0.6570406527051685,0.0152892606998733,0.9150632911392405,0.9195552731893265,0.9775693527080581,1.0020545130804,0.9456620428751576,0.8584856582089905,13.292117465224113,-0.4615384615384615,34.89583333333333,0.4184100418410041,-0.0207749950988567,-0.0327610868490562,0.1859641830833506,0.0889405317783085,-0.3500583430571728,0.7050528789659325,-1.935483870967742,0.6493506493506493,-2.5333333333333408,0.9421265141319016,0.0,0.0,364.0,0.0,-2.9519024788330106,-0.8809292096914852,3.2183578156391057,-2.877129240787052,1.9384319384319384,5.925510775971875
2014-01-22,72290.0,-0.1091627630615318,364.0,0.0,-2.9519024788330106,-2.877129240787052,4944.0,4364.0,4492.0,4233.0,4328.0,3560.0,4619.0,3414.0,4434.0,3979.0,4132.0,2704.0,4297.0,1.0,0.0,0.0,0.5,5.0,0.6,0.5,0.6,0.0,1.0,0.0,0.0,0.0,0.0,0.0,0.0,0.0,14.0,18.0,19.0,54.0,54.0,59.0,364.0,367.0,364.0,364.0,368.0,373.0,72369.0,74002.0,73160.0,74991.0,72609.0,76889.0,-2.2066971162941544,1.1509021323127393,-2.4416263284927524,3.280585051439904,-5.566465944413375,-9.542352941176471,9.431117662824974,-3.670405768636727,-9.07692307692308,11.380145278450376,0.3383060986285349,-5.16794175984656,386.0,377.0,373.0,379.0,376.0,382.0,3.963011889035667,3.684426790850569,-7.931904161412357,-6.240393482938825,-3.790240018200433,-5.978609625668449,13.490673575129533,-9.891628376648166,4.072966267856438,10.323082144538477,-4.914273910349095,-21.893529312111266,0.0459,0.0462,0.0639,0.0588,0.0707,0.0783,3150.64990234375,3061.780029296875,3160.699951171875,3184.22998046875,3205.2900390625,3204.800048828125,2.9025557746316477,-3.1296840384461047,-0.7389550830562542,-0.6570406527051685,0.0152892606998733,1.583597252021227,0.9195552731893265,0.9775693527080581,1.0020545130804,0.9456620428751576,0.8584856582089905,0.874633147537254,-0.4615384615384615,-30.703624733475483,0.4184100418410041,-5.440158259149357,-0.0327610868490562,-0.0432727028188657,0.0889405317783085,0.0850678927929189,0.7050528789659325,0.1176470588235227,0.6493506493506493,1.8518518518518592,0.9421265141319016,2.200825309491051,0.0,0.2560819462227949,364.0,9.30930930930931,-0.8809292096914852,3.2183578156391057,5.469255218151048,1.9384319384319384,5.925510775971875,1.4184213925849374
2014-01-08,72369.0,-2.2066971162941544,364.0,0.0,-2.9519024788330106,-2.877129240787052,4944.0,4364.0,4492.0,4233.0,4328.0,3560.0,4619.0,3414.0,4434.0,3979.0,4132.0,2704.0,4297.0,1.0,0.0,0.0,0.5,5.0,0.6,0.5,0.6,0.0,1.0,0.0,0.0,0.0,0.0,0.0,0.0,0.0,14.0,18.0,19.0,54.0,54.0,59.0,367.0,364.0,364.0,368.0,373.0,365.0,74002.0,73160.0,74991.0,72609.0,76889.0,85000.0,1.1509021323127393,-2.4416263284927524,3.280585051439904,-5.566465944413375,-9.542352941176471,1.4913254767107258,-3.670405768636727,-9.07692307692308,11.380145278450376,0.3383060986285349,-5.16794175984656,-4.675128817393482,377.0,373.0,379.0,376.0,382.0,376.0,3.684426790850569,-7.931904161412357,-6.240393482938825,-3.790240018200433,-5.978609625668449,8.419624531824349,-9.891628376648166,4.072966267856438,10.323082144538477,-4.914273910349095,-21.893529312111266,-7.435837293060148,0.0462,0.0639,0.0588,0.0707,0.0783,0.0471,3061.780029296875,3160.699951171875,3184.22998046875,3205.2900390625,3204.800048828125,3154.840087890625,-3.1296840384461047,-0.7389550830562542,-0.6570406527051685,0.0152892606998733,1.583597252021227,-1.221410165563243,0.9775693527080581,1.0020545130804,0.9456620428751576,0.8584856582089905,0.874633147537254,0.9090909090909091,-0.4615384615384615,-30.703624733475483,0.4184100418410041,-5.440158259149357,-0.0327610868490562,-0.0432727028188657,0.0889405317783085,0.0850678927929189,0.7050528789659325,0.1176470588235227,0.6493506493506493,1.8518518518518592,0.9421265141319016,2.200825309491051,0.0,0.2560819462227949,364.0,9.30930930930931,-0.8809292096914852,3.2183578156391057,5.469255218151048,1.9384319384319384,5.925510775971875,1.4184213925849374
2013-12-18,74002.0,1.1509021323127393,364.0,0.0,-0.8809292096914852,1.9384319384319384,4364.0,4492.0,4233.0,4328.0,3560.0,4619.0,3414.0,4434.0,3979.0,4132.0,2704.0,4297.0,3636.0,1.0,0.0,0.0,0.5,5.0,0.6,0.5,0.6,0.0,1.0,0.0,0.0,0.0,0.0,0.0,0.0,0.0,18.0,19.0,23.0,54.0,59.0,60.0,364.0,364.0,368.0,373.0,365.0,370.0,73160.0,74991.0,72609.0,76889.0,85000.0,83751.0,-2.4416263284927524,3.280585051439904,-5.566465944413375,-9.542352941176471,1.4913254767107258,8.339801303942874,-9.07692307692308,11.380145278450376,0.3383060986285349,-5.16794175984656,-4.675128817393482,6.228198641991744,373.0,379.0,376.0,382.0,376.0,377.0,-7.931904161412357,-6.240393482938825,-3.790240018200433,-5.978609625668449,8.419624531824349,11.853437094682231,4.072966267856438,10.323082144538477,-4.914273910349095,-21.893529312111266,-7.435837293060148,14.038344452912463,0.0639,0.0588,0.0707,0.0783,0.0471,0.0389,3160.699951171875,3184.22998046875,3205.2900390625,3204.800048828125,3154.840087890625,3193.85009765625,-0.7389550830562542,-0.6570406527051685,0.0152892606998733,1.583597252021227,-1.221410165563243,5.917257974149797,1.0020545130804,0.9456620428751576,0.8584856582089905,0.874633147537254,0.9090909090909091,0.9711499437609434,-30.703624733475483,38.96296296296296,-5.440158259149357,-2.0348837209302326,-0.0432727028188657,0.0640729319656639,0.0850678927929189,0.1337028131503186,0.1176470588235227,0.2358490566037769,1.8518518518518592,0.5319148936170099,2.200825309491051,0.553250345781474,0.2560819462227949,0.0,364.0,9.30930930930931,3.2183578156391057,5.469255218151048,5.808790344887828,5.925510775971875,1.4184213925849374,5.738365501509377
2013-12-04,73160.0,-2.4416263284927524,364.0,0.0,-0.8809292096914852,1.9384319384319384,4364.0,4492.0,4233.0,4328.0,3560.0,4619.0,3414.0,4434.0,3979.0,4132.0,2704.0,4297.0,3636.0,1.0,0.0,0.0,0.5,5.0,0.6,0.5,0.6,0.0,1.0,0.0,0.0,0.0,0.0,0.0,0.0,0.0,18.0,19.0,23.0,54.0,59.0,60.0,364.0,368.0,373.0,365.0,370.0,366.0,74991.0,72609.0,76889.0,85000.0,83751.0,77304.0,3.280585051439904,-5.566465944413375,-9.542352941176471,1.4913254767107258,8.339801303942874,1.418207102842974,11.380145278450376,0.3383060986285349,-5.16794175984656,-4.675128817393482,6.228198641991744,2.181208053691271,379.0,376.0,382.0,376.0,377.0,381.0,-6.240393482938825,-3.790240018200433,-5.978609625668449,8.419624531824349,11.853437094682231,0.6435443236257783,10.323082144538477,-4.914273910349095,-21.893529312111266,-7.435837293060148,14.038344452912463,-2.2027150912356066,0.0588,0.0707,0.0783,0.0471,0.0389,0.0446,3184.22998046875,3205.2900390625,3204.800048828125,3154.840087890625,3193.85009765625,3015.419921875,-0.6570406527051685,0.0152892606998733,1.583597252021227,-1.221410165563243,5.917257974149797,-3.0096612936447924,0.9456620428751576,0.8584856582089905,0.874633147537254,0.9090909090909091,0.9711499437609434,1.002645914396887,-30.703624733475483,38.96296296296296,-5.440158259149357,-2.0348837209302326,-0.0432727028188657,0.0640729319656639,0.0850678927929189,0.1337028131503186,0.1176470588235227,0.2358490566037769,1.8518518518518592,0.5319148936170099,2.200825309491051,0.553250345781474,0.2560819462227949,0.0,364.0,9.30930930930931,3.2183578156391057,5.469255218151048,5.808790344887828,5.925510775971875,1.4184213925849374,5.738365501509377
2013-11-20,74991.0,3.280585051439904,364.0,0.0,3.2183578156391057,5.925510775971875,4492.0,4233.0,4328.0,3560.0,4619.0,3414.0,4434.0,3979.0,4132.0,2704.0,4297.0,3636.0,3103.0,1.0,0.0,0.0,0.5,5.0,0.6,0.5,0.6,0.0,1.0,0.0,0.0,0.0,0.0,0.0,0.0,0.0,19.0,23.0,16.0,59.0,60.0,64.0,368.0,373.0,365.0,370.0,366.0,366.0,72609.0,76889.0,85000.0,83751.0,77304.0,76223.0,-5.566465944413375,-9.542352941176471,1.4913254767107258,8.339801303942874,1.418207102842974,0.8827889247710308,0.3383060986285349,-5.16794175984656,-4.675128817393482,6.228198641991744,2.181208053691271,-19.443115768723455,376.0,382.0,376.0,377.0,381.0,375.0,-3.790240018200433,-5.978609625668449,8.419624531824349,11.853437094682231,0.6435443236257783,-1.279639175257732,-4.914273910349095,-21.893529312111266,-7.435837293060148,14.038344452912463,-2.2027150912356066,-6.83870967741936,0.0707,0.0783,0.0471,0.0389,0.0446,0.0433,3205.2900390625,3204.800048828125,3154.840087890625,3193.85009765625,3015.419921875,3108.989990234375,0.0152892606998733,1.583597252021227,-1.221410165563243,5.917257974149797,-3.0096612936447924,-3.7437552490753574,0.8584856582089905,0.874633147537254,0.9090909090909091,0.9711499437609434,1.002645914396887,0.9949874032399127,38.96296296296296,-5.46218487394958,-2.0348837209302326,11.08719052744887,0.0640729319656639,0.0093631314993299,0.1337028131503186,0.1573119456283838,0.2358490566037769,0.7125890736341975,0.5319148936170099,0.4005340453938547,0.553250345781474,0.5563282336578462,0.0,0.0,364.0,9.30930930930931,5.469255218151048,5.808790344887828,6.063741082733702,1.4184213925849374,5.738365501509377,5.903541256798982
2013-11-06,72609.0,-5.566465944413375,364.0,0.0,3.2183578156391057,5.925510775971875,4492.0,4233.0,4328.0,3560.0,4619.0,3414.0,4434.0,3979.0,4132.0,2704.0,4297.0,3636.0,3103.0,1.0,0.0,0.0,0.5,5.0,0.6,0.5,0.6,0.0,1.0,0.0,0.0,0.0,0.0,0.0,0.0,0.0,19.0,23.0,16.0,59.0,60.0,64.0,373.0,365.0,370.0,366.0,366.0,373.0,76889.0,85000.0,83751.0,77304.0,76223.0,75556.0,-9.542352941176471,1.4913254767107258,8.339801303942874,1.418207102842974,0.8827889247710308,2.117882387922529,-5.16794175984656,-4.675128817393482,6.228198641991744,2.181208053691271,-19.443115768723455,8.721986936231025,382.0,376.0,377.0,381.0,375.0,380.0,-5.978609625668449,8.419624531824349,11.853437094682231,0.6435443236257783,-1.279639175257732,1.585306785008313,-21.893529312111266,-7.435837293060148,14.038344452912463,-2.2027150912356066,-6.83870967741936,-5.26040711534935,0.0783,0.0471,0.0389,0.0446,0.0433,0.0406,3204.800048828125,3154.840087890625,3193.85009765625,3015.419921875,3108.989990234375,3229.909912109375,1.583597252021227,-1.221410165563243,5.917257974149797,-3.0096612936447924,-3.7437552490753574,0.6726188845564981,0.874633147537254,0.9090909090909091,0.9711499437609434,1.002645914396887,0.9949874032399127,0.973659793814433,38.96296296296296,-5.46218487394958,-2.0348837209302326,11.08719052744887,0.0640729319656639,0.0093631314993299,0.1337028131503186,0.1573119456283838,0.2358490566037769,0.7125890736341975,0.5319148936170099,0.4005340453938547,0.553250345781474,0.5563282336578462,0.0,0.0,364.0,9.30930930930931,5.469255218151048,5.808790344887828,6.063741082733702,1.4184213925849374,5.738365501509377,5.903541256798982
2013-10-23,76889.0,-9.542352941176471,364.0,9.30930930930931,5.469255218151048,1.4184213925849374,4233.0,4328.0,3560.0,4619.0,3414.0,4434.0,3979.0,4132.0,2704.0,4297.0,3636.0,3103.0,2391.0,1.0,0.0,0.0,0.5,5.0,0.6,0.5,0.6,0.0,1.0,0.0,0.0,0.0,0.0,0.0,0.0,0.0,23.0,16.0,17.0,60.0,64.0,63.0,365.0,370.0,366.0,366.0,373.0,334.0,85000.0,83751.0,77304.0,76223.0,75556.0,73989.0,1.4913254767107258,8.339801303942874,1.418207102842974,0.8827889247710308,2.117882387922529,1.216142270861833,-4.675128817393482,6.228198641991744,2.181208053691271,-19.443115768723455,8.721986936231025,-12.229451711102945,376.0,377.0,381.0,375.0,380.0,303.0,8.419624531824349,11.853437094682231,0.6435443236257783,-1.279639175257732,1.585306785008313,-0.935027882246142,-7.435837293060148,14.038344452912463,-2.2027150912356066,-6.83870967741936,-5.26040711534935,-3.8277754155783663,0.0471,0.0389,0.0446,0.0433,0.0406,0.0466,3154.840087890625,3193.85009765625,3015.419921875,3108.989990234375,3229.909912109375,3208.330078125,-1.221410165563243,5.917257974149797,-3.0096612936447924,-3.7437552490753574,0.6726188845564981,2.5192631430887076,0.9090909090909091,0.9711499437609434,1.002645914396887,0.9949874032399127,0.973659793814433,0.9685818638809253,-5.46218487394958,-17.647058823529413,11.08719052744887,-26.8503937007874,0.0093631314993299,-0.0023407280834703,0.1573119456283838,0.0709666960860246,0.7125890736341975,0.3575685339690073,0.4005340453938547,3.1680440771350025,0.5563282336578462,3.9017341040462465,0.0,0.0,333.0,0.0,5.808790344887828,6.063741082733702,-0.43355267203739,5.738365501509377,5.903541256798982,6.349133090260149
2013-10-09,85000.0,1.4913254767107258,364.0,9.30930930930931,5.469255218151048,1.4184213925849374,4233.0,4328.0,3560.0,4619.0,3414.0,4434.0,3979.0,4132.0,2704.0,4297.0,3636.0,3103.0,2391.0,1.0,0.0,0.0,0.5,5.0,0.6,0.5,0.6,0.0,1.0,0.0,0.0,0.0,0.0,0.0,0.0,0.0,23.0,16.0,17.0,60.0,64.0,63.0,370.0,366.0,366.0,373.0,334.0,338.0,83751.0,77304.0,76223.0,75556.0,73989.0,73100.0,8.339801303942874,1.418207102842974,0.8827889247710308,2.117882387922529,1.216142270861833,4.573480394260619,6.228198641991744,2.181208053691271,-19.443115768723455,8.721986936231025,-12.229451711102945,-8.061754723215092,377.0,381.0,375.0,380.0,303.0,331.0,11.853437094682231,0.6435443236257783,-1.279639175257732,1.585306785008313,-0.935027882246142,-5.676994776822302,14.038344452912463,-2.2027150912356066,-6.83870967741936,-5.26040711534935,-3.8277754155783663,-18.149114647217164,0.0389,0.0446,0.0433,0.0406,0.0466,0.0408,3193.85009765625,3015.419921875,3108.989990234375,3229.909912109375,3208.330078125,3129.489990234375,5.917257974149797,-3.0096612936447924,-3.7437552490753574,0.6726188845564981,2.5192631430887076,-2.623072689985569,0.9711499437609434,1.002645914396887,0.9949874032399127,0.973659793814433,0.9685818638809253,0.9479963688237583,-5.46218487394958,-17.647058823529413,11.08719052744887,-26.8503937007874,0.0093631314993299,-0.0023407280834703,0.1573119456283838,0.0709666960860246,0.7125890736341975,0.3575685339690073,0.4005340453938547,3.1680440771350025,0.5563282336578462,3.9017341040462465,0.0,0.0,333.0,0.0,5.808790344887828,6.063741082733702,-0.43355267203739,5.738365501509377,5.903541256798982,6.349133090260149
2013-09-18,83751.0,8.339801303942874,364.0,9.30930930930931,5.808790344887828,5.738365501509377,4328.0,3560.0,4619.0,3414.0,4434.0,3979.0,4132.0,2704.0,4297.0,3636.0,3103.0,2391.0,2276.0,1.0,0.0,0.0,0.5,5.0,0.6,0.5,0.6,0.0,1.0,0.0,0.0,0.0,0.0,0.0,0.0,0.0,16.0,17.0,18.0,64.0,63.0,61.0,366.0,366.0,373.0,334.0,338.0,342.0,77304.0,76223.0,75556.0,73989.0,73100.0,69903.0,1.418207102842974,0.8827889247710308,2.117882387922529,1.216142270861833,4.573480394260619,3.866212983462355,2.181208053691271,-19.443115768723455,8.721986936231025,-12.229451711102945,-8.061754723215092,-8.10574193769022,381.0,375.0,380.0,303.0,331.0,305.0,0.6435443236257783,-1.279639175257732,1.585306785008313,-0.935027882246142,-5.676994776822302,9.001333333333333,-2.2027150912356066,-6.83870967741936,-5.26040711534935,-3.8277754155783663,-18.149114647217164,-0.7130699632715267,0.0446,0.0433,0.0406,0.0466,0.0408,0.0562,3015.419921875,3108.989990234375,3229.909912109375,3208.330078125,3129.489990234375,3213.7900390625,-3.0096612936447924,-3.7437552490753574,0.6726188845564981,2.5192631430887076,-2.623072689985569,-0.9138440848984902,1.002645914396887,0.9949874032399127,0.973659793814433,0.9685818638809253,0.9479963688237583,0.8550721092096732,-17.647058823529413,-11.53061224489796,-26.8503937007874,9.482758620689657,-0.0023407280834703,0.045079327908202,0.0709666960860246,0.1761052589793834,0.3575685339690073,0.2389486260454036,3.1680440771350025,0.8333333333333255,3.9017341040462465,1.0218978102189822,0.0,0.0,333.0,0.0,6.063741082733702,-0.43355267203739,-8.78186968838527,5.903541256798982,6.349133090260149,-12.665932176062771
2013-09-04,77304.0,1.418207102842974,364.0,9.30930930930931,5.808790344887828,5.738365501509377,4328.0,3560.0,4619.0,3414.0,4434.0,3979.0,4132.0,2704.0,4297.0,3636.0,3103.0,2391.0,2276.0,1.0,0.0,0.0,0.5,5.0,0.6,0.5,0.6,0.0,1.0,0.0,0.0,0.0,0.0,0.0,0.0,0.0,16.0,17.0,18.0,64.0,63.0,61.0,366.0,373.0,334.0,338.0,342.0,341.0,76223.0,75556.0,73989.0,73100.0,69903.0,67301.0,0.8827889247710308,2.117882387922529,1.216142270861833,4.573480394260619,3.866212983462355,3.797097425931924,-19.443115768723455,8.721986936231025,-12.229451711102945,-8.061754723215092,-8.10574193769022,-5.9750733137829855,375.0,380.0,303.0,331.0,305.0,302.0,-1.279639175257732,1.585306785008313,-0.935027882246142,-5.676994776822302,9.001333333333333,11.434684416973733,-6.83870967741936,-5.26040711534935,-3.8277754155783663,-18.149114647217164,-0.7130699632715267,7.438615726045317,0.0433,0.0406,0.0466,0.0408,0.0562,0.0625,3108.989990234375,3229.909912109375,3208.330078125,3129.489990234375,3213.7900390625,3243.429931640625,-3.7437552490753574,0.6726188845564981,2.5192631430887076,-2.623072689985569,-0.9138440848984902,-6.10647320324261,0.9949874032399127,0.973659793814433,0.9685818638809253,0.9479963688237583,0.8550721092096732,0.8973466666666666,-17.647058823529413,-11.53061224489796,-26.8503937007874,9.482758620689657,-0.0023407280834703,0.045079327908202,0.0709666960860246,0.1761052589793834,0.3575685339690073,0.2389486260454036,3.1680440771350025,0.8333333333333255,3.9017341040462465,1.0218978102189822,0.0,0.0,333.0,0.0,6.063741082733702,-0.43355267203739,-8.78186968838527,5.903541256798982,6.349133090260149,-12.665932176062771
2013-08-21,76223.0,0.8827889247710308,364.0,9.30930930930931,6.063741082733702,5.903541256798982,3560.0,4619.0,3414.0,4434.0,3979.0,4132.0,2704.0,4297.0,3636.0,3103.0,2391.0,2276.0,2365.0,1.0,0.0,0.0,0.5,5.0,0.6,0.5,0.6,0.0,1.0,0.0,0.0,0.0,0.0,0.0,0.0,0.0,17.0,18.0,20.0,63.0,61.0,79.0,373.0,334.0,338.0,342.0,341.0,333.0,75556.0,73989.0,73100.0,69903.0,67301.0,64839.0,2.117882387922529,1.216142270861833,4.573480394260619,3.866212983462355,3.797097425931924,2.9206812806552485,8.721986936231025,-12.229451711102945,-8.061754723215092,-8.10574193769022,-5.9750733137829855,-1.7543859649122906,380.0,303.0,331.0,305.0,302.0,332.0,1.585306785008313,-0.935027882246142,-5.676994776822302,9.001333333333333,11.434684416973733,9.082658022690438,-5.26040711534935,-3.8277754155783663,-18.149114647217164,-0.7130699632715267,7.438615726045317,18.99494817873825,0.0406,0.0466,0.0408,0.0562,0.0625,0.0537,3229.909912109375,3208.330078125,3129.489990234375,3213.7900390625,3243.429931640625,3454.3701171875,0.6726188845564981,2.5192631430887076,-2.623072689985569,-0.9138440848984902,-6.10647320324261,1.2115398509127142,0.973659793814433,0.9685818638809253,0.9479963688237583,0.8550721092096732,0.8973466666666666,0.9633751337216213,-11.53061224489796,28.272251308900525,9.482758620689657,2.564102564102564,0.045079327908202,0.0026345755845098,0.1761052589793834,0.0906608489611928,0.2389486260454036,0.3597122302158239,0.8333333333333255,-2.439024390243899,1.0218978102189822,-2.974504249291777,0.0,0.0,333.0,0.0,-0.43355267203739,-8.78186968838527,-12.224725186799118,6.349133090260149,-12.665932176062771,-12.312821781594977
2013-08-07,75556.0,2.117882387922529,364.0,9.30930930930931,6.063741082733702,5.903541256798982,3560.0,4619.0,3414.0,4434.0,3979.0,4132.0,2704.0,4297.0,3636.0,3103.0,2391.0,2276.0,2365.0,1.0,0.0,0.0,0.5,5.0,0.6,0.5,0.6,0.0,1.0,0.0,0.0,0.0,0.0,0.0,0.0,0.0,17.0,18.0,20.0,63.0,61.0,79.0,334.0,338.0,342.0,341.0,333.0,336.0,73989.0,73100.0,69903.0,67301.0,64839.0,62999.0,1.216142270861833,4.573480394260619,3.866212983462355,3.797097425931924,2.9206812806552485,0.8032385554506616,-12.229451711102945,-8.061754723215092,-8.10574193769022,-5.9750733137829855,-1.7543859649122906,-8.977125593439794,303.0,331.0,305.0,302.0,332.0,317.0,-0.935027882246142,-5.676994776822302,9.001333333333333,11.434684416973733,9.082658022690438,-0.4838709677419355,-3.8277754155783663,-18.149114647217164,-0.7130699632715267,7.438615726045317,18.99494817873825,-13.948944857305168,0.0466,0.0408,0.0562,0.0625,0.0537,0.0523,3208.330078125,3129.489990234375,3213.7900390625,3243.429931640625,3454.3701171875,3413.02001953125,2.5192631430887076,-2.623072689985569,-0.9138440848984902,-6.10647320324261,1.2115398509127142,2.717963940742787,0.9685818638809253,0.9479963688237583,0.8550721092096732,0.8973466666666666,0.9633751337216213,1.0210534846029173,-11.53061224489796,28.272251308900525,9.482758620689657,2.564102564102564,0.045079327908202,0.0026345755845098,0.1761052589793834,0.0906608489611928,0.2389486260454036,0.3597122302158239,0.8333333333333255,-2.439024390243899,1.0218978102189822,-2.974504249291777,0.0,0.0,333.0,0.0,-0.43355267203739,-8.78186968838527,-12.224725186799118,6.349133090260149,-12.665932176062771,-12.312821781594977
2013-07-17,73989.0,1.216142270861833,333.0,0.0,-0.43355267203739,6.349133090260149,4619.0,3414.0,4434.0,3979.0,4132.0,2704.0,4297.0,3636.0,3103.0,2391.0,2276.0,2365.0,3032.0,1.0,0.0,0.0,0.5,5.0,0.6,0.5,0.6,0.0,1.0,0.0,0.0,0.0,0.0,0.0,0.0,0.0,18.0,20.0,32.0,61.0,79.0,100.0,338.0,342.0,341.0,333.0,336.0,333.0,73100.0,69903.0,67301.0,64839.0,62999.0,62497.0,4.573480394260619,3.866212983462355,3.797097425931924,2.9206812806552485,0.8032385554506616,2.4054138196595063,-8.061754723215092,-8.10574193769022,-5.9750733137829855,-1.7543859649122906,-8.977125593439794,5.264581351537874,331.0,305.0,302.0,332.0,317.0,310.0,-5.676994776822302,9.001333333333333,11.434684416973733,9.082658022690438,-0.4838709677419355,-7.476496045366362,-18.149114647217164,-0.7130699632715267,7.438615726045317,18.99494817873825,-13.948944857305168,-20.31446783851652,0.0408,0.0562,0.0625,0.0537,0.0523,0.0368,3129.489990234375,3213.7900390625,3243.429931640625,3454.3701171875,3413.02001953125,3322.7099609375,-2.623072689985569,-0.9138440848984902,-6.10647320324261,1.2115398509127142,2.717963940742787,0.8945558623699992,0.9479963688237583,0.8550721092096732,0.8973466666666666,0.9633751337216213,1.0210534846029173,1.008016129032258,28.272251308900525,6.258692628650904,2.564102564102564,15.173116089613034,0.0026345755845098,-0.0786825786825786,0.0906608489611928,0.0448086957778645,0.3597122302158239,-1.534828807556077,-2.439024390243899,-5.263157894736853,-2.974504249291777,-6.490066225165571,0.0,0.0,333.0,-15.267175572519085,-8.78186968838527,-12.224725186799118,-4.226497842540851,-12.665932176062771,-12.312821781594977,-9.21740804517792
2013-07-03,73100.0,4.573480394260619,333.0,0.0,-0.43355267203739,6.349133090260149,4619.0,3414.0,4434.0,3979.0,4132.0,2704.0,4297.0,3636.0,3103.0,2391.0,2276.0,2365.0,3032.0,1.0,0.0,0.0,0.5,5.0,0.6,0.5,0.0,0.0,1.0,0.0,0.0,0.0,0.0,0.0,0.0,0.0,18.0,20.0,32.0,61.0,79.0,100.0,342.0,341.0,333.0,336.0,333.0,341.0,69903.0,67301.0,64839.0,62999.0,62497.0,61029.0,3.866212983462355,3.797097425931924,2.9206812806552485,0.8032385554506616,2.4054138196595063,-4.952576741578284,-8.10574193769022,-5.9750733137829855,-1.7543859649122906,-8.977125593439794,5.264581351537874,3.4310532720346543,305.0,302.0,332.0,317.0,310.0,302.0,9.001333333333333,11.434684416973733,9.082658022690438,-0.4838709677419355,-7.476496045366362,-9.3234100135318,-0.7130699632715267,7.438615726045317,18.99494817873825,-13.948944857305168,-20.31446783851652,-9.699520924334228,0.0562,0.0625,0.0537,0.0523,0.0368,0.0433,3213.7900390625,3243.429931640625,3454.3701171875,3413.02001953125,3322.7099609375,3293.25,-0.9138440848984902,-6.10647320324261,1.2115398509127142,2.717963940742787,0.8945558623699992,-0.5970374286366767,0.8550721092096732,0.8973466666666666,0.9633751337216213,1.0210534846029173,1.008016129032258,0.9107446649753768,28.272251308900525,6.258692628650904,2.564102564102564,15.173116089613034,0.0026345755845098,-0.0786825786825786,0.0906608489611928,0.0448086957778645,0.3597122302158239,-1.534828807556077,-2.439024390243899,-5.263157894736853,-2.974504249291777,-6.490066225165571,0.0,0.0,333.0,-15.267175572519085,-8.78186968838527,-12.224725186799118,-4.226497842540851,-12.665932176062771,-12.312821781594977,-9.21740804517792
2013-06-19,69903.0,3.866212983462355,333.0,0.0,-8.78186968838527,-12.665932176062771,3414.0,4434.0,3979.0,4132.0,2704.0,4297.0,3636.0,3103.0,2391.0,2276.0,2365.0,3032.0,2798.0,1.0,0.0,0.0,0.5,5.0,0.6,0.5,0.0,0.0,1.0,0.0,0.0,0.0,0.0,0.0,0.0,0.0,20.0,32.0,84.0,79.0,100.0,82.0,341.0,333.0,336.0,333.0,341.0,337.0,67301.0,64839.0,62999.0,62497.0,61029.0,64209.0,3.797097425931924,2.9206812806552485,0.8032385554506616,2.4054138196595063,-4.952576741578284,-14.031517358647193,-5.9750733137829855,-1.7543859649122906,-8.977125593439794,5.264581351537874,3.4310532720346543,-22.011768847759395,302.0,332.0,317.0,310.0,302.0,307.0,11.434684416973733,9.082658022690438,-0.4838709677419355,-7.476496045366362,-9.3234100135318,27.21638836288518,7.438615726045317,18.99494817873825,-13.948944857305168,-20.31446783851652,-9.699520924334228,-2.9011774547205915,0.0625,0.0537,0.0523,0.0368,0.0433,0.0533,3243.429931640625,3454.3701171875,3413.02001953125,3322.7099609375,3293.25,3313.030029296875,-6.10647320324261,1.2115398509127142,2.717963940742787,0.8945558623699992,-0.5970374286366767,0.7453203757329928,0.8973466666666666,0.9633751337216213,1.0210534846029173,1.008016129032258,0.9107446649753768,0.8688633288227334,6.258692628650904,33.64312267657992,15.173116089613034,23.52201257861635,-0.0786825786825786,-0.0423945618010379,0.0448086957778645,0.0915078541227362,-1.534828807556077,-0.5868544600938966,-5.263157894736853,-2.8678304239401458,-6.490066225165571,-3.452685421994888,0.0,0.0,333.0,-15.267175572519085,-12.224725186799118,-4.226497842540851,2.1914870546847705,-12.312821781594977,-9.21740804517792,0.0288862736706964
2013-06-05,67301.0,3.797097425931924,333.0,0.0,-8.78186968838527,-12.665932176062771,3414.0,4434.0,3979.0,4132.0,2704.0,4297.0,3636.0,3103.0,2391.0,2276.0,2365.0,3032.0,2798.0,1.0,0.0,0.0,0.5,5.0,0.6,0.5,0.0,0.0,1.0,0.0,0.0,0.0,0.0,0.0,0.0,0.0,20.0,32.0,84.0,79.0,100.0,82.0,333.0,336.0,333.0,341.0,337.0,336.0,64839.0,62999.0,62497.0,61029.0,64209.0,74689.0,2.9206812806552485,0.8032385554506616,2.4054138196595063,-4.952576741578284,-14.031517358647193,-4.612967905901585,-1.7543859649122906,-8.977125593439794,5.264581351537874,3.4310532720346543,-22.011768847759395,173.8792238206758,332.0,317.0,310.0,302.0,307.0,326.0,9.082658022690438,-0.4838709677419355,-7.476496045366362,-9.3234100135318,27.21638836288518,-37.31317513246355,18.99494817873825,-13.948944857305168,-20.31446783851652,-9.699520924334228,-2.9011774547205915,133.6118319408403,0.0537,0.0523,0.0368,0.0433,0.0533,0.0516,3454.3701171875,3413.02001953125,3322.7099609375,3293.25,3313.030029296875,3288.52001953125,1.2115398509127142,2.717963940742787,0.8945558623699992,-0.5970374286366767,0.7453203757329928,-0.6156104829164862,0.9633751337216213,1.0210534846029173,1.008016129032258,0.9107446649753768,0.8688633288227334,1.2857462558099502,6.258692628650904,33.64312267657992,15.173116089613034,23.52201257861635,-0.0786825786825786,-0.0423945618010379,0.0448086957778645,0.0915078541227362,-1.534828807556077,-0.5868544600938966,-5.263157894736853,-2.8678304239401458,-6.490066225165571,-3.452685421994888,0.0,0.0,333.0,-15.267175572519085,-12.224725186799118,-4.226497842540851,2.1914870546847705,-12.312821781594977,-9.21740804517792,0.0288862736706964
2013-05-22,64839.0,2.9206812806552485,333.0,0.0,-12.224725186799118,-12.312821781594977,4434.0,3979.0,4132.0,2704.0,4297.0,3636.0,3103.0,2391.0,2276.0,2365.0,3032.0,2798.0,2725.0,1.0,0.0,0.0,0.5,5.0,0.6,0.5,0.0,0.0,1.0,0.0,0.0,0.0,0.0,0.0,0.0,0.0,32.0,84.0,25.0,100.0,82.0,76.0,336.0,333.0,341.0,337.0,336.0,333.0,62999.0,62497.0,61029.0,64209.0,74689.0,78301.0,0.8032385554506616,2.4054138196595063,-4.952576741578284,-14.031517358647193,-4.612967905901585,-10.111469538164828,-8.977125593439794,5.264581351537874,3.4310532720346543,-22.011768847759395,173.8792238206758,2.766642240326457,317.0,310.0,302.0,307.0,326.0,303.0,-0.4838709677419355,-7.476496045366362,-9.3234100135318,27.21638836288518,-37.31317513246355,-0.2518810346497885,-13.948944857305168,-20.31446783851652,-9.699520924334228,-2.9011774547205915,133.6118319408403,-5.417595123781523,0.0523,0.0368,0.0433,0.0533,0.0516,0.0621,3413.02001953125,3322.7099609375,3293.25,3313.030029296875,3288.52001953125,3308.889892578125,2.717963940742787,0.8945558623699992,-0.5970374286366767,0.7453203757329928,-0.6156104829164862,0.987626024846604,1.0210534846029173,1.008016129032258,0.9107446649753768,0.8688633288227334,1.2857462558099502,0.8449717806770479,33.64312267657992,-44.3064182194617,23.52201257861635,-38.657407407407405,-0.0423945618010379,-0.0184163139309183,0.0915078541227362,0.0521106627824922,-0.5868544600938966,1.067615658362996,-2.8678304239401458,3.4838709677419395,-3.452685421994888,4.127829560585897,0.0,0.0,333.0,-15.267175572519085,-4.226497842540851,2.1914870546847705,9.476641430794798,-9.21740804517792,0.0288862736706964,4.843413496051687
2013-05-08,62999.0,0.8032385554506616,333.0,0.0,-12.224725186799118,-12.312821781594977,4434.0,3979.0,4132.0,2704.0,4297.0,3636.0,3103.0,2391.0,2276.0,2365.0,3032.0,2798.0,2725.0,1.0,0.0,0.0,0.5,5.0,0.6,0.5,0.0,0.0,1.0,0.0,0.0,0.0,0.0,0.0,0.0,0.0,32.0,84.0,25.0,100.0,82.0,76.0,333.0,341.0,337.0,336.0,333.0,335.0,62497.0,61029.0,64209.0,74689.0,78301.0,87109.0,2.4054138196595063,-4.952576741578284,-14.031517358647193,-4.612967905901585,-10.111469538164828,-4.286342160202175,5.264581351537874,3.4310532720346543,-22.011768847759395,173.8792238206758,2.766642240326457,4.362848335012055,310.0,302.0,307.0,326.0,303.0,302.0,-7.476496045366362,-9.3234100135318,27.21638836288518,-37.31317513246355,-0.2518810346497885,-2.7224845813132847,-20.31446783851652,-9.699520924334228,-2.9011774547205915,133.6118319408403,-5.417595123781523,10.825323800035168,0.0368,0.0433,0.0533,0.0516,0.0621,0.0432,3322.7099609375,3293.25,3313.030029296875,3288.52001953125,3308.889892578125,3276.530029296875,0.8945558623699992,-0.5970374286366767,0.7453203757329928,-0.6156104829164862,0.987626024846604,1.4019444329850326,1.008016129032258,0.9107446649753768,0.8688633288227334,1.2857462558099502,0.8449717806770479,0.9376540618507874,33.64312267657992,-44.3064182194617,23.52201257861635,-38.657407407407405,-0.0423945618010379,-0.0184163139309183,0.0915078541227362,0.0521106627824922,-0.5868544600938966,1.067615658362996,-2.8678304239401458,3.4838709677419395,-3.452685421994888,4.127829560585897,0.0,0.0,333.0,-15.267175572519085,-4.226497842540851,2.1914870546847705,9.476641430794798,-9.21740804517792,0.0288862736706964,4.843413496051687
2013-04-24,62497.0,2.4054138196595063,333.0,-15.267175572519085,-4.226497842540851,-9.21740804517792,3979.0,4132.0,2704.0,4297.0,3636.0,3103.0,2391.0,2276.0,2365.0,3032.0,2798.0,2725.0,3275.0,1.0,0.0,0.0,0.5,5.0,0.6,0.5,0.0,0.0,1.0,0.0,0.0,0.0,0.0,0.0,0.0,0.0,84.0,25.0,23.0,82.0,76.0,82.0,341.0,337.0,336.0,333.0,335.0,409.0,61029.0,64209.0,74689.0,78301.0,87109.0,91010.0,-4.952576741578284,-14.031517358647193,-4.612967905901585,-10.111469538164828,-4.286342160202175,-1.1834961997828448,3.4310532720346543,-22.011768847759395,173.8792238206758,2.766642240326457,4.362848335012055,-11.676468644683808,302.0,307.0,326.0,303.0,302.0,351.0,-9.3234100135318,27.21638836288518,-37.31317513246355,-0.2518810346497885,-2.7224845813132847,-0.736929633094273,-9.699520924334228,-2.9011774547205915,133.6118319408403,-5.417595123781523,10.825323800035168,-0.5419167121294756,0.0433,0.0533,0.0516,0.0621,0.0432,0.0412,3293.25,3313.030029296875,3288.52001953125,3308.889892578125,3276.530029296875,3231.22998046875,-0.5970374286366767,0.7453203757329928,-0.6156104829164862,0.987626024846604,1.4019444329850326,0.3359841962567998,0.9107446649753768,0.8688633288227334,1.2857462558099502,0.8449717806770479,0.9376540618507874,0.9529743144050847,-44.3064182194617,21.81588902900378,-38.657407407407405,-3.066566940912491,-0.0184163139309183,0.0772327279535667,0.0521106627824922,0.2186906126238521,1.067615658362996,0.1187648456056939,3.4838709677419395,-0.1288659793814359,4.127829560585897,-0.1329787234042666,0.0,0.2567394094993435,393.0,0.0,2.1914870546847705,9.476641430794798,6.912403406847538,0.0288862736706964,4.843413496051687,2.8874783612233124
2013-04-10,61029.0,-4.952576741578284,333.0,-15.267175572519085,-4.226497842540851,-9.21740804517792,3979.0,4132.0,2704.0,4297.0,3636.0,3103.0,2391.0,2276.0,2365.0,3032.0,2798.0,2725.0,3275.0,1.0,0.0,0.0,0.5,5.0,0.6,0.5,0.0,0.0,1.0,0.0,0.0,0.0,0.0,0.0,0.0,0.0,84.0,25.0,23.0,82.0,76.0,82.0,337.0,336.0,333.0,335.0,409.0,410.0,64209.0,74689.0,78301.0,87109.0,91010.0,92100.0,-14.031517358647193,-4.612967905901585,-10.111469538164828,-4.286342160202175,-1.1834961997828448,12.469318223448814,-22.011768847759395,173.8792238206758,2.766642240326457,4.362848335012055,-11.676468644683808,7.153331052348601,307.0,326.0,303.0,302.0,351.0,363.0,27.21638836288518,-37.31317513246355,-0.2518810346497885,-2.7224845813132847,-0.736929633094273,2.8972952160939456,-2.9011774547205915,133.6118319408403,-5.417595123781523,10.825323800035168,-0.5419167121294756,-2.486254711435386,0.0533,0.0516,0.0621,0.0432,0.0412,0.0446,3313.030029296875,3288.52001953125,3308.889892578125,3276.530029296875,3231.22998046875,3220.409912109375,0.7453203757329928,-0.6156104829164862,0.987626024846604,1.4019444329850326,0.3359841962567998,1.9578430242682845,0.8688633288227334,1.2857462558099502,0.8449717806770479,0.9376540618507874,0.9529743144050847,0.9572809479264109,-44.3064182194617,21.81588902900378,-38.657407407407405,-3.066566940912491,-0.0184163139309183,0.0772327279535667,0.0521106627824922,0.2186906126238521,1.067615658362996,0.1187648456056939,3.4838709677419395,-0.1288659793814359,4.127829560585897,-0.1329787234042666,0.0,0.2567394094993435,393.0,0.0,2.1914870546847705,9.476641430794798,6.912403406847538,0.0288862736706964,4.843413496051687,2.8874783612233124
2013-03-27,64209.0,-14.031517358647193,333.0,-15.267175572519085,2.1914870546847705,0.0288862736706964,4132.0,2704.0,4297.0,3636.0,3103.0,2391.0,2276.0,2365.0,3032.0,2798.0,2725.0,3275.0,4030.0,1.0,0.0,0.0,0.5,5.0,0.6,0.5,0.0,0.0,1.0,0.0,0.0,0.0,0.0,0.0,0.0,0.0,25.0,23.0,17.0,76.0,82.0,82.0,336.0,333.0,335.0,409.0,410.0,395.0,74689.0,78301.0,87109.0,91010.0,92100.0,81889.0,-4.612967905901585,-10.111469538164828,-4.286342160202175,-1.1834961997828448,12.469318223448814,4.2866421303312405,173.8792238206758,2.766642240326457,4.362848335012055,-11.676468644683808,7.153331052348601,3.5269709543568473,326.0,303.0,302.0,351.0,363.0,360.0,-37.31317513246355,-0.2518810346497885,-2.7224845813132847,-0.736929633094273,2.8972952160939456,3.659645232815965,133.6118319408403,-5.417595123781523,10.825323800035168,-0.5419167121294756,-2.486254711435386,-5.735857561415376,0.0516,0.0621,0.0432,0.0412,0.0446,0.0513,3288.52001953125,3308.889892578125,3276.530029296875,3231.22998046875,3220.409912109375,3158.570068359375,-0.6156104829164862,0.987626024846604,1.4019444329850326,0.3359841962567998,1.9578430242682845,2.6870057928554147,1.2857462558099502,0.8449717806770479,0.9376540618507874,0.9529743144050847,0.9572809479264109,0.8758088148789852,21.81588902900378,-24.834123222748815,-3.066566940912491,14.273504273504273,0.0772327279535667,0.0564937022694076,0.2186906126238521,0.2665464238051774,0.1187648456056939,0.8383233532934166,-0.1288659793814359,2.9177718832891095,-0.1329787234042666,3.724137931034486,0.2567394094993435,0.0,393.0,0.0,9.476641430794798,6.912403406847538,3.4273546655776914,4.843413496051687,2.8874783612233124,0.5605394176424849
2013-03-13,74689.0,-4.612967905901585,333.0,-15.267175572519085,2.1914870546847705,0.0288862736706964,4132.0,2704.0,4297.0,3636.0,3103.0,2391.0,2276.0,2365.0,3032.0,2798.0,2725.0,3275.0,4030.0,1.0,0.0,0.0,0.5,0.0,0.0,0.0,0.0,1.0,0.0,0.0,0.0,0.0,0.0,0.0,0.0,0.0,25.0,23.0,17.0,76.0,82.0,82.0,333.0,335.0,409.0,410.0,395.0,395.0,78301.0,87109.0,91010.0,92100.0,81889.0,78523.0,-10.111469538164828,-4.286342160202175,-1.1834961997828448,12.469318223448814,4.2866421303312405,1.5939760127311071,2.766642240326457,4.362848335012055,-11.676468644683808,7.153331052348601,3.5269709543568473,-10.51476793248944,303.0,302.0,351.0,363.0,360.0,350.0,-0.2518810346497885,-2.7224845813132847,-0.736929633094273,2.8972952160939456,3.659645232815965,-3.0149240892864824,-5.417595123781523,10.825323800035168,-0.5419167121294756,-2.486254711435386,-5.735857561415376,1.5212672337929,0.0621,0.0432,0.0412,0.0446,0.0513,0.0645,3308.889892578125,3276.530029296875,3231.22998046875,3220.409912109375,3158.570068359375,3075.919921875,0.987626024846604,1.4019444329850326,0.3359841962567998,1.9578430242682845,2.6870057928554147,3.9056808816607864,0.8449717806770479,0.9376540618507874,0.9529743144050847,0.9572809479264109,0.8758088148789852,0.8705432372505543,21.81588902900378,-24.834123222748815,-3.066566940912491,14.273504273504273,0.0772327279535667,0.0564937022694076,0.2186906126238521,0.2665464238051774,0.1187648456056939,0.8383233532934166,-0.1288659793814359,2.9177718832891095,-0.1329787234042666,3.724137931034486,0.2567394094993435,0.0,393.0,0.0,9.476641430794798,6.912403406847538,3.4273546655776914,4.843413496051687,2.8874783612233124,0.5605394176424849
2013-02-20,78301.0,-10.111469538164828,333.0,-15.267175572519085,9.476641430794798,4.843413496051687,2704.0,4297.0,3636.0,3103.0,2391.0,2276.0,2365.0,3032.0,2798.0,2725.0,3275.0,4030.0,2182.0,1.0,0.0,0.0,0.5,0.0,0.0,0.0,0.0,1.0,0.0,0.0,0.0,0.0,0.0,0.0,0.0,0.0,23.0,17.0,19.0,82.0,82.0,70.0,335.0,409.0,410.0,395.0,395.0,396.0,87109.0,91010.0,92100.0,81889.0,78523.0,77291.0,-4.286342160202175,-1.1834961997828448,12.469318223448814,4.2866421303312405,1.5939760127311071,0.1165788007927358,4.362848335012055,-11.676468644683808,7.153331052348601,3.5269709543568473,-10.51476793248944,-13.263065436978485,302.0,351.0,363.0,360.0,350.0,351.0,-2.7224845813132847,-0.736929633094273,2.8972952160939456,3.659645232815965,-3.0149240892864824,0.6536796536796537,10.825323800035168,-0.5419167121294756,-2.486254711435386,-5.735857561415376,1.5212672337929,-15.25086638524684,0.0432,0.0412,0.0446,0.0513,0.0645,0.0806,3276.530029296875,3231.22998046875,3220.409912109375,3158.570068359375,3075.919921875,2960.300048828125,1.4019444329850326,0.3359841962567998,1.9578430242682845,2.6870057928554147,3.9056808816607864,-2.726342722487199,0.9376540618507874,0.9529743144050847,0.9572809479264109,0.8758088148789852,0.8705432372505543,0.8310502774074233,-24.834123222748815,9.100310237849015,14.273504273504273,-8.307210031347962,0.0564937022694076,0.1492134778759505,0.2665464238051774,0.2022270481409686,0.8383233532934166,0.1199040767386022,2.9177718832891095,0.2659574468085144,3.724137931034486,0.1381215469613181,0.0,0.0,393.0,0.0,6.912403406847538,3.4273546655776914,2.985971341884707,2.8874783612233124,0.5605394176424849,-1.3328600382452966
2013-02-06,87109.0,-4.286342160202175,333.0,-15.267175572519085,9.476641430794798,4.843413496051687,2704.0,4297.0,3636.0,3103.0,2391.0,2276.0,2365.0,3032.0,2798.0,2725.0,3275.0,4030.0,2182.0,1.0,0.0,0.0,1.0,0.0,0.0,0.0,0.0,1.0,0.0,0.0,0.0,0.0,0.0,0.0,0.0,0.0,23.0,17.0,19.0,82.0,82.0,70.0,409.0,410.0,395.0,395.0,396.0,395.0,91010.0,92100.0,81889.0,78523.0,77291.0,77201.0,-1.1834961997828448,12.469318223448814,4.2866421303312405,1.5939760127311071,0.1165788007927358,8.732271376459487,-11.676468644683808,7.153331052348601,3.5269709543568473,-10.51476793248944,-13.263065436978485,21.38618785904354,351.0,363.0,360.0,350.0,351.0,350.0,-0.736929633094273,2.8972952160939456,3.659645232815965,-3.0149240892864824,0.6536796536796537,7.69105255183506,-0.5419167121294756,-2.486254711435386,-5.735857561415376,1.5212672337929,-15.25086638524684,7.020634920634933,0.0412,0.0446,0.0513,0.0645,0.0806,0.0642,3231.22998046875,3220.409912109375,3158.570068359375,3075.919921875,2960.300048828125,3043.27001953125,0.3359841962567998,1.9578430242682845,2.6870057928554147,3.9056808816607864,-2.726342722487199,-0.0787971909402629,0.9529743144050847,0.9572809479264109,0.8758088148789852,0.8705432372505543,0.8310502774074233,0.835508658008658,-24.834123222748815,9.100310237849015,14.273504273504273,-8.307210031347962,0.0564937022694076,0.1492134778759505,0.2665464238051774,0.2022270481409686,0.8383233532934166,0.1199040767386022,2.9177718832891095,0.2659574468085144,3.724137931034486,0.1381215469613181,0.0,0.0,393.0,0.0,6.912403406847538,3.4273546655776914,2.985971341884707,2.8874783612233124,0.5605394176424849,-1.3328600382452966
2013-01-23,91010.0,-1.1834961997828448,393.0,0.0,6.912403406847538,2.8874783612233124,4297.0,3636.0,3103.0,2391.0,2276.0,2365.0,3032.0,2798.0,2725.0,3275.0,4030.0,2182.0,3681.0,1.0,0.0,0.0,1.0,0.0,0.0,0.0,0.0,1.0,0.0,0.0,0.0,0.0,0.0,0.0,0.0,0.0,17.0,19.0,15.0,82.0,70.0,75.0,410.0,395.0,395.0,396.0,395.0,393.0,92100.0,81889.0,78523.0,77291.0,77201.0,71001.0,12.469318223448814,4.2866421303312405,1.5939760127311071,0.1165788007927358,8.732271376459487,2.9000000000000004,7.153331052348601,3.5269709543568473,-10.51476793248944,-13.263065436978485,21.38618785904354,2.640577698659342,363.0,360.0,350.0,351.0,350.0,353.0,2.8972952160939456,3.659645232815965,-3.0149240892864824,0.6536796536796537,7.69105255183506,7.249909376132798,-2.486254711435386,-5.735857561415376,1.5212672337929,-15.25086638524684,7.020634920634933,29.326271708338464,0.0446,0.0513,0.0645,0.0806,0.0642,0.0895,3220.409912109375,3158.570068359375,3075.919921875,2960.300048828125,3043.27001953125,3045.669921875,1.9578430242682845,2.6870057928554147,3.9056808816607864,-2.726342722487199,-0.0787971909402629,-1.02270198306644,0.9572809479264109,0.8758088148789852,0.8705432372505543,0.8310502774074233,0.835508658008658,0.8275078379039872,9.100310237849015,-0.8205128205128205,-8.307210031347962,3.571428571428571,0.1492134778759505,0.1168100867564362,0.2022270481409686,0.2381369798971482,0.1199040767386022,-0.2392344497607519,0.2659574468085144,-1.955671447196871,0.1381215469613181,-2.4258760107816673,0.0,0.0,393.0,-36.51050080775444,3.4273546655776914,2.985971341884707,3.361122754723425,0.5605394176424849,-1.3328600382452966,0.0549935268036158
2013-01-09,92100.0,12.469318223448814,393.0,0.0,6.912403406847538,2.8874783612233124,4297.0,3636.0,3103.0,2391.0,2276.0,2365.0,3032.0,2798.0,2725.0,3275.0,4030.0,2182.0,3681.0,1.0,0.0,0.0,1.0,0.0,0.0,0.0,0.0,1.0,0.0,0.0,0.0,0.0,0.0,0.0,0.0,0.0,17.0,19.0,15.0,82.0,70.0,75.0,395.0,395.0,396.0,395.0,393.0,401.0,81889.0,78523.0,77291.0,77201.0,71001.0,69000.0,4.2866421303312405,1.5939760127311071,0.1165788007927358,8.732271376459487,2.9000000000000004,9.523809523809524,3.5269709543568473,-10.51476793248944,-13.263065436978485,21.38618785904354,2.640577698659342,4.374865305871131,360.0,350.0,351.0,350.0,353.0,350.0,3.659645232815965,-3.0149240892864824,0.6536796536796537,7.69105255183506,7.249909376132798,-9.603389830508474,-5.735857561415376,1.5212672337929,-15.25086638524684,7.020634920634933,29.326271708338464,-20.61513247746518,0.0513,0.0645,0.0806,0.0642,0.0895,0.1039,3158.570068359375,3075.919921875,2960.300048828125,3043.27001953125,3045.669921875,3077.139892578125,2.6870057928554147,3.9056808816607864,-2.726342722487199,-0.0787971909402629,-1.02270198306644,0.0490959518264329,0.8758088148789852,0.8705432372505543,0.8310502774074233,0.835508658008658,0.8275078379039872,0.8624892188847639,9.100310237849015,-0.8205128205128205,-8.307210031347962,3.571428571428571,0.1492134778759505,0.1168100867564362,0.2022270481409686,0.2381369798971482,0.1199040767386022,-0.2392344497607519,0.2659574468085144,-1.955671447196871,0.1381215469613181,-2.4258760107816673,0.0,0.0,393.0,-36.51050080775444,3.4273546655776914,2.985971341884707,3.361122754723425,0.5605394176424849,-1.3328600382452966,0.0549935268036158
2012-12-19,81889.0,4.2866421303312405,393.0,0.0,3.4273546655776914,0.5605394176424849,3636.0,3103.0,2391.0,2276.0,2365.0,3032.0,2798.0,2725.0,3275.0,4030.0,2182.0,3681.0,3043.0,1.0,0.0,0.0,1.0,0.0,0.0,0.0,0.0,1.0,0.0,0.0,0.0,0.0,0.0,0.0,0.0,0.0,19.0,15.0,17.0,70.0,75.0,76.0,395.0,396.0,395.0,393.0,401.0,402.0,78523.0,77291.0,77201.0,71001.0,69000.0,63000.0,1.5939760127311071,0.1165788007927358,8.732271376459487,2.9000000000000004,9.523809523809524,-7.352941176470589,-10.51476793248944,-13.263065436978485,21.38618785904354,2.640577698659342,4.374865305871131,-6.877773295683751,350.0,351.0,350.0,353.0,350.0,351.0,-3.0149240892864824,0.6536796536796537,7.69105255183506,7.249909376132798,-9.603389830508474,10.36151189036176,1.5212672337929,-15.25086638524684,7.020634920634933,29.326271708338464,-20.61513247746518,13.51075406869399,0.0645,0.0806,0.0642,0.0895,0.1039,0.0654,3075.919921875,2960.300048828125,3043.27001953125,3045.669921875,3077.139892578125,3075.6298828125,3.9056808816607864,-2.726342722487199,-0.0787971909402629,-1.02270198306644,0.0490959518264329,2.661303216652055,0.8705432372505543,0.8310502774074233,0.835508658008658,0.8275078379039872,0.8624892188847639,0.711864406779661,-0.8205128205128205,7.6158940397351,3.571428571428571,24.318869828456105,0.1168100867564362,0.1457845915092232,0.2381369798971482,0.2644010693228842,-0.2392344497607519,0.601684717208183,-1.955671447196871,2.1304926764314365,-2.4258760107816673,2.7700831024930745,0.0,0.0,393.0,-36.51050080775444,2.985971341884707,3.361122754723425,5.396383866481224,-1.3328600382452966,0.0549935268036158,1.0102997338271034
2012-12-05,78523.0,1.5939760127311071,393.0,0.0,3.4273546655776914,0.5605394176424849,3636.0,3103.0,2391.0,2276.0,2365.0,3032.0,2798.0,2725.0,3275.0,4030.0,2182.0,3681.0,3043.0,1.0,0.0,0.0,1.0,0.0,0.0,0.0,0.0,1.0,0.0,0.0,0.0,0.0,0.0,0.0,0.0,0.0,19.0,15.0,17.0,70.0,75.0,76.0,396.0,395.0,393.0,401.0,402.0,399.0,77291.0,77201.0,71001.0,69000.0,63000.0,68000.0,0.1165788007927358,8.732271376459487,2.9000000000000004,9.523809523809524,-7.352941176470589,1.660960696078578,-13.263065436978485,21.38618785904354,2.640577698659342,4.374865305871131,-6.877773295683751,-2.0191989407480904,351.0,350.0,353.0,350.0,351.0,355.0,0.6536796536796537,7.69105255183506,7.249909376132798,-9.603389830508474,10.36151189036176,-8.87593463784914,-15.25086638524684,7.020634920634933,29.326271708338464,-20.61513247746518,13.51075406869399,-13.39298951604363,0.0806,0.0642,0.0895,0.1039,0.0654,0.0746,2960.300048828125,3043.27001953125,3045.669921875,3077.139892578125,3075.6298828125,2995.89990234375,-2.726342722487199,-0.0787971909402629,-1.02270198306644,0.0490959518264329,2.661303216652055,-1.978497777598848,0.8310502774074233,0.835508658008658,0.8275078379039872,0.8624892188847639,0.711864406779661,0.8479754585926101,-0.8205128205128205,7.6158940397351,3.571428571428571,24.318869828456105,0.1168100867564362,0.1457845915092232,0.2381369798971482,0.2644010693228842,-0.2392344497607519,0.601684717208183,-1.955671447196871,2.1304926764314365,-2.4258760107816673,2.7700831024930745,0.0,0.0,393.0,-36.51050080775444,2.985971341884707,3.361122754723425,5.396383866481224,-1.3328600382452966,0.0549935268036158,1.0102997338271034
2012-11-21,77291.0,0.1165788007927358,393.0,0.0,2.985971341884707,-1.3328600382452966,3103.0,2391.0,2276.0,2365.0,3032.0,2798.0,2725.0,3275.0,4030.0,2182.0,3681.0,3043.0,3442.0,1.0,0.0,0.0,1.0,0.0,0.0,0.0,0.0,1.0,0.0,0.0,0.0,0.0,0.0,0.0,0.0,0.0,15.0,17.0,23.0,75.0,76.0,74.0,395.0,393.0,401.0,402.0,399.0,400.0,77201.0,71001.0,69000.0,63000.0,68000.0,66889.0,8.732271376459487,2.9000000000000004,9.523809523809524,-7.352941176470589,1.660960696078578,-8.99579597556496,21.38618785904354,2.640577698659342,4.374865305871131,-6.877773295683751,-2.0191989407480904,-22.95234806629834,350.0,353.0,350.0,351.0,355.0,351.0,7.69105255183506,7.249909376132798,-9.603389830508474,10.36151189036176,-8.87593463784914,-6.87816130875537,7.020634920634933,29.326271708338464,-20.61513247746518,13.51075406869399,-13.39298951604363,8.483503166529745,0.0642,0.0895,0.1039,0.0654,0.0746,0.0822,3043.27001953125,3045.669921875,3077.139892578125,3075.6298828125,2995.89990234375,3056.3701171875,-0.0787971909402629,-1.02270198306644,0.0490959518264329,2.661303216652055,-1.978497777598848,0.1349862294209189,0.835508658008658,0.8275078379039872,0.8624892188847639,0.711864406779661,0.8479754585926101,0.7600849980682257,7.6158940397351,-3.719447396386822,24.318869828456105,-25.823353293413177,0.1457845915092232,0.1103418242593121,0.2644010693228842,0.1602887398077268,0.601684717208183,0.6053268765133173,2.1304926764314365,1.899592944369052,2.7700831024930745,2.411347517730501,0.0,0.0,393.0,-36.51050080775444,3.361122754723425,5.396383866481224,1.4879024892475798,0.0549935268036158,1.0102997338271034,-0.3666635919195646
2012-11-07,77201.0,8.732271376459487,393.0,0.0,2.985971341884707,-1.3328600382452966,3103.0,2391.0,2276.0,2365.0,3032.0,2798.0,2725.0,3275.0,4030.0,2182.0,3681.0,3043.0,3442.0,1.0,0.0,0.0,1.0,0.0,0.0,0.0,0.0,1.0,0.0,0.0,0.0,0.0,0.0,0.0,0.0,0.0,15.0,17.0,23.0,75.0,76.0,74.0,393.0,401.0,402.0,399.0,400.0,421.0,71001.0,69000.0,63000.0,68000.0,66889.0,73501.0,2.9000000000000004,9.523809523809524,-7.352941176470589,1.660960696078578,-8.99579597556496,7.056921463528315,2.640577698659342,4.374865305871131,-6.877773295683751,-2.0191989407480904,-22.95234806629834,27.6100237008221,353.0,350.0,351.0,355.0,351.0,350.0,7.249909376132798,-9.603389830508474,10.36151189036176,-8.87593463784914,-6.87816130875537,4.420945624910222,29.326271708338464,-20.61513247746518,13.51075406869399,-13.39298951604363,8.483503166529745,-10.165495706479309,0.0895,0.1039,0.0654,0.0746,0.0822,0.0636,3045.669921875,3077.139892578125,3075.6298828125,2995.89990234375,3056.3701171875,3052.25,-1.02270198306644,0.0490959518264329,2.661303216652055,-1.978497777598848,0.1349862294209189,1.1613391018904249,0.8275078379039872,0.8624892188847639,0.711864406779661,0.8479754585926101,0.7600849980682257,0.7777718990074284,7.6158940397351,-3.719447396386822,24.318869828456105,-25.823353293413177,0.1457845915092232,0.1103418242593121,0.2644010693228842,0.1602887398077268,0.601684717208183,0.6053268765133173,2.1304926764314365,1.899592944369052,2.7700831024930745,2.411347517730501,0.0,0.0,393.0,-36.51050080775444,3.361122754723425,5.396383866481224,1.4879024892475798,0.0549935268036158,1.0102997338271034,-0.3666635919195646
2012-10-17,71001.0,2.9000000000000004,393.0,-36.51050080775444,3.361122754723425,0.0549935268036158,2391.0,2276.0,2365.0,3032.0,2798.0,2725.0,3275.0,4030.0,2182.0,3681.0,3043.0,3442.0,3382.0,1.0,0.0,0.0,1.0,0.0,0.0,0.0,0.0,1.0,0.0,0.0,0.0,0.0,0.0,0.0,0.0,0.0,17.0,23.0,20.0,76.0,74.0,78.0,401.0,402.0,399.0,400.0,421.0,676.0,69000.0,63000.0,68000.0,66889.0,73501.0,68656.0,9.523809523809524,-7.352941176470589,1.660960696078578,-8.99579597556496,7.056921463528315,15.541643526699314,4.374865305871131,-6.877773295683751,-2.0191989407480904,-22.95234806629834,27.6100237008221,-0.9366008902882614,350.0,351.0,355.0,351.0,350.0,353.0,-9.603389830508474,10.36151189036176,-8.87593463784914,-6.87816130875537,4.420945624910222,9.979462625624326,-20.61513247746518,13.51075406869399,-13.39298951604363,8.483503166529745,-10.165495706479309,21.30200522135199,0.1039,0.0654,0.0746,0.0822,0.0636,0.0419,3077.139892578125,3075.6298828125,2995.89990234375,3056.3701171875,3052.25,3017.2099609375,0.0490959518264329,2.661303216652055,-1.978497777598848,0.1349862294209189,1.1613391018904249,2.4404695197442456,0.8624892188847639,0.711864406779661,0.8479754585926101,0.7600849980682257,0.7777718990074284,0.7586214516966663,-3.719447396386822,-19.846678023850085,-25.823353293413177,-0.7429420505200593,0.1103418242593121,0.1089892571940273,0.1602887398077268,0.2920846530483117,0.6053268765133173,0.2427184466019279,1.899592944369052,-0.1355013550135424,2.411347517730501,-0.2828854314002869,0.0,0.0,619.0,0.0,5.396383866481224,1.4879024892475798,1.3907362820534406,1.0102997338271034,-0.3666635919195646,1.3817127627241486
2012-10-03,69000.0,9.523809523809524,393.0,-36.51050080775444,3.361122754723425,0.0549935268036158,2391.0,2276.0,2365.0,3032.0,2798.0,2725.0,3275.0,4030.0,2182.0,3681.0,3043.0,3442.0,3382.0,1.0,0.0,0.0,1.0,0.0,0.0,0.0,0.0,1.0,0.0,0.0,0.0,0.0,0.0,0.0,0.0,0.0,17.0,23.0,20.0,76.0,74.0,78.0,402.0,399.0,400.0,421.0,676.0,641.0,63000.0,68000.0,66889.0,73501.0,68656.0,59421.0,-7.352941176470589,1.660960696078578,-8.99579597556496,7.056921463528315,15.541643526699314,0.7067317470002034,-6.877773295683751,-2.0191989407480904,-22.95234806629834,27.6100237008221,-0.9366008902882614,-6.400325578240521,351.0,355.0,351.0,350.0,353.0,358.0,10.36151189036176,-8.87593463784914,-6.87816130875537,4.420945624910222,9.979462625624326,-3.642857142857143,13.51075406869399,-13.39298951604363,8.483503166529745,-10.165495706479309,21.30200522135199,-6.192684726467789,0.0654,0.0746,0.0822,0.0636,0.0419,0.0522,3075.6298828125,2995.89990234375,3056.3701171875,3052.25,3017.2099609375,2945.330078125,2.661303216652055,-1.978497777598848,0.1349862294209189,1.1613391018904249,2.4404695197442456,3.1393625556933418,0.711864406779661,0.8479754585926101,0.7600849980682257,0.7777718990074284,0.7586214516966663,0.7221013744242851,-3.719447396386822,-19.846678023850085,-25.823353293413177,-0.7429420505200593,0.1103418242593121,0.1089892571940273,0.1602887398077268,0.2920846530483117,0.6053268765133173,0.2427184466019279,1.899592944369052,-0.1355013550135424,2.411347517730501,-0.2828854314002869,0.0,0.0,619.0,0.0,5.396383866481224,1.4879024892475798,1.3907362820534406,1.0102997338271034,-0.3666635919195646,1.3817127627241486
2012-09-19,63000.0,-7.352941176470589,393.0,-36.51050080775444,5.396383866481224,1.0102997338271034,2276.0,2365.0,3032.0,2798.0,2725.0,3275.0,4030.0,2182.0,3681.0,3043.0,3442.0,3382.0,3120.0,1.0,0.0,0.0,1.0,0.0,0.0,0.0,0.0,1.0,0.0,0.0,0.0,0.0,0.0,0.0,0.0,0.0,23.0,20.0,18.0,74.0,78.0,70.0,399.0,400.0,421.0,676.0,641.0,633.0,68000.0,66889.0,73501.0,68656.0,59421.0,59004.0,1.660960696078578,-8.99579597556496,7.056921463528315,15.541643526699314,0.7067317470002034,0.0016948290764876,-2.0191989407480904,-22.95234806629834,27.6100237008221,-0.9366008902882614,-6.400325578240521,-3.299912514240037,355.0,351.0,350.0,353.0,358.0,349.0,-8.87593463784914,-6.87816130875537,4.420945624910222,9.979462625624326,-3.642857142857143,2.891566265060241,-13.39298951604363,8.483503166529745,-10.165495706479309,21.30200522135199,-6.192684726467789,-2.3741301678264417,0.0746,0.0822,0.0636,0.0419,0.0522,0.0483,2995.89990234375,3056.3701171875,3052.25,3017.2099609375,2945.330078125,2855.679931640625,-1.978497777598848,0.1349862294209189,1.1613391018904249,2.4404695197442456,3.1393625556933418,3.4355556420205935,0.8479754585926101,0.7600849980682257,0.7777718990074284,0.7586214516966663,0.7221013744242851,0.6909133489461359,-19.846678023850085,22.93193717277487,-0.7429420505200593,3.6181678214010775,0.1089892571940273,0.1950876861596944,0.2920846530483117,0.3081135333795811,0.2427184466019279,0.0,-0.1355013550135424,-0.4048582995951378,-0.2828854314002869,-0.5625879043600444,0.0,0.0,619.0,0.0,1.4879024892475798,1.3907362820534406,3.1200083339120774,-0.3666635919195646,1.3817127627241486,5.160544819786596
2012-09-05,68000.0,1.660960696078578,393.0,-36.51050080775444,5.396383866481224,1.0102997338271034,2276.0,2365.0,3032.0,2798.0,2725.0,3275.0,4030.0,2182.0,3681.0,3043.0,3442.0,3382.0,3120.0,1.0,0.0,0.0,1.0,0.0,0.0,0.0,0.0,1.0,0.0,0.0,0.0,0.0,0.0,0.0,0.0,0.0,23.0,20.0,18.0,74.0,78.0,70.0,400.0,421.0,676.0,641.0,633.0,668.0,66889.0,73501.0,68656.0,59421.0,59004.0,59003.0,-8.99579597556496,7.056921463528315,15.541643526699314,0.7067317470002034,0.0016948290764876,1.7275564214410095,-22.95234806629834,27.6100237008221,-0.9366008902882614,-6.400325578240521,-3.299912514240037,0.1996007984031914,351.0,350.0,353.0,358.0,349.0,350.0,-6.87816130875537,4.420945624910222,9.979462625624326,-3.642857142857143,2.891566265060241,-2.600450619601953,8.483503166529745,-10.165495706479309,21.30200522135199,-6.192684726467789,-2.3741301678264417,1.369294605809129,0.0822,0.0636,0.0419,0.0522,0.0483,0.0481,3056.3701171875,3052.25,3017.2099609375,2945.330078125,2855.679931640625,2760.830078125,0.1349862294209189,1.1613391018904249,2.4404695197442456,3.1393625556933418,3.4355556420205935,-0.7045642133361432,0.7600849980682257,0.7777718990074284,0.7586214516966663,0.7221013744242851,0.6909133489461359,0.7108795180722891,-19.846678023850085,22.93193717277487,-0.7429420505200593,3.6181678214010775,0.1089892571940273,0.1950876861596944,0.2920846530483117,0.3081135333795811,0.2427184466019279,0.0,-0.1355013550135424,-0.4048582995951378,-0.2828854314002869,-0.5625879043600444,0.0,0.0,619.0,0.0,1.4879024892475798,1.3907362820534406,3.1200083339120774,-0.3666635919195646,1.3817127627241486,5.160544819786596
2012-08-23,66889.0,-8.99579597556496,393.0,-36.51050080775444,1.4879024892475798,-0.3666635919195646,2365.0,3032.0,2798.0,2725.0,3275.0,4030.0,2182.0,3681.0,3043.0,3442.0,3382.0,3120.0,3987.0,1.0,0.0,0.0,1.0,0.0,0.0,0.0,0.0,1.0,0.0,0.0,0.0,0.0,0.0,0.0,0.0,0.0,20.0,18.0,24.0,78.0,70.0,68.0,421.0,676.0,641.0,633.0,668.0,630.0,73501.0,68656.0,59421.0,59004.0,59003.0,58001.0,7.056921463528315,15.541643526699314,0.7067317470002034,0.0016948290764876,1.7275564214410095,-7.346645367412141,27.6100237008221,-0.9366008902882614,-6.400325578240521,-3.299912514240037,0.1996007984031914,16.970802919708035,350.0,353.0,358.0,349.0,350.0,349.0,4.420945624910222,9.979462625624326,-3.642857142857143,2.891566265060241,-2.600450619601953,-7.424225964149919,-10.165495706479309,21.30200522135199,-6.192684726467789,-2.3741301678264417,1.369294605809129,-10.292579059435877,0.0636,0.0419,0.0522,0.0483,0.0481,0.0627,3052.25,3017.2099609375,2945.330078125,2855.679931640625,2760.830078125,2780.419921875,1.1613391018904249,2.4404695197442456,3.1393625556933418,3.4355556420205935,-0.7045642133361432,-4.153524028147486,0.7777718990074284,0.7586214516966663,0.7221013744242851,0.6909133489461359,0.7108795180722891,0.6806350920015021,22.93193717277487,-2.151639344262295,3.6181678214010775,4.5893719806763285,0.1950876861596944,0.107546578896052,0.3081135333795811,0.2611932015775181,0.0,0.2433090024330934,-0.4048582995951378,0.953678474114426,-0.5625879043600444,1.28205128205127,0.0,0.0,619.0,0.0,1.3907362820534406,3.1200083339120774,8.714773778289512,1.3817127627241486,5.160544819786596,9.17289600472401
2012-08-08,73501.0,7.056921463528315,393.0,-36.51050080775444,1.4879024892475798,-0.3666635919195646,2365.0,3032.0,2798.0,2725.0,3275.0,4030.0,2182.0,3681.0,3043.0,3442.0,3382.0,3120.0,3987.0,1.0,0.0,0.0,1.5,0.0,0.0,0.0,0.0,1.0,0.0,0.0,0.0,0.0,0.0,0.0,0.0,0.0,20.0,18.0,24.0,78.0,70.0,68.0,676.0,641.0,633.0,668.0,630.0,641.0,68656.0,59421.0,59004.0,59003.0,58001.0,62600.0,15.541643526699314,0.7067317470002034,0.0016948290764876,1.7275564214410095,-7.346645367412141,-2.493730627248797,-0.9366008902882614,-6.400325578240521,-3.299912514240037,0.1996007984031914,16.970802919708035,-20.216464444927944,353.0,358.0,349.0,350.0,349.0,354.0,9.979462625624326,-3.642857142857143,2.891566265060241,-2.600450619601953,-7.424225964149919,1.153846153846154,21.30200522135199,-6.192684726467789,-2.3741301678264417,1.369294605809129,-10.292579059435877,-4.564429860212148,0.0419,0.0522,0.0483,0.0481,0.0627,0.0548,3017.2099609375,2945.330078125,2855.679931640625,2760.830078125,2780.419921875,2900.909912109375,2.4404695197442456,3.1393625556933418,3.4355556420205935,-0.7045642133361432,-4.153524028147486,-3.3216965860116887,0.7586214516966663,0.7221013744242851,0.6909133489461359,0.7108795180722891,0.6806350920015021,0.6800651819663226,22.93193717277487,-2.151639344262295,3.6181678214010775,4.5893719806763285,0.1950876861596944,0.107546578896052,0.3081135333795811,0.2611932015775181,0.0,0.2433090024330934,-0.4048582995951378,0.953678474114426,-0.5625879043600444,1.28205128205127,0.0,0.0,619.0,0.0,1.3907362820534406,3.1200083339120774,8.714773778289512,1.3817127627241486,5.160544819786596,9.17289600472401
2012-07-18,68656.0,15.541643526699314,619.0,0.0,1.3907362820534406,1.3817127627241486,3032.0,2798.0,2725.0,3275.0,4030.0,2182.0,3681.0,3043.0,3442.0,3382.0,3120.0,3987.0,3426.0,1.0,0.0,0.0,1.5,0.0,0.0,0.0,0.0,1.0,0.0,0.0,0.0,0.0,0.0,0.0,0.0,0.0,18.0,24.0,24.0,70.0,68.0,79.0,641.0,633.0,668.0,630.0,641.0,629.0,59421.0,59004.0,59003.0,58001.0,62600.0,64201.0,0.7067317470002034,0.0016948290764876,1.7275564214410095,-7.346645367412141,-2.493730627248797,9.74342318934719,-6.400325578240521,-3.299912514240037,0.1996007984031914,16.970802919708035,-20.216464444927944,6.651927662957065,358.0,349.0,350.0,349.0,354.0,349.0,-3.642857142857143,2.891566265060241,-2.600450619601953,-7.424225964149919,1.153846153846154,8.72162485065711,-6.192684726467789,-2.3741301678264417,1.369294605809129,-10.292579059435877,-4.564429860212148,17.565122473556524,0.0522,0.0483,0.0481,0.0627,0.0548,0.0329,2945.330078125,2855.679931640625,2760.830078125,2780.419921875,2900.909912109375,3000.580078125,3.1393625556933418,3.4355556420205935,-0.7045642133361432,-4.153524028147486,-3.3216965860116887,0.520597340710398,0.7221013744242851,0.6909133489461359,0.7108795180722891,0.6806350920015021,0.6800651819663226,0.7055054945054945,-2.151639344262295,-12.387791741472173,4.5893719806763285,-18.98238747553816,0.107546578896052,0.1177305803703484,0.2611932015775181,0.2139247592883016,0.2433090024330934,0.4889975550122318,0.953678474114426,0.6858710562414266,1.28205128205127,0.8620689655172536,0.0,0.0,619.0,12.956204379562044,3.1200083339120774,8.714773778289512,3.4705675559548457,5.160544819786596,9.17289600472401,4.42722201978866
2012-07-04,59421.0,0.7067317470002034,619.0,0.0,1.3907362820534406,1.3817127627241486,3032.0,2798.0,2725.0,3275.0,4030.0,2182.0,3681.0,3043.0,3442.0,3382.0,3120.0,3987.0,3426.0,1.0,0.0,0.0,1.5,0.0,0.0,0.0,0.0,1.0,0.0,0.0,0.0,0.0,0.0,0.0,0.0,0.0,18.0,24.0,24.0,70.0,68.0,79.0,633.0,668.0,630.0,641.0,629.0,637.0,59004.0,59003.0,58001.0,62600.0,64201.0,58501.0,0.0016948290764876,1.7275564214410095,-7.346645367412141,-2.493730627248797,9.74342318934719,3.539760358223748,-3.299912514240037,0.1996007984031914,16.970802919708035,-20.216464444927944,6.651927662957065,-10.169359359344622,349.0,350.0,349.0,354.0,349.0,352.0,2.891566265060241,-2.600450619601953,-7.424225964149919,1.153846153846154,8.72162485065711,2.069436484031072,-2.3741301678264417,1.369294605809129,-10.292579059435877,-4.564429860212148,17.565122473556524,-8.695652173913054,0.0483,0.0481,0.0627,0.0548,0.0329,0.0409,2855.679931640625,2760.830078125,2780.419921875,2900.909912109375,3000.580078125,2985.0400390625,3.4355556420205935,-0.7045642133361432,-4.153524028147486,-3.3216965860116887,0.520597340710398,-0.685042555230825,0.6909133489461359,0.7108795180722891,0.6806350920015021,0.6800651819663226,0.7055054945054945,0.6989366786140979,-2.151639344262295,-12.387791741472173,4.5893719806763285,-18.98238747553816,0.107546578896052,0.1177305803703484,0.2611932015775181,0.2139247592883016,0.2433090024330934,0.4889975550122318,0.953678474114426,0.6858710562414266,1.28205128205127,0.8620689655172536,0.0,0.0,619.0,12.956204379562044,3.1200083339120774,8.714773778289512,3.4705675559548457,5.160544819786596,9.17289600472401,4.42722201978866
2012-06-20,59004.0,0.0016948290764876,619.0,0.0,3.1200083339120774,5.160544819786596,2798.0,2725.0,3275.0,4030.0,2182.0,3681.0,3043.0,3442.0,3382.0,3120.0,3987.0,3426.0,3127.0,1.0,0.0,0.0,1.5,0.0,0.0,0.0,0.0,1.0,0.0,0.0,0.0,0.0,0.0,0.0,0.0,0.0,24.0,24.0,18.0,68.0,79.0,73.0,668.0,630.0,641.0,629.0,637.0,636.0,59003.0,58001.0,62600.0,64201.0,58501.0,56501.0,1.7275564214410095,-7.346645367412141,-2.493730627248797,9.74342318934719,3.539760358223748,-0.0884157662994465,0.1996007984031914,16.970802919708035,-20.216464444927944,6.651927662957065,-10.169359359344622,22.69823044245834,350.0,349.0,354.0,349.0,352.0,352.0,-2.600450619601953,-7.424225964149919,1.153846153846154,8.72162485065711,2.069436484031072,3.40335922525976,1.369294605809129,-10.292579059435877,-4.564429860212148,17.565122473556524,-8.695652173913054,-15.015066802207375,0.0481,0.0627,0.0548,0.0329,0.0409,0.0426,2760.830078125,2780.419921875,2900.909912109375,3000.580078125,2985.0400390625,3005.6298828125,-0.7045642133361432,-4.153524028147486,-3.3216965860116887,0.520597340710398,-0.685042555230825,3.174215405022819,0.7108795180722891,0.6806350920015021,0.6800651819663226,0.7055054945054945,0.6989366786140979,0.6890113776325256,-12.387791741472173,-3.466204506065858,-18.98238747553816,5.870165745856354,0.1177305803703484,0.1510887275959117,0.2139247592883016,0.3045719258317156,0.4889975550122318,0.7389162561576285,0.6858710562414266,3.5511363636363633,0.8620689655172536,4.347826086956508,0.0,0.0,619.0,12.956204379562044,8.714773778289512,3.4705675559548457,-0.3464383028415726,9.17289600472401,4.42722201978866,-0.5255747166497051
2012-06-06,59003.0,1.7275564214410095,619.0,0.0,3.1200083339120774,5.160544819786596,2798.0,2725.0,3275.0,4030.0,2182.0,3681.0,3043.0,3442.0,3382.0,3120.0,3987.0,3426.0,3127.0,1.0,0.0,0.0,1.5,0.0,0.0,0.0,0.0,1.0,0.0,0.0,0.0,0.0,0.0,0.0,0.0,0.0,24.0,24.0,18.0,68.0,79.0,73.0,630.0,641.0,629.0,637.0,636.0,667.0,58001.0,62600.0,64201.0,58501.0,56501.0,56551.0,-7.346645367412141,-2.493730627248797,9.74342318934719,3.539760358223748,-0.0884157662994465,-0.8033819221526425,16.970802919708035,-20.216464444927944,6.651927662957065,-10.169359359344622,22.69823044245834,-16.105663982168206,349.0,354.0,349.0,352.0,352.0,354.0,-7.424225964149919,1.153846153846154,8.72162485065711,2.069436484031072,3.40335922525976,1.4260317947537378,-10.292579059435877,-4.564429860212148,17.565122473556524,-8.695652173913054,-15.015066802207375,7.016364699006432,0.0627,0.0548,0.0329,0.0409,0.0426,0.0354,2780.419921875,2900.909912109375,3000.580078125,2985.0400390625,3005.6298828125,2913.159912109375,-4.153524028147486,-3.3216965860116887,0.520597340710398,-0.685042555230825,3.174215405022819,-2.7517174701059997,0.6806350920015021,0.6800651819663226,0.7055054945054945,0.6989366786140979,0.6890113776325256,0.7130913951376979,-12.387791741472173,-3.466204506065858,-18.98238747553816,5.870165745856354,0.1177305803703484,0.1510887275959117,0.2139247592883016,0.3045719258317156,0.4889975550122318,0.7389162561576285,0.6858710562414266,3.5511363636363633,0.8620689655172536,4.347826086956508,0.0,0.0,619.0,12.956204379562044,8.714773778289512,3.4705675559548457,-0.3464383028415726,9.17289600472401,4.42722201978866,-0.5255747166497051
2012-05-23,58001.0,-7.346645367412141,619.0,0.0,8.714773778289512,9.17289600472401,2725.0,3275.0,4030.0,2182.0,3681.0,3043.0,3442.0,3382.0,3120.0,3987.0,3426.0,3127.0,3577.0,1.0,0.0,0.0,1.5,0.0,0.0,0.0,0.0,1.0,0.0,0.0,0.0,0.0,0.0,0.0,0.0,0.0,24.0,18.0,21.0,79.0,73.0,76.0,641.0,629.0,637.0,636.0,667.0,624.0,62600.0,64201.0,58501.0,56501.0,56551.0,57009.0,-2.493730627248797,9.74342318934719,3.539760358223748,-0.0884157662994465,-0.8033819221526425,7.9531897971936605,-20.216464444927944,6.651927662957065,-10.169359359344622,22.69823044245834,-16.105663982168206,-4.645466773302316,354.0,349.0,352.0,352.0,354.0,351.0,1.153846153846154,8.72162485065711,2.069436484031072,3.40335922525976,1.4260317947537378,5.818107998375964,-4.564429860212148,17.565122473556524,-8.695652173913054,-15.015066802207375,7.016364699006432,-8.921641205105773,0.0548,0.0329,0.0409,0.0426,0.0354,0.0562,2900.909912109375,3000.580078125,2985.0400390625,3005.6298828125,2913.159912109375,2995.590087890625,-3.3216965860116887,0.520597340710398,-0.685042555230825,3.174215405022819,-2.7517174701059997,0.4490019763258415,0.6800651819663226,0.7055054945054945,0.6989366786140979,0.6890113776325256,0.7130913951376979,0.7291179066109044,-3.466204506065858,34.030197444831586,5.870165745856354,9.365558912386708,0.1510887275959117,0.1816357905608747,0.3045719258317156,0.320470969210164,0.7389162561576285,-0.2457002457002491,3.5511363636363633,-1.5384615384615306,4.347826086956508,-1.7673048600883694,0.0,0.1285347043701909,619.0,12.956204379562044,3.4705675559548457,-0.3464383028415726,-3.566066066066066,4.42722201978866,-0.5255747166497051,-1.328803114296326
2012-05-09,62600.0,-2.493730627248797,619.0,0.0,8.714773778289512,9.17289600472401,2725.0,3275.0,4030.0,2182.0,3681.0,3043.0,3442.0,3382.0,3120.0,3987.0,3426.0,3127.0,3577.0,1.0,0.0,0.0,1.5,0.0,0.0,0.0,0.0,1.0,0.0,0.0,0.0,0.0,0.0,0.0,0.0,0.0,24.0,18.0,21.0,79.0,73.0,76.0,629.0,637.0,636.0,667.0,624.0,619.0,64201.0,58501.0,56501.0,56551.0,57009.0,52809.0,9.74342318934719,3.539760358223748,-0.0884157662994465,-0.8033819221526425,7.9531897971936605,9.762637179913536,6.651927662957065,-10.169359359344622,22.69823044245834,-16.105663982168206,-4.645466773302316,24.357687621766967,349.0,352.0,352.0,354.0,351.0,350.0,8.72162485065711,2.069436484031072,3.40335922525976,1.4260317947537378,5.818107998375964,8.839429068037532,17.565122473556524,-8.695652173913054,-15.015066802207375,7.016364699006432,-8.921641205105773,19.263101888800204,0.0329,0.0409,0.0426,0.0354,0.0562,0.0651,3000.580078125,2985.0400390625,3005.6298828125,2913.159912109375,2995.590087890625,2982.199951171875,0.520597340710398,-0.685042555230825,3.174215405022819,-2.7517174701059997,0.4490019763258415,6.682408791368492,0.7055054945054945,0.6989366786140979,0.6890113776325256,0.7130913951376979,0.7291179066109044,0.7146975233455136,-3.466204506065858,34.030197444831586,5.870165745856354,9.365558912386708,0.1510887275959117,0.1816357905608747,0.3045719258317156,0.320470969210164,0.7389162561576285,-0.2457002457002491,3.5511363636363633,-1.5384615384615306,4.347826086956508,-1.7673048600883694,0.0,0.1285347043701909,619.0,12.956204379562044,3.4705675559548457,-0.3464383028415726,-3.566066066066066,4.42722201978866,-0.5255747166497051,-1.328803114296326
2012-04-18,64201.0,9.74342318934719,619.0,12.956204379562044,3.4705675559548457,4.42722201978866,3275.0,4030.0,2182.0,3681.0,3043.0,3442.0,3382.0,3120.0,3987.0,3426.0,3127.0,3577.0,3864.0,1.0,0.0,0.0,1.5,0.0,0.0,0.0,0.0,1.0,0.0,0.0,0.0,0.0,0.0,0.0,0.0,0.0,18.0,21.0,20.0,73.0,76.0,72.0,637.0,636.0,667.0,624.0,619.0,657.0,58501.0,56501.0,56551.0,57009.0,52809.0,48112.0,3.539760358223748,-0.0884157662994465,-0.8033819221526425,7.9531897971936605,9.762637179913536,2.6082876580861183,-10.169359359344622,22.69823044245834,-16.105663982168206,-4.645466773302316,24.357687621766967,-15.49014539907459,352.0,352.0,354.0,351.0,350.0,353.0,2.069436484031072,3.40335922525976,1.4260317947537378,5.818107998375964,8.839429068037532,3.1732040546496254,-8.695652173913054,-15.015066802207375,7.016364699006432,-8.921641205105773,19.263101888800204,5.981162304651783,0.0409,0.0426,0.0354,0.0562,0.0651,0.0505,2985.0400390625,3005.6298828125,2913.159912109375,2995.590087890625,2982.199951171875,2795.39990234375,-0.685042555230825,3.174215405022819,-2.7517174701059997,0.4490019763258415,6.682408791368492,3.036464243516103,0.6989366786140979,0.6890113776325256,0.7130913951376979,0.7291179066109044,0.7146975233455136,0.708686237829398,34.030197444831586,5.256723716381418,9.365558912386708,-7.991660875608061,0.1816357905608747,0.125700191670505,0.320470969210164,0.307610554559709,-0.2457002457002491,0.867410161090462,-1.5384615384615306,-0.4178272980501353,-1.7673048600883694,-1.3081395348837086,0.1285347043701909,3.457446808510631,548.0,0.0,-0.3464383028415726,-3.566066066066066,1.069883906214432,-0.5255747166497051,-1.328803114296326,3.4287990666837396
2012-04-04,58501.0,3.539760358223748,619.0,12.956204379562044,3.4705675559548457,4.42722201978866,3275.0,4030.0,2182.0,3681.0,3043.0,3442.0,3382.0,3120.0,3987.0,3426.0,3127.0,3577.0,3864.0,1.0,0.0,0.0,1.5,0.0,0.0,0.0,0.0,1.0,0.0,0.0,0.0,0.0,0.0,0.0,0.0,0.0,18.0,21.0,20.0,73.0,76.0,72.0,636.0,667.0,624.0,619.0,657.0,554.0,56501.0,56551.0,57009.0,52809.0,48112.0,46889.0,-0.0884157662994465,-0.8033819221526425,7.9531897971936605,9.762637179913536,2.6082876580861183,-6.223875522489551,22.69823044245834,-16.105663982168206,-4.645466773302316,24.357687621766967,-15.49014539907459,4.8423969803376625,352.0,354.0,351.0,350.0,353.0,356.0,3.40335922525976,1.4260317947537378,5.818107998375964,8.839429068037532,3.1732040546496254,-6.002599888576204,-15.015066802207375,7.016364699006432,-8.921641205105773,19.263101888800204,5.981162304651783,13.841534289035245,0.0426,0.0354,0.0562,0.0651,0.0505,0.0549,3005.6298828125,2913.159912109375,2995.590087890625,2982.199951171875,2795.39990234375,2713.02001953125,3.174215405022819,-2.7517174701059997,0.4490019763258415,6.682408791368492,3.036464243516103,1.4850429487195294,0.6890113776325256,0.7130913951376979,0.7291179066109044,0.7146975233455136,0.708686237829398,0.7125879545903557,34.030197444831586,5.256723716381418,9.365558912386708,-7.991660875608061,0.1816357905608747,0.125700191670505,0.320470969210164,0.307610554559709,-0.2457002457002491,0.867410161090462,-1.5384615384615306,-0.4178272980501353,-1.7673048600883694,-1.3081395348837086,0.1285347043701909,3.457446808510631,548.0,0.0,-0.3464383028415726,-3.566066066066066,1.069883906214432,-0.5255747166497051,-1.328803114296326,3.4287990666837396
2012-03-21,56501.0,-0.0884157662994465,619.0,12.956204379562044,-0.3464383028415726,-0.5255747166497051,4030.0,2182.0,3681.0,3043.0,3442.0,3382.0,3120.0,3987.0,3426.0,3127.0,3577.0,3864.0,4335.0,1.0,0.0,0.0,1.5,0.0,0.0,0.0,0.0,1.0,0.0,0.0,0.0,0.0,0.0,0.0,0.0,0.0,21.0,20.0,15.0,76.0,72.0,69.0,667.0,624.0,619.0,657.0,554.0,566.0,56551.0,57009.0,52809.0,48112.0,46889.0,50001.0,-0.8033819221526425,7.9531897971936605,9.762637179913536,2.6082876580861183,-6.223875522489551,-4.56367384333486,-16.105663982168206,-4.645466773302316,24.357687621766967,-15.49014539907459,4.8423969803376625,9.043402722793552,354.0,351.0,350.0,353.0,356.0,368.0,1.4260317947537378,5.818107998375964,8.839429068037532,3.1732040546496254,-6.002599888576204,-3.243953006219765,7.016364699006432,-8.921641205105773,19.263101888800204,5.981162304651783,13.841534289035245,-5.833791964777101,0.0354,0.0562,0.0651,0.0505,0.0549,0.0617,2913.159912109375,2995.590087890625,2982.199951171875,2795.39990234375,2713.02001953125,2673.320068359375,-2.7517174701059997,0.4490019763258415,6.682408791368492,3.036464243516103,1.4850429487195294,-3.925535158469202,0.7130913951376979,0.7291179066109044,0.7146975233455136,0.708686237829398,0.7125879545903557,0.7142693884547805,5.256723716381418,-5.868814729574224,-7.991660875608061,1.55257586450247,0.125700191670505,0.1175175532547899,0.307610554559709,0.3319103241382158,0.867410161090462,0.1240694789081991,-0.4178272980501353,1.1267605633802775,-1.3081395348837086,1.17647058823529,3.457446808510631,0.6693440428380187,548.0,0.0,-3.566066066066066,1.069883906214432,4.212711278046852,-1.328803114296326,3.4287990666837396,4.4398876654928
2012-03-07,56551.0,-0.8033819221526425,619.0,12.956204379562044,-0.3464383028415726,-0.5255747166497051,4030.0,2182.0,3681.0,3043.0,3442.0,3382.0,3120.0,3987.0,3426.0,3127.0,3577.0,3864.0,4335.0,1.0,0.0,0.0,1.5,0.0,0.0,0.0,0.0,1.0,0.0,0.0,0.0,0.0,0.0,0.0,0.0,0.0,21.0,20.0,15.0,76.0,72.0,69.0,624.0,619.0,657.0,554.0,566.0,549.0,57009.0,52809.0,48112.0,46889.0,50001.0,52392.0,7.9531897971936605,9.762637179913536,2.6082876580861183,-6.223875522489551,-4.56367384333486,-4.545702989779,-4.645466773302316,24.357687621766967,-15.49014539907459,4.8423969803376625,9.043402722793552,5.188606509189386,351.0,350.0,353.0,356.0,368.0,354.0,5.818107998375964,8.839429068037532,3.1732040546496254,-6.002599888576204,-3.243953006219765,-6.452029997414016,-8.921641205105773,19.263101888800204,5.981162304651783,13.841534289035245,-5.833791964777101,-8.752699430665528,0.0562,0.0651,0.0505,0.0549,0.0617,0.0572,2995.590087890625,2982.199951171875,2795.39990234375,2713.02001953125,2673.320068359375,2782.550048828125,0.4490019763258415,6.682408791368492,3.036464243516103,1.4850429487195294,-3.925535158469202,3.959544408030808,0.7291179066109044,0.7146975233455136,0.708686237829398,0.7125879545903557,0.7142693884547805,0.7241465100207326,5.256723716381418,-5.868814729574224,-7.991660875608061,1.55257586450247,0.125700191670505,0.1175175532547899,0.307610554559709,0.3319103241382158,0.867410161090462,0.1240694789081991,-0.4178272980501353,1.1267605633802775,-1.3081395348837086,1.17647058823529,3.457446808510631,0.6693440428380187,548.0,0.0,-3.566066066066066,1.069883906214432,4.212711278046852,-1.328803114296326,3.4287990666837396,4.4398876654928
2012-02-22,57009.0,7.9531897971936605,619.0,12.956204379562044,-3.566066066066066,-1.328803114296326,2182.0,3681.0,3043.0,3442.0,3382.0,3120.0,3987.0,3426.0,3127.0,3577.0,3864.0,4335.0,3126.0,1.0,0.0,0.0,1.5,0.0,0.0,0.0,0.0,1.0,0.0,0.0,0.0,0.0,0.0,0.0,0.0,0.0,20.0,15.0,17.0,72.0,69.0,69.0,619.0,657.0,554.0,566.0,549.0,559.0,52809.0,48112.0,46889.0,50001.0,52392.0,54887.0,9.762637179913536,2.6082876580861183,-6.223875522489551,-4.56367384333486,-4.545702989779,-1.9822490490561997,24.357687621766967,-15.49014539907459,4.8423969803376625,9.043402722793552,5.188606509189386,-3.247593380570484,350.0,353.0,356.0,368.0,354.0,353.0,8.839429068037532,3.1732040546496254,-6.002599888576204,-3.243953006219765,-6.452029997414016,0.4415584415584416,19.263101888800204,5.981162304651783,13.841534289035245,-5.833791964777101,-8.752699430665528,-5.190151308720176,0.0651,0.0505,0.0549,0.0617,0.0572,0.0622,2982.199951171875,2795.39990234375,2713.02001953125,2673.320068359375,2782.550048828125,2676.570068359375,6.682408791368492,3.036464243516103,1.4850429487195294,-3.925535158469202,3.959544408030808,-3.958873222952461,0.7146975233455136,0.708686237829398,0.7125879545903557,0.7142693884547805,0.7241465100207326,0.7096845099560383,-5.868814729574224,14.947089947089948,1.55257586450247,0.0706214689265536,0.1175175532547899,0.1158665717494065,0.3319103241382158,0.3167656009883388,0.1240694789081991,0.4987531172069718,1.1267605633802775,1.4285714285714286,1.17647058823529,1.6442451420029809,0.6693440428380187,0.1340482573726656,548.0,0.0,1.069883906214432,4.212711278046852,-1.8091115554088943,3.4287990666837396,4.4398876654928,-0.3730514722209886
2012-02-08,52809.0,9.762637179913536,619.0,12.956204379562044,-3.566066066066066,-1.328803114296326,2182.0,3681.0,3043.0,3442.0,3382.0,3120.0,3987.0,3426.0,3127.0,3577.0,3864.0,4335.0,3126.0,1.0,0.0,0.0,1.5,0.0,0.0,0.0,0.0,1.0,0.0,0.0,0.0,0.0,0.0,0.0,0.0,0.0,20.0,15.0,17.0,72.0,69.0,69.0,657.0,554.0,566.0,549.0,559.0,548.0,48112.0,46889.0,50001.0,52392.0,54887.0,55997.0,2.6082876580861183,-6.223875522489551,-4.56367384333486,-4.545702989779,-1.9822490490561997,-0.204947248360422,-15.49014539907459,4.8423969803376625,9.043402722793552,5.188606509189386,-3.247593380570484,-9.534619275758573,353.0,356.0,368.0,354.0,353.0,356.0,3.1732040546496254,-6.002599888576204,-3.243953006219765,-6.452029997414016,0.4415584415584416,1.4639802869981158,5.981162304651783,13.841534289035245,-5.833791964777101,-8.752699430665528,-5.190151308720176,-13.687718550863556,0.0505,0.0549,0.0617,0.0572,0.0622,0.0504,2795.39990234375,2713.02001953125,2673.320068359375,2782.550048828125,2676.570068359375,2786.89990234375,3.036464243516103,1.4850429487195294,-3.925535158469202,3.959544408030808,-3.958873222952461,2.4516468347636597,0.708686237829398,0.7125879545903557,0.7142693884547805,0.7241465100207326,0.7096845099560383,0.7272337662337662,-5.868814729574224,14.947089947089948,1.55257586450247,0.0706214689265536,0.1175175532547899,0.1158665717494065,0.3319103241382158,0.3167656009883388,0.1240694789081991,0.4987531172069718,1.1267605633802775,1.4285714285714286,1.17647058823529,1.6442451420029809,0.6693440428380187,0.1340482573726656,548.0,0.0,1.069883906214432,4.212711278046852,-1.8091115554088943,3.4287990666837396,4.4398876654928,-0.3730514722209886
2012-01-18,48112.0,2.6082876580861183,548.0,0.0,1.069883906214432,3.4287990666837396,3681.0,3043.0,3442.0,3382.0,3120.0,3987.0,3426.0,3127.0,3577.0,3864.0,4335.0,3126.0,3918.0,1.0,0.0,0.0,1.5,0.0,0.0,0.0,0.0,1.0,0.0,0.0,0.0,0.0,0.0,0.0,0.0,0.0,15.0,17.0,18.0,69.0,69.0,68.0,554.0,566.0,549.0,559.0,548.0,565.0,46889.0,50001.0,52392.0,54887.0,55997.0,56112.0,-6.223875522489551,-4.56367384333486,-4.545702989779,-1.9822490490561997,-0.204947248360422,11.57907295830102,4.8423969803376625,9.043402722793552,5.188606509189386,-3.247593380570484,-9.534619275758573,6.970728386657596,356.0,368.0,354.0,353.0,356.0,353.0,-6.002599888576204,-3.243953006219765,-6.452029997414016,0.4415584415584416,1.4639802869981158,19.322327044025155,13.841534289035245,-5.833791964777101,-8.752699430665528,-5.190151308720176,-13.687718550863556,21.82816858767813,0.0549,0.0617,0.0572,0.0622,0.0504,0.0491,2713.02001953125,2673.320068359375,2782.550048828125,2676.570068359375,2786.89990234375,2720.2099609375,1.4850429487195294,-3.925535158469202,3.959544408030808,-3.958873222952461,2.4516468347636597,7.5730314254388755,0.7125879545903557,0.7142693884547805,0.7241465100207326,0.7096845099560383,0.7272337662337662,0.739395696345979,14.947089947089948,-21.90082644628099,0.0706214689265536,6.067415730337078,0.1158665717494065,0.0927195754576352,0.3167656009883388,0.3553122968294047,0.4987531172069718,0.375469336670835,1.4285714285714286,0.0,1.6442451420029809,-0.1492537313432751,0.1340482573726656,0.539083557951471,548.0,7.450980392156863,4.212711278046852,-1.8091115554088943,-1.4745257037943695,4.4398876654928,-0.3730514722209886,-0.6880430467957482
2012-01-05,46889.0,-6.223875522489551,548.0,0.0,1.069883906214432,3.4287990666837396,3681.0,3043.0,3442.0,3382.0,3120.0,3987.0,3426.0,3127.0,3577.0,3864.0,4335.0,3126.0,3918.0,1.0,0.0,0.0,1.5,0.0,0.0,0.0,0.0,1.0,0.0,0.0,0.0,0.0,0.0,0.0,0.0,0.0,15.0,17.0,18.0,69.0,69.0,68.0,566.0,549.0,559.0,548.0,565.0,549.0,50001.0,52392.0,54887.0,55997.0,56112.0,50289.0,-4.56367384333486,-4.545702989779,-1.9822490490561997,-0.204947248360422,11.57907295830102,4.7556555430571175,9.043402722793552,5.188606509189386,-3.247593380570484,-9.534619275758573,6.970728386657596,-16.76597733380068,368.0,354.0,353.0,356.0,353.0,356.0,-3.243953006219765,-6.452029997414016,0.4415584415584416,1.4639802869981158,19.322327044025155,-1.986469201251368,-5.833791964777101,-8.752699430665528,-5.190151308720176,-13.687718550863556,21.82816858767813,10.785558563522676,0.0617,0.0572,0.0622,0.0504,0.0491,0.0567,2673.320068359375,2782.550048828125,2676.570068359375,2786.89990234375,2720.2099609375,2528.7099609375,-3.925535158469202,3.959544408030808,-3.958873222952461,2.4516468347636597,7.5730314254388755,-9.423347545625024,0.7142693884547805,0.7241465100207326,0.7096845099560383,0.7272337662337662,0.739395696345979,0.7907075471698113,14.947089947089948,-21.90082644628099,0.0706214689265536,6.067415730337078,0.1158665717494065,0.0927195754576352,0.3167656009883388,0.3553122968294047,0.4987531172069718,0.375469336670835,1.4285714285714286,0.0,1.6442451420029809,-0.1492537313432751,0.1340482573726656,0.539083557951471,548.0,7.450980392156863,4.212711278046852,-1.8091115554088943,-1.4745257037943695,4.4398876654928,-0.3730514722209886,-0.6880430467957482
2011-12-21,50001.0,-4.56367384333486,548.0,0.0,4.212711278046852,4.4398876654928,3043.0,3442.0,3382.0,3120.0,3987.0,3426.0,3127.0,3577.0,3864.0,4335.0,3126.0,3918.0,3275.0,1.0,0.0,0.0,1.5,0.0,0.0,0.0,0.0,1.0,0.0,0.0,0.0,0.0,0.0,0.0,0.0,0.0,17.0,18.0,17.0,69.0,68.0,71.0,549.0,559.0,548.0,565.0,549.0,548.0,52392.0,54887.0,55997.0,56112.0,50289.0,48006.0,-4.545702989779,-1.9822490490561997,-0.204947248360422,11.57907295830102,4.7556555430571175,-5.870588235294118,5.188606509189386,-3.247593380570484,-9.534619275758573,6.970728386657596,-16.76597733380068,19.773299748110837,354.0,353.0,356.0,353.0,356.0,353.0,-6.452029997414016,0.4415584415584416,1.4639802869981158,19.322327044025155,-1.986469201251368,2.9951430113329733,-8.752699430665528,-5.190151308720176,-13.687718550863556,21.82816858767813,10.785558563522676,-3.8363565749794377,0.0572,0.0622,0.0504,0.0491,0.0567,0.0537,2782.550048828125,2676.570068359375,2786.89990234375,2720.2099609375,2528.7099609375,2791.7900390625,3.959544408030808,-3.958873222952461,2.4516468347636597,7.5730314254388755,-9.423347545625024,-1.424364185936973,0.7241465100207326,0.7096845099560383,0.7272337662337662,0.739395696345979,0.7907075471698113,0.7398172263403658,-21.90082644628099,4.648648648648648,6.067415730337078,22.252747252747252,0.0927195754576352,0.1806968027119454,0.3553122968294047,0.3337429269254691,0.375469336670835,-0.1249999999999929,0.0,-1.1299435028248548,-0.1492537313432751,-1.4705882352941175,0.539083557951471,0.0,548.0,7.450980392156863,-1.8091115554088943,-1.4745257037943695,2.0572276222820784,-0.3730514722209886,-0.6880430467957482,6.274705873162195
2011-12-07,52392.0,-4.545702989779,548.0,0.0,4.212711278046852,4.4398876654928,3043.0,3442.0,3382.0,3120.0,3987.0,3426.0,3127.0,3577.0,3864.0,4335.0,3126.0,3918.0,3275.0,1.0,0.0,0.0,1.5,0.0,0.0,0.0,0.0,1.0,0.0,0.0,0.0,0.0,0.0,0.0,0.0,0.0,17.0,18.0,17.0,69.0,68.0,71.0,559.0,548.0,565.0,549.0,548.0,548.0,54887.0,55997.0,56112.0,50289.0,48006.0,51000.0,-1.9822490490561997,-0.204947248360422,11.57907295830102,4.7556555430571175,-5.870588235294118,3.446177562321251,-3.247593380570484,-9.534619275758573,6.970728386657596,-16.76597733380068,19.773299748110837,-12.940653076008475,353.0,356.0,353.0,356.0,353.0,359.0,0.4415584415584416,1.4639802869981158,19.322327044025155,-1.986469201251368,2.9951430113329733,-3.844568916835823,-5.190151308720176,-13.687718550863556,21.82816858767813,10.785558563522676,-3.8363565749794377,-7.455349827953467,0.0622,0.0504,0.0491,0.0567,0.0537,0.0479,2676.570068359375,2786.89990234375,2720.2099609375,2528.7099609375,2791.7900390625,2832.1298828125,-3.958873222952461,2.4516468347636597,7.5730314254388755,-9.423347545625024,-1.424364185936973,0.127269411260939,0.7096845099560383,0.7272337662337662,0.739395696345979,0.7907075471698113,0.7398172263403658,0.809498111171074,-21.90082644628099,4.648648648648648,6.067415730337078,22.252747252747252,0.0927195754576352,0.1806968027119454,0.3553122968294047,0.3337429269254691,0.375469336670835,-0.1249999999999929,0.0,-1.1299435028248548,-0.1492537313432751,-1.4705882352941175,0.539083557951471,0.0,548.0,7.450980392156863,-1.8091115554088943,-1.4745257037943695,2.0572276222820784,-0.3730514722209886,-0.6880430467957482,6.274705873162195
2011-11-23,54887.0,-1.9822490490561997,548.0,0.0,-1.8091115554088943,-0.3730514722209886,3442.0,3382.0,3120.0,3987.0,3426.0,3127.0,3577.0,3864.0,4335.0,3126.0,3918.0,3275.0,3087.0,1.0,0.0,0.0,1.5,0.0,0.0,0.0,0.0,1.0,0.0,0.0,0.0,0.0,0.0,0.0,0.0,0.0,18.0,17.0,19.0,68.0,71.0,65.0,548.0,565.0,549.0,548.0,548.0,557.0,55997.0,56112.0,50289.0,48006.0,51000.0,49301.0,-0.204947248360422,11.57907295830102,4.7556555430571175,-5.870588235294118,3.446177562321251,1.0245691686645766,-9.534619275758573,6.970728386657596,-16.76597733380068,19.773299748110837,-12.940653076008475,-8.899569050835337,356.0,353.0,356.0,353.0,359.0,353.0,1.4639802869981158,19.322327044025155,-1.986469201251368,2.9951430113329733,-3.844568916835823,-7.573705741289322,-13.687718550863556,21.82816858767813,10.785558563522676,-3.8363565749794377,-7.455349827953467,12.685057110239986,0.0504,0.0491,0.0567,0.0537,0.0479,0.0349,2786.89990234375,2720.2099609375,2528.7099609375,2791.7900390625,2832.1298828125,2828.530029296875,2.4516468347636597,7.5730314254388755,-9.423347545625024,-1.424364185936973,0.127269411260939,-9.641446300396206,0.7272337662337662,0.739395696345979,0.7907075471698113,0.7398172263403658,0.809498111171074,0.7524457807420522,4.648648648648648,-6.471183013144591,22.252747252747252,-26.116373477672532,0.1806968027119454,-0.8455000444220688,0.3337429269254691,0.2257851164275777,-0.1249999999999929,0.755667506297222,-1.1299435028248548,1.578192252510752,-1.4705882352941175,2.102102102102111,0.0,0.0,548.0,7.450980392156863,-1.4745257037943695,2.0572276222820784,8.765523829742065,-0.6880430467957482,6.274705873162195,8.230181277056277
2011-11-10,55997.0,-0.204947248360422,548.0,0.0,-1.8091115554088943,-0.3730514722209886,3442.0,3382.0,3120.0,3987.0,3426.0,3127.0,3577.0,3864.0,4335.0,3126.0,3918.0,3275.0,3087.0,1.0,0.0,0.0,1.5,0.0,0.0,0.0,0.0,1.0,0.0,0.0,0.0,0.0,0.0,0.0,0.0,0.0,18.0,17.0,19.0,68.0,71.0,65.0,565.0,549.0,548.0,548.0,557.0,566.0,56112.0,50289.0,48006.0,51000.0,49301.0,48801.0,11.57907295830102,4.7556555430571175,-5.870588235294118,3.446177562321251,1.0245691686645766,-12.8584693403807,6.970728386657596,-16.76597733380068,19.773299748110837,-12.940653076008475,-8.899569050835337,20.063932097191373,353.0,356.0,353.0,359.0,353.0,354.0,19.322327044025155,-1.986469201251368,2.9951430113329733,-3.844568916835823,-7.573705741289322,-2.222038316712873,21.82816858767813,10.785558563522676,-3.8363565749794377,-7.455349827953467,12.685057110239986,-7.725492319633219,0.0491,0.0567,0.0537,0.0479,0.0349,0.0373,2720.2099609375,2528.7099609375,2791.7900390625,2832.1298828125,2828.530029296875,3130.340087890625,7.5730314254388755,-9.423347545625024,-1.424364185936973,0.127269411260939,-9.641446300396206,0.1218622101194672,0.739395696345979,0.7907075471698113,0.7398172263403658,0.809498111171074,0.7524457807420522,0.688404570461278,4.648648648648648,-6.471183013144591,22.252747252747252,-26.116373477672532,0.1806968027119454,-0.8455000444220688,0.3337429269254691,0.2257851164275777,-0.1249999999999929,0.755667506297222,-1.1299435028248548,1.578192252510752,-1.4705882352941175,2.102102102102111,0.0,0.0,548.0,7.450980392156863,-1.4745257037943695,2.0572276222820784,8.765523829742065,-0.6880430467957482,6.274705873162195,8.230181277056277
2011-10-19,56112.0,11.57907295830102,548.0,7.450980392156863,-1.4745257037943695,-0.6880430467957482,3382.0,3120.0,3987.0,3426.0,3127.0,3577.0,3864.0,4335.0,3126.0,3918.0,3275.0,3087.0,2735.0,1.0,0.0,0.0,1.5,0.0,0.0,0.0,0.0,1.0,0.0,0.0,0.0,0.0,0.0,0.0,0.0,0.0,17.0,19.0,20.0,71.0,65.0,66.0,549.0,548.0,548.0,557.0,566.0,510.0,50289.0,48006.0,51000.0,49301.0,48801.0,56002.0,4.7556555430571175,-5.870588235294118,3.446177562321251,1.0245691686645766,-12.8584693403807,0.0232188465591455,-16.76597733380068,19.773299748110837,-12.940653076008475,-8.899569050835337,20.063932097191373,-6.783519128748046,356.0,353.0,359.0,353.0,354.0,436.0,-1.986469201251368,2.9951430113329733,-3.844568916835823,-7.573705741289322,-2.222038316712873,5.839330812688866,10.785558563522676,-3.8363565749794377,-7.455349827953467,12.685057110239986,-7.725492319633219,-12.235986490573652,0.0567,0.0537,0.0479,0.0349,0.0373,0.0457,2528.7099609375,2791.7900390625,2832.1298828125,2828.530029296875,3130.340087890625,3126.530029296875,-9.423347545625024,-1.424364185936973,0.127269411260939,-9.641446300396206,0.1218622101194672,0.379491782786005,0.7907075471698113,0.7398172263403658,0.809498111171074,0.7524457807420522,0.688404570461278,0.772430725093447,-6.471183013144591,-6.2559241706161135,-26.116373477672532,-16.11804767309875,-0.8455000444220688,-0.1174323432928975,0.2257851164275777,0.3612642340778606,0.755667506297222,1.4048531289910708,1.578192252510752,2.6509572901325433,2.102102102102111,3.4161490683229636,0.0,0.0,510.0,0.0,2.0572276222820784,8.765523829742065,6.490482434326536,6.274705873162195,8.230181277056277,3.4406758907799677
2011-10-05,50289.0,4.7556555430571175,548.0,7.450980392156863,-1.4745257037943695,-0.6880430467957482,3382.0,3120.0,3987.0,3426.0,3127.0,3577.0,3864.0,4335.0,3126.0,3918.0,3275.0,3087.0,2735.0,1.0,0.0,0.0,1.5,0.0,0.0,0.0,0.0,1.0,0.0,0.0,0.0,0.0,0.0,0.0,0.0,0.0,17.0,19.0,20.0,71.0,65.0,66.0,548.0,548.0,557.0,566.0,510.0,514.0,48006.0,51000.0,49301.0,48801.0,56002.0,55989.0,-5.870588235294118,3.446177562321251,1.0245691686645766,-12.8584693403807,0.0232188465591455,11.434201098638644,19.773299748110837,-12.940653076008475,-8.899569050835337,20.063932097191373,-6.783519128748046,16.886071127316264,353.0,359.0,353.0,354.0,436.0,445.0,2.9951430113329733,-3.844568916835823,-7.573705741289322,-2.222038316712873,5.839330812688866,1.1831610044313146,-3.8363565749794377,-7.455349827953467,12.685057110239986,-7.725492319633219,-12.235986490573652,1.1709047900650598,0.0537,0.0479,0.0349,0.0373,0.0457,0.0434,2791.7900390625,2832.1298828125,2828.530029296875,3130.340087890625,3126.530029296875,3114.7099609375,-1.424364185936973,0.127269411260939,-9.641446300396206,0.1218622101194672,0.379491782786005,2.3622706811414385,0.7398172263403658,0.809498111171074,0.7524457807420522,0.688404570461278,0.772430725093447,0.8173457321790922,-6.471183013144591,-6.2559241706161135,-26.116373477672532,-16.11804767309875,-0.8455000444220688,-0.1174323432928975,0.2257851164275777,0.3612642340778606,0.755667506297222,1.4048531289910708,1.578192252510752,2.6509572901325433,2.102102102102111,3.4161490683229636,0.0,0.0,510.0,0.0,2.0572276222820784,8.765523829742065,6.490482434326536,6.274705873162195,8.230181277056277,3.4406758907799677
2011-09-21,48006.0,-5.870588235294118,548.0,7.450980392156863,2.0572276222820784,6.274705873162195,3120.0,3987.0,3426.0,3127.0,3577.0,3864.0,4335.0,3126.0,3918.0,3275.0,3087.0,2735.0,3511.0,1.0,0.0,0.0,1.5,0.0,0.0,0.0,0.0,1.0,0.0,0.0,0.0,0.0,0.0,0.0,0.0,0.0,19.0,20.0,18.0,65.0,66.0,65.0,548.0,557.0,566.0,510.0,514.0,512.0,51000.0,49301.0,48801.0,56002.0,55989.0,50244.0,3.446177562321251,1.0245691686645766,-12.8584693403807,0.0232188465591455,11.434201098638644,-5.89248923019292,-12.940653076008475,-8.899569050835337,20.063932097191373,-6.783519128748046,16.886071127316264,-19.067382812500004,359.0,353.0,354.0,436.0,445.0,423.0,-3.844568916835823,-7.573705741289322,-2.222038316712873,5.839330812688866,1.1831610044313146,7.4603174603174605,-7.455349827953467,12.685057110239986,-7.725492319633219,-12.235986490573652,1.1709047900650598,-9.668376643399773,0.0479,0.0349,0.0373,0.0457,0.0434,0.0584,2832.1298828125,2828.530029296875,3130.340087890625,3126.530029296875,3114.7099609375,3042.830078125,0.127269411260939,-9.641446300396206,0.1218622101194672,0.379491782786005,2.3622706811414385,-1.9384560236403297,0.809498111171074,0.7524457807420522,0.688404570461278,0.772430725093447,0.8173457321790922,0.7421565731166913,-6.2559241706161135,36.12903225806451,-16.11804767309875,13.239074550128535,-0.1174323432928975,-0.0608975590721104,0.3612642340778606,0.468740418225302,1.4048531289910708,-0.2547770700636979,2.6509572901325433,0.0,3.4161490683229636,-0.1550387596899136,0.0,0.0,510.0,0.0,8.765523829742065,6.490482434326536,4.591884990069044,8.230181277056277,3.4406758907799677,-0.8910770937711284
2011-09-07,51000.0,3.446177562321251,548.0,7.450980392156863,2.0572276222820784,6.274705873162195,3120.0,3987.0,3426.0,3127.0,3577.0,3864.0,4335.0,3126.0,3918.0,3275.0,3087.0,2735.0,3511.0,1.0,0.0,0.0,1.5,0.0,0.0,0.0,0.0,1.0,0.0,0.0,0.0,0.0,0.0,0.0,0.0,0.0,19.0,20.0,18.0,65.0,66.0,65.0,557.0,566.0,510.0,514.0,512.0,510.0,49301.0,48801.0,56002.0,55989.0,50244.0,53390.0,1.0245691686645766,-12.8584693403807,0.0232188465591455,11.434201098638644,-5.89248923019292,13.622337142735534,-8.899569050835337,20.063932097191373,-6.783519128748046,16.886071127316264,-19.067382812500004,18.74097007223943,353.0,354.0,436.0,445.0,423.0,424.0,-7.573705741289322,-2.222038316712873,5.839330812688866,1.1831610044313146,7.4603174603174605,11.900532859680284,12.685057110239986,-7.725492319633219,-12.235986490573652,1.1709047900650598,-9.668376643399773,34.574468085106375,0.0349,0.0373,0.0457,0.0434,0.0584,0.0651,2828.530029296875,3130.340087890625,3126.530029296875,3114.7099609375,3042.830078125,3102.97998046875,-9.641446300396206,0.1218622101194672,0.379491782786005,2.3622706811414385,-1.9384560236403297,-2.0774384361243152,0.7524457807420522,0.688404570461278,0.772430725093447,0.8173457321790922,0.7421565731166913,0.8474603174603175,-6.2559241706161135,36.12903225806451,-16.11804767309875,13.239074550128535,-0.1174323432928975,-0.0608975590721104,0.3612642340778606,0.468740418225302,1.4048531289910708,-0.2547770700636979,2.6509572901325433,0.0,3.4161490683229636,-0.1550387596899136,0.0,0.0,510.0,0.0,8.765523829742065,6.490482434326536,4.591884990069044,8.230181277056277,3.4406758907799677,-0.8910770937711284
2011-08-17,49301.0,1.0245691686645766,548.0,7.450980392156863,8.765523829742065,8.230181277056277,3987.0,3426.0,3127.0,3577.0,3864.0,4335.0,3126.0,3918.0,3275.0,3087.0,2735.0,3511.0,3480.0,1.0,0.0,0.0,1.5,0.0,0.0,0.0,0.0,1.0,0.0,0.0,0.0,0.0,0.0,0.0,0.0,0.0,20.0,18.0,15.0,66.0,65.0,59.0,566.0,510.0,514.0,512.0,510.0,523.0,48801.0,56002.0,55989.0,50244.0,53390.0,46989.0,-12.8584693403807,0.0232188465591455,11.434201098638644,-5.89248923019292,13.622337142735534,4.909578030810448,20.063932097191373,-6.783519128748046,16.886071127316264,-19.067382812500004,18.74097007223943,-21.33875619794536,354.0,436.0,445.0,423.0,424.0,424.0,-2.222038316712873,5.839330812688866,1.1831610044313146,7.4603174603174605,11.900532859680284,0.5159700773062434,-7.725492319633219,-12.235986490573652,1.1709047900650598,-9.668376643399773,34.574468085106375,-10.161103047895503,0.0373,0.0457,0.0434,0.0584,0.0651,0.0827,3130.340087890625,3126.530029296875,3114.7099609375,3042.830078125,3102.97998046875,3168.81005859375,0.1218622101194672,0.379491782786005,2.3622706811414385,-1.9384560236403297,-2.0774384361243152,1.8959100627369592,0.688404570461278,0.772430725093447,0.8173457321790922,0.7421565731166913,0.8474603174603175,0.8346181172291297,36.12903225806451,-13.600891861761427,13.239074550128535,-1.829652996845426,-0.0608975590721104,-0.1923729438666371,0.468740418225302,0.3916981538627286,-0.2547770700636979,0.641025641025641,0.0,-0.5856515373352731,-0.1550387596899136,-0.616332819722659,0.0,0.0,510.0,0.0,6.490482434326536,4.591884990069044,3.3402565668906536,3.4406758907799677,-0.8910770937711284,-4.447720646700239
2011-08-03,48801.0,-12.8584693403807,548.0,7.450980392156863,8.765523829742065,8.230181277056277,3987.0,3426.0,3127.0,3577.0,3864.0,4335.0,3126.0,3918.0,3275.0,3087.0,2735.0,3511.0,3480.0,1.0,0.0,0.0,1.5,0.0,0.0,0.0,0.0,1.0,0.0,0.0,0.0,0.0,0.0,0.0,0.0,0.0,20.0,18.0,15.0,66.0,65.0,59.0,510.0,514.0,512.0,510.0,523.0,511.0,56002.0,55989.0,50244.0,53390.0,46989.0,44790.0,0.0232188465591455,11.434201098638644,-5.89248923019292,13.622337142735534,4.909578030810448,1.7954545454545456,-6.783519128748046,16.886071127316264,-19.067382812500004,18.74097007223943,-21.33875619794536,8.273582837329773,436.0,445.0,423.0,424.0,424.0,439.0,5.839330812688866,1.1831610044313146,7.4603174603174605,11.900532859680284,0.5159700773062434,-1.3908205841446457,-12.235986490573652,1.1709047900650598,-9.668376643399773,34.574468085106375,-10.161103047895503,-0.1100805440812603,0.0457,0.0434,0.0584,0.0651,0.0827,0.0661,3126.530029296875,3114.7099609375,3042.830078125,3102.97998046875,3168.81005859375,3109.85009765625,0.379491782786005,2.3622706811414385,-1.9384560236403297,-2.0774384361243152,1.8959100627369592,-1.7673242248064855,0.772430725093447,0.8173457321790922,0.7421565731166913,0.8474603174603175,0.8346181172291297,0.7996643516452125,36.12903225806451,-13.600891861761427,13.239074550128535,-1.829652996845426,-0.0608975590721104,-0.1923729438666371,0.468740418225302,0.3916981538627286,-0.2547770700636979,0.641025641025641,0.0,-0.5856515373352731,-0.1550387596899136,-0.616332819722659,0.0,0.0,510.0,0.0,6.490482434326536,4.591884990069044,3.3402565668906536,3.4406758907799677,-0.8910770937711284,-4.447720646700239
2011-07-20,56002.0,0.0232188465591455,510.0,0.0,6.490482434326536,3.4406758907799677,3426.0,3127.0,3577.0,3864.0,4335.0,3126.0,3918.0,3275.0,3087.0,2735.0,3511.0,3480.0,3507.0,1.0,0.0,0.0,1.5,0.0,0.0,0.0,0.0,1.0,0.0,0.0,0.0,0.0,0.0,0.0,0.0,0.0,18.0,15.0,17.0,65.0,59.0,62.0,514.0,512.0,510.0,523.0,511.0,565.0,55989.0,50244.0,53390.0,46989.0,44790.0,44000.0,11.434201098638644,-5.89248923019292,13.622337142735534,4.909578030810448,1.7954545454545456,1.8235675275386467,16.886071127316264,-19.067382812500004,18.74097007223943,-21.33875619794536,8.273582837329773,7.450391318072475,445.0,423.0,424.0,424.0,439.0,423.0,1.1831610044313146,7.4603174603174605,11.900532859680284,0.5159700773062434,-1.3908205841446457,3.2726677696769153,1.1709047900650598,-9.668376643399773,34.574468085106375,-10.161103047895503,-0.1100805440812603,16.229619743005934,0.0434,0.0584,0.0651,0.0827,0.0661,0.0449,3114.7099609375,3042.830078125,3102.97998046875,3168.81005859375,3109.85009765625,3165.800048828125,2.3622706811414385,-1.9384560236403297,-2.0774384361243152,1.8959100627369592,-1.7673242248064855,-0.1428882540695622,0.8173457321790922,0.7421565731166913,0.8474603174603175,0.8346181172291297,0.7996643516452125,0.7746342493970176,-13.600891861761427,-11.97252208047105,-1.829652996845426,2.7885862516212714,-0.1923729438666371,-0.0203543425547354,0.3916981538627286,0.399055863957877,0.641025641025641,0.3861003861003824,-0.5856515373352731,1.7883755588673669,-0.616332819722659,2.204724409448828,0.0,0.1349527665317254,510.0,-14.715719063545151,4.591884990069044,3.3402565668906536,-2.8947680626408827,-0.8910770937711284,-4.447720646700239,-4.1306039479744
2011-07-06,55989.0,11.434201098638644,510.0,0.0,6.490482434326536,3.4406758907799677,3426.0,3127.0,3577.0,3864.0,4335.0,3126.0,3918.0,3275.0,3087.0,2735.0,3511.0,3480.0,3507.0,1.0,0.0,0.0,1.5,0.0,0.0,0.0,0.0,1.0,0.0,0.0,0.0,0.0,0.0,0.0,0.0,0.0,18.0,15.0,17.0,65.0,59.0,62.0,512.0,510.0,523.0,511.0,565.0,512.0,50244.0,53390.0,46989.0,44790.0,44000.0,43212.0,-5.89248923019292,13.622337142735534,4.909578030810448,1.7954545454545456,1.8235675275386467,-1.3717389815808092,-19.067382812500004,18.74097007223943,-21.33875619794536,8.273582837329773,7.450391318072475,-9.728332322006471,423.0,424.0,424.0,439.0,423.0,425.0,7.4603174603174605,11.900532859680284,0.5159700773062434,-1.3908205841446457,3.2726677696769153,-3.5104031437493424,-9.668376643399773,34.574468085106375,-10.161103047895503,-0.1100805440812603,16.229619743005934,-6.610586203393261,0.0584,0.0651,0.0827,0.0661,0.0449,0.0418,3042.830078125,3102.97998046875,3168.81005859375,3109.85009765625,3165.800048828125,3170.330078125,-1.9384560236403297,-2.0774384361243152,1.8959100627369592,-1.7673242248064855,-0.1428882540695622,4.901748056570501,0.7421565731166913,0.8474603174603175,0.8346181172291297,0.7996643516452125,0.7746342493970176,0.7856584425737714,-13.600891861761427,-11.97252208047105,-1.829652996845426,2.7885862516212714,-0.1923729438666371,-0.0203543425547354,0.3916981538627286,0.399055863957877,0.641025641025641,0.3861003861003824,-0.5856515373352731,1.7883755588673669,-0.616332819722659,2.204724409448828,0.0,0.1349527665317254,510.0,-14.715719063545151,4.591884990069044,3.3402565668906536,-2.8947680626408827,-0.8910770937711284,-4.447720646700239,-4.1306039479744
2011-06-22,50244.0,-5.89248923019292,510.0,0.0,4.591884990069044,-0.8910770937711284,3127.0,3577.0,3864.0,4335.0,3126.0,3918.0,3275.0,3087.0,2735.0,3511.0,3480.0,3507.0,3422.0,1.0,0.0,0.0,1.5,0.0,0.0,0.0,0.0,1.0,0.0,0.0,0.0,0.0,0.0,0.0,0.0,0.0,15.0,17.0,21.0,59.0,62.0,64.0,510.0,523.0,511.0,565.0,512.0,527.0,53390.0,46989.0,44790.0,44000.0,43212.0,43813.0,13.622337142735534,4.909578030810448,1.7954545454545456,1.8235675275386467,-1.3717389815808092,2.847417840375587,18.74097007223943,-21.33875619794536,8.273582837329773,7.450391318072475,-9.728332322006471,6.948007590132835,424.0,424.0,439.0,423.0,425.0,424.0,11.900532859680284,0.5159700773062434,-1.3908205841446457,3.2726677696769153,-3.5104031437493424,-7.9038355898794705,34.574468085106375,-10.161103047895503,-0.1100805440812603,16.229619743005934,-6.610586203393261,-13.193403298350836,0.0651,0.0827,0.0661,0.0449,0.0418,0.03,3102.97998046875,3168.81005859375,3109.85009765625,3165.800048828125,3170.330078125,3022.18994140625,-2.0774384361243152,1.8959100627369592,-1.7673242248064855,-0.1428882540695622,4.901748056570501,-2.2862026955323427,0.8474603174603175,0.8346181172291297,0.7996643516452125,0.7746342493970176,0.7856584425737714,0.7686221536086453,-11.97252208047105,68.98839137645108,2.7885862516212714,43.977591036414566,-0.0203543425547354,-0.008259051035036,0.399055863957877,0.2839676439595859,0.3861003861003824,0.1288659793814542,1.7883755588673669,-0.592592592592601,2.204724409448828,-0.78125,0.1349527665317254,0.2706359945872646,510.0,-14.715719063545151,3.3402565668906536,-2.8947680626408827,2.8980907270862835,-4.447720646700239,-4.1306039479744,6.185393163690326
2011-06-08,53390.0,13.622337142735534,510.0,0.0,4.591884990069044,-0.8910770937711284,3127.0,3577.0,3864.0,4335.0,3126.0,3918.0,3275.0,3087.0,2735.0,3511.0,3480.0,3507.0,3422.0,1.0,0.0,0.0,1.5,0.0,0.0,0.0,0.0,1.0,0.0,0.0,0.0,0.0,0.0,0.0,0.0,0.0,15.0,17.0,21.0,59.0,62.0,64.0,523.0,511.0,565.0,512.0,527.0,532.0,46989.0,44790.0,44000.0,43212.0,43813.0,42600.0,4.909578030810448,1.7954545454545456,1.8235675275386467,-1.3717389815808092,2.847417840375587,-0.9279285564780576,-21.33875619794536,8.273582837329773,7.450391318072475,-9.728332322006471,6.948007590132835,6.6574271974352115,424.0,439.0,423.0,425.0,424.0,424.0,0.5159700773062434,-1.3908205841446457,3.2726677696769153,-3.5104031437493424,-7.9038355898794705,-0.1709677419354838,-10.161103047895503,-0.1100805440812603,16.229619743005934,-6.610586203393261,-13.193403298350836,-8.126721763085396,0.0827,0.0661,0.0449,0.0418,0.03,0.0413,3168.81005859375,3109.85009765625,3165.800048828125,3170.330078125,3022.18994140625,3092.89990234375,1.8959100627369592,-1.7673242248064855,-0.1428882540695622,4.901748056570501,-2.2862026955323427,3.0331229650204325,0.8346181172291297,0.7996643516452125,0.7746342493970176,0.7856584425737714,0.7686221536086453,0.6882734998545901,-11.97252208047105,68.98839137645108,2.7885862516212714,43.977591036414566,-0.0203543425547354,-0.008259051035036,0.399055863957877,0.2839676439595859,0.3861003861003824,0.1288659793814542,1.7883755588673669,-0.592592592592601,2.204724409448828,-0.78125,0.1349527665317254,0.2706359945872646,510.0,-14.715719063545151,3.3402565668906536,-2.8947680626408827,2.8980907270862835,-4.447720646700239,-4.1306039479744,6.185393163690326
2011-05-19,46989.0,4.909578030810448,510.0,0.0,3.3402565668906536,-4.447720646700239,3577.0,3864.0,4335.0,3126.0,3918.0,3275.0,3087.0,2735.0,3511.0,3480.0,3507.0,3422.0,2903.0,1.0,0.0,0.0,1.5,0.0,0.0,0.0,0.0,1.0,0.0,0.0,0.0,0.0,0.0,0.0,0.0,0.0,17.0,21.0,27.0,62.0,64.0,76.0,511.0,565.0,512.0,527.0,532.0,511.0,44790.0,44000.0,43212.0,43813.0,42600.0,42999.0,1.7954545454545456,1.8235675275386467,-1.3717389815808092,2.847417840375587,-0.9279285564780576,15.825342096756817,8.273582837329773,7.450391318072475,-9.728332322006471,6.948007590132835,6.6574271974352115,-29.6243549417185,439.0,423.0,425.0,424.0,424.0,424.0,-1.3908205841446457,3.2726677696769153,-3.5104031437493424,-7.9038355898794705,-0.1709677419354838,16.10486891385768,-0.1100805440812603,16.229619743005934,-6.610586203393261,-13.193403298350836,-8.126721763085396,15.310288915094343,0.0661,0.0449,0.0418,0.03,0.0413,0.0918,3109.85009765625,3165.800048828125,3170.330078125,3022.18994140625,3092.89990234375,3001.85009765625,-1.7673242248064855,-0.1428882540695622,4.901748056570501,-2.2862026955323427,3.0331229650204325,-4.720111922064948,0.7996643516452125,0.7746342493970176,0.7856584425737714,0.7686221536086453,0.6882734998545901,0.6935322580645161,68.98839137645108,-47.19789842381786,43.977591036414566,-23.60912981455064,-0.008259051035036,0.0123901115110036,0.2839676439595859,0.2466086456719211,0.1288659793814542,-0.1287001287001396,-0.592592592592601,-2.3154848046309615,-0.78125,-2.883156297420342,0.2706359945872646,0.0,510.0,-14.715719063545151,-2.8947680626408827,2.8980907270862835,5.796352740610631,-4.1306039479744,6.185393163690326,12.846812559467176
2011-05-05,44790.0,1.7954545454545456,510.0,0.0,3.3402565668906536,-4.447720646700239,3577.0,3864.0,4335.0,3126.0,3918.0,3275.0,3087.0,2735.0,3511.0,3480.0,3507.0,3422.0,2903.0,1.0,0.0,0.0,1.5,0.0,0.0,0.0,0.0,1.0,0.0,0.0,0.0,0.0,0.0,0.0,0.0,0.0,17.0,21.0,27.0,62.0,64.0,76.0,565.0,512.0,527.0,532.0,511.0,523.0,44000.0,43212.0,43813.0,42600.0,42999.0,37124.0,1.8235675275386467,-1.3717389815808092,2.847417840375587,-0.9279285564780576,15.825342096756817,-7.474515863719064,7.450391318072475,-9.728332322006471,6.948007590132835,6.6574271974352115,-29.6243549417185,21.91211599160874,423.0,425.0,424.0,424.0,424.0,431.0,3.2726677696769153,-3.5104031437493424,-7.9038355898794705,-0.1709677419354838,16.10486891385768,-9.353250721439483,16.229619743005934,-6.610586203393261,-13.193403298350836,-8.126721763085396,15.310288915094343,2.4593967517401354,0.0449,0.0418,0.03,0.0413,0.0918,0.0932,3165.800048828125,3170.330078125,3022.18994140625,3092.89990234375,3001.85009765625,3150.56005859375,-0.1428882540695622,4.901748056570501,-2.2862026955323427,3.0331229650204325,-4.720111922064948,-2.819279184352396,0.7746342493970176,0.7856584425737714,0.7686221536086453,0.6882734998545901,0.6935322580645161,0.6952059925093633,68.98839137645108,-47.19789842381786,43.977591036414566,-23.60912981455064,-0.008259051035036,0.0123901115110036,0.2839676439595859,0.2466086456719211,0.1288659793814542,-0.1287001287001396,-0.592592592592601,-2.3154848046309615,-0.78125,-2.883156297420342,0.2706359945872646,0.0,510.0,-14.715719063545151,-2.8947680626408827,2.8980907270862835,5.796352740610631,-4.1306039479744,6.185393163690326,12.846812559467176
2011-04-20,44000.0,1.8235675275386467,510.0,-14.715719063545151,-2.8947680626408827,-4.1306039479744,3864.0,4335.0,3126.0,3918.0,3275.0,3087.0,2735.0,3511.0,3480.0,3507.0,3422.0,2903.0,2469.0,1.0,0.0,0.0,1.5,0.0,0.0,0.0,0.0,1.0,0.0,0.0,0.0,0.0,0.0,0.0,0.0,0.0,21.0,27.0,25.0,64.0,76.0,62.0,512.0,527.0,532.0,511.0,523.0,607.0,43212.0,43813.0,42600.0,42999.0,37124.0,40123.0,-1.3717389815808092,2.847417840375587,-0.9279285564780576,15.825342096756817,-7.474515863719064,3.173133791046311,-9.728332322006471,6.948007590132835,6.6574271974352115,-29.6243549417185,21.91211599160874,-7.417655318819591,425.0,424.0,424.0,424.0,431.0,483.0,-3.5104031437493424,-7.9038355898794705,-0.1709677419354838,16.10486891385768,-9.353250721439483,-14.623188405797102,-6.610586203393261,-13.193403298350836,-8.126721763085396,15.310288915094343,2.4593967517401354,-11.759310218308569,0.0418,0.03,0.0413,0.0918,0.0932,0.0639,3170.330078125,3022.18994140625,3092.89990234375,3001.85009765625,3150.56005859375,3241.9599609375,4.901748056570501,-2.2862026955323427,3.0331229650204325,-4.720111922064948,-2.819279184352396,-0.3776611834524084,0.7856584425737714,0.7686221536086453,0.6882734998545901,0.6935322580645161,0.6952059925093633,0.6810897979969445,-47.19789842381786,32.175925925925924,-23.60912981455064,-30.594059405940595,0.0123901115110036,0.1284910425497349,0.2466086456719211,0.3265083477820421,-0.1287001287001396,1.7015706806282684,-2.3154848046309615,5.819295558958649,-2.883156297420342,7.328990228013041,0.0,0.2713704206241558,598.0,0.0,2.8980907270862835,5.796352740610631,15.19623887880501,6.185393163690326,12.846812559467176,17.90177469655157
2011-04-06,43212.0,-1.3717389815808092,510.0,-14.715719063545151,-2.8947680626408827,-4.1306039479744,3864.0,4335.0,3126.0,3918.0,3275.0,3087.0,2735.0,3511.0,3480.0,3507.0,3422.0,2903.0,2469.0,1.0,0.0,0.0,1.5,0.0,0.0,0.0,0.0,1.0,0.0,0.0,0.0,0.0,0.0,0.0,0.0,0.0,21.0,27.0,25.0,64.0,76.0,62.0,527.0,532.0,511.0,523.0,607.0,614.0,43813.0,42600.0,42999.0,37124.0,40123.0,38889.0,2.847417840375587,-0.9279285564780576,15.825342096756817,-7.474515863719064,3.173133791046311,-15.6951158707104,6.948007590132835,6.6574271974352115,-29.6243549417185,21.91211599160874,-7.417655318819591,58.65219923636127,424.0,424.0,424.0,431.0,483.0,481.0,-7.9038355898794705,-0.1709677419354838,16.10486891385768,-9.353250721439483,-14.623188405797102,-4.1679976666990735,-13.193403298350836,-8.126721763085396,15.310288915094343,2.4593967517401354,-11.759310218308569,-6.013370462911747,0.03,0.0413,0.0918,0.0932,0.0639,0.0713,3022.18994140625,3092.89990234375,3001.85009765625,3150.56005859375,3241.9599609375,3254.25,-2.2862026955323427,3.0331229650204325,-4.720111922064948,-2.819279184352396,-0.3776611834524084,3.4964726556076067,0.7686221536086453,0.6882734998545901,0.6935322580645161,0.6952059925093633,0.6810897979969445,0.5636086956521739,-47.19789842381786,32.175925925925924,-23.60912981455064,-30.594059405940595,0.0123901115110036,0.1284910425497349,0.2466086456719211,0.3265083477820421,-0.1287001287001396,1.7015706806282684,-2.3154848046309615,5.819295558958649,-2.883156297420342,7.328990228013041,0.0,0.2713704206241558,598.0,0.0,2.8980907270862835,5.796352740610631,15.19623887880501,6.185393163690326,12.846812559467176,17.90177469655157
2011-03-23,43813.0,2.847417840375587,510.0,-14.715719063545151,2.8980907270862835,6.185393163690326,4335.0,3126.0,3918.0,3275.0,3087.0,2735.0,3511.0,3480.0,3507.0,3422.0,2903.0,2469.0,2335.0,1.0,0.0,0.0,1.5,0.0,0.0,0.0,0.0,1.0,0.0,0.0,0.0,0.0,0.0,0.0,0.0,0.0,27.0,25.0,31.0,76.0,62.0,59.0,532.0,511.0,523.0,607.0,614.0,617.0,42600.0,42999.0,37124.0,40123.0,38889.0,46129.0,-0.9279285564780576,15.825342096756817,-7.474515863719064,3.173133791046311,-15.6951158707104,-3.098479119401731,6.6574271974352115,-29.6243549417185,21.91211599160874,-7.417655318819591,58.65219923636127,-28.259764197413155,424.0,424.0,431.0,483.0,481.0,499.0,-0.1709677419354838,16.10486891385768,-9.353250721439483,-14.623188405797102,-4.1679976666990735,15.197913666762664,-8.126721763085396,15.310288915094343,2.4593967517401354,-11.759310218308569,-6.013370462911747,-19.04737909087033,0.0413,0.0918,0.0932,0.0639,0.0713,0.0836,3092.89990234375,3001.85009765625,3150.56005859375,3241.9599609375,3254.25,3144.31005859375,3.0331229650204325,-4.720111922064948,-2.819279184352396,-0.3776611834524084,3.4964726556076067,-1.826214229507582,0.6882734998545901,0.6935322580645161,0.6952059925093633,0.6810897979969445,0.5636086956521739,0.6406716573380925,32.175925925925924,-17.24137931034483,-30.594059405940595,25.23248605083695,0.1284910425497349,0.0106348723372199,0.3265083477820421,0.549652892043941,1.7015706806282684,0.1310615989515184,5.819295558958649,2.6729559748427603,7.328990228013041,3.1932773109243673,0.2713704206241558,0.0,598.0,0.0,5.796352740610631,15.19623887880501,6.270554009612953,12.846812559467176,17.90177469655157,2.785785116343426
2011-03-09,42600.0,-0.9279285564780576,510.0,-14.715719063545151,2.8980907270862835,6.185393163690326,4335.0,3126.0,3918.0,3275.0,3087.0,2735.0,3511.0,3480.0,3507.0,3422.0,2903.0,2469.0,2335.0,1.0,0.0,0.0,1.5,0.0,0.0,0.0,0.0,1.0,0.0,0.0,0.0,0.0,0.0,0.0,0.0,0.0,27.0,25.0,31.0,76.0,62.0,59.0,511.0,523.0,607.0,614.0,617.0,598.0,42999.0,37124.0,40123.0,38889.0,46129.0,47604.0,15.825342096756817,-7.474515863719064,3.173133791046311,-15.6951158707104,-3.098479119401731,22.06153846153846,-29.6243549417185,21.91211599160874,-7.417655318819591,58.65219923636127,-28.259764197413155,22.24421541191727,424.0,431.0,483.0,481.0,499.0,479.0,16.10486891385768,-9.353250721439483,-14.623188405797102,-4.1679976666990735,15.197913666762664,30.511589058258508,15.310288915094343,2.4593967517401354,-11.759310218308569,-6.013370462911747,-19.04737909087033,46.14367614712127,0.0918,0.0932,0.0639,0.0713,0.0836,0.0866,3001.85009765625,3150.56005859375,3241.9599609375,3254.25,3144.31005859375,3202.800048828125,-4.720111922064948,-2.819279184352396,-0.3776611834524084,3.4964726556076067,-1.826214229507582,-0.3862852927068604,0.6935322580645161,0.6952059925093633,0.6810897979969445,0.5636086956521739,0.6406716573380925,0.7616396275319189,32.175925925925924,-17.24137931034483,-30.594059405940595,25.23248605083695,0.1284910425497349,0.0106348723372199,0.3265083477820421,0.549652892043941,1.7015706806282684,0.1310615989515184,5.819295558958649,2.6729559748427603,7.328990228013041,3.1932773109243673,0.2713704206241558,0.0,598.0,0.0,5.796352740610631,15.19623887880501,6.270554009612953,12.846812559467176,17.90177469655157,2.785785116343426
2011-02-23,42999.0,15.825342096756817,510.0,-14.715719063545151,5.796352740610631,12.846812559467176,3126.0,3918.0,3275.0,3087.0,2735.0,3511.0,3480.0,3507.0,3422.0,2903.0,2469.0,2335.0,1577.0,1.0,0.0,0.0,1.5,0.0,0.0,0.0,0.0,1.0,0.0,0.0,0.0,0.0,0.0,0.0,0.0,0.0,25.0,31.0,13.0,62.0,59.0,55.0,523.0,607.0,614.0,617.0,598.0,597.0,37124.0,40123.0,38889.0,46129.0,47604.0,39000.0,-7.474515863719064,3.173133791046311,-15.6951158707104,-3.098479119401731,22.06153846153846,14.702508749742654,21.91211599160874,-7.417655318819591,58.65219923636127,-28.259764197413155,22.24421541191727,-1.0207224338378365,431.0,483.0,481.0,499.0,479.0,480.0,-9.353250721439483,-14.623188405797102,-4.1679976666990735,15.197913666762664,30.511589058258508,5.250434056394365,2.4593967517401354,-11.759310218308569,-6.013370462911747,-19.04737909087033,46.14367614712127,-0.8420380687093822,0.0932,0.0639,0.0713,0.0836,0.0866,0.0828,3150.56005859375,3241.9599609375,3254.25,3144.31005859375,3202.800048828125,3215.219970703125,-2.819279184352396,-0.3776611834524084,3.4964726556076067,-1.826214229507582,-0.3862852927068604,-0.3023283964989681,0.6952059925093633,0.6810897979969445,0.5636086956521739,0.6406716573380925,0.7616396275319189,0.814366256003341,-17.24137931034483,2.0527859237536656,25.23248605083695,-2.5966183574879227,0.0106348723372199,0.0635541865950918,0.549652892043941,0.3412164287062079,0.1310615989515184,0.2628120893561141,2.6729559748427603,0.3154574132492158,3.1932773109243673,0.5067567567567519,0.0,0.0,598.0,0.0,15.19623887880501,6.270554009612953,-0.0600448756439022,17.90177469655157,2.785785116343426,3.420067256552744
2011-02-09,37124.0,-7.474515863719064,510.0,-14.715719063545151,5.796352740610631,12.846812559467176,3126.0,3918.0,3275.0,3087.0,2735.0,3511.0,3480.0,3507.0,3422.0,2903.0,2469.0,2335.0,1577.0,1.0,0.0,0.0,1.5,0.0,0.0,0.0,0.0,1.0,0.0,0.0,0.0,0.0,0.0,0.0,0.0,0.0,25.0,31.0,13.0,62.0,59.0,55.0,607.0,614.0,617.0,598.0,597.0,598.0,40123.0,38889.0,46129.0,47604.0,39000.0,34001.0,3.173133791046311,-15.6951158707104,-3.098479119401731,22.06153846153846,14.702508749742654,4.892796544809501,-7.417655318819591,58.65219923636127,-28.259764197413155,22.24421541191727,-1.0207224338378365,11.6371176054003,483.0,481.0,499.0,479.0,480.0,482.0,-14.623188405797102,-4.1679976666990735,15.197913666762664,30.511589058258508,5.250434056394365,2.0201793721973096,-11.759310218308569,-6.013370462911747,-19.04737909087033,46.14367614712127,-0.8420380687093822,-6.849723194262378,0.0639,0.0713,0.0836,0.0866,0.0828,0.079,3241.9599609375,3254.25,3144.31005859375,3202.800048828125,3215.219970703125,3224.969970703125,-0.3776611834524084,3.4964726556076067,-1.826214229507582,-0.3862852927068604,-0.3023283964989681,1.441267941646768,0.6810897979969445,0.5636086956521739,0.6406716573380925,0.7616396275319189,0.814366256003341,0.7472583020153403,-17.24137931034483,2.0527859237536656,25.23248605083695,-2.5966183574879227,0.0106348723372199,0.0635541865950918,0.549652892043941,0.3412164287062079,0.1310615989515184,0.2628120893561141,2.6729559748427603,0.3154574132492158,3.1932773109243673,0.5067567567567519,0.0,0.0,598.0,0.0,15.19623887880501,6.270554009612953,-0.0600448756439022,17.90177469655157,2.785785116343426,3.420067256552744
2011-01-19,40123.0,3.173133791046311,598.0,0.0,15.19623887880501,17.90177469655157,3918.0,3275.0,3087.0,2735.0,3511.0,3480.0,3507.0,3422.0,2903.0,2469.0,2335.0,1577.0,2855.0,1.0,0.0,0.0,1.5,0.0,0.0,0.0,0.0,1.0,0.0,0.0,0.0,0.0,0.0,0.0,0.0,0.0,31.0,13.0,11.0,59.0,55.0,52.0,614.0,617.0,598.0,597.0,598.0,647.0,38889.0,46129.0,47604.0,39000.0,34001.0,32415.0,-15.6951158707104,-3.098479119401731,22.06153846153846,14.702508749742654,4.892796544809501,-2.1640709887721843,58.65219923636127,-28.259764197413155,22.24421541191727,-1.0207224338378365,11.6371176054003,5.1126657447327695,481.0,499.0,479.0,480.0,482.0,479.0,-4.1679976666990735,15.197913666762664,30.511589058258508,5.250434056394365,2.0201793721973096,4.2031728230648815,-6.013370462911747,-19.04737909087033,46.14367614712127,-0.8420380687093822,-6.849723194262378,21.587301587301603,0.0713,0.0836,0.0866,0.0828,0.079,0.0966,3254.25,3144.31005859375,3202.800048828125,3215.219970703125,3224.969970703125,3179.14990234375,3.4964726556076067,-1.826214229507582,-0.3862852927068604,-0.3023283964989681,1.441267941646768,-0.3423174344644142,0.5636086956521739,0.6406716573380925,0.7616396275319189,0.814366256003341,0.7472583020153403,0.7267937219730942,2.0527859237536656,-5.189990732159407,-2.5966183574879227,-8.051082731815658,0.0635541865950918,0.044359799375414,0.3412164287062079,0.3700985614292591,0.2628120893561141,0.5284015852047443,0.3154574132492158,0.7949125596184419,0.5067567567567519,1.0238907849829375,0.0,0.0,598.0,157.75862068965515,6.270554009612953,-0.0600448756439022,0.812412386899452,2.785785116343426,3.420067256552744,2.7419750061259496
2011-01-05,38889.0,-15.6951158707104,598.0,0.0,15.19623887880501,17.90177469655157,3918.0,3275.0,3087.0,2735.0,3511.0,3480.0,3507.0,3422.0,2903.0,2469.0,2335.0,1577.0,2855.0,1.0,0.0,0.0,1.5,0.0,0.0,0.0,0.0,1.0,0.0,0.0,0.0,0.0,0.0,0.0,0.0,0.0,31.0,13.0,11.0,59.0,55.0,52.0,617.0,598.0,597.0,598.0,647.0,601.0,46129.0,47604.0,39000.0,34001.0,32415.0,33132.0,-3.098479119401731,22.06153846153846,14.702508749742654,4.892796544809501,-2.1640709887721843,10.436318789373686,-28.259764197413155,22.24421541191727,-1.0207224338378365,11.6371176054003,5.1126657447327695,-27.774957145945073,499.0,479.0,480.0,482.0,479.0,479.0,15.197913666762664,30.511589058258508,5.250434056394365,2.0201793721973096,4.2031728230648815,0.7058657443354274,-19.04737909087033,46.14367614712127,-0.8420380687093822,-6.849723194262378,21.587301587301603,-0.9510554395731848,0.0836,0.0866,0.0828,0.079,0.0966,0.1056,3144.31005859375,3202.800048828125,3215.219970703125,3224.969970703125,3179.14990234375,3190.070068359375,-1.826214229507582,-0.3862852927068604,-0.3023283964989681,1.441267941646768,-0.3423174344644142,3.0351076431366133,0.6406716573380925,0.7616396275319189,0.814366256003341,0.7472583020153403,0.7267937219730942,0.7740940632228219,2.0527859237536656,-5.189990732159407,-2.5966183574879227,-8.051082731815658,0.0635541865950918,0.044359799375414,0.3412164287062079,0.3700985614292591,0.2628120893561141,0.5284015852047443,0.3154574132492158,0.7949125596184419,0.5067567567567519,1.0238907849829375,0.0,0.0,598.0,157.75862068965515,6.270554009612953,-0.0600448756439022,0.812412386899452,2.785785116343426,3.420067256552744,2.7419750061259496
2010-12-22,46129.0,-3.098479119401731,598.0,0.0,6.270554009612953,2.785785116343426,3275.0,3087.0,2735.0,3511.0,3480.0,3507.0,3422.0,2903.0,2469.0,2335.0,1577.0,2855.0,2269.0,1.0,0.0,0.0,1.5,0.0,0.0,0.0,0.0,1.0,0.0,0.0,0.0,0.0,0.0,0.0,0.0,0.0,13.0,11.0,13.0,55.0,52.0,52.0,598.0,597.0,598.0,647.0,601.0,597.0,47604.0,39000.0,34001.0,32415.0,33132.0,30001.0,22.06153846153846,14.702508749742654,4.892796544809501,-2.1640709887721843,10.436318789373686,-9.332406539937743,22.24421541191727,-1.0207224338378365,11.6371176054003,5.1126657447327695,-27.774957145945073,35.426163073431674,479.0,480.0,482.0,479.0,479.0,488.0,30.511589058258508,5.250434056394365,2.0201793721973096,4.2031728230648815,0.7058657443354274,-3.689183983321626,46.14367614712127,-0.8420380687093822,-6.849723194262378,21.587301587301603,-0.9510554395731848,-15.977651211642169,0.0866,0.0828,0.079,0.0966,0.1056,0.1192,3202.800048828125,3215.219970703125,3224.969970703125,3179.14990234375,3190.070068359375,3096.10009765625,-0.3862852927068604,-0.3023283964989681,1.441267941646768,-0.3423174344644142,3.0351076431366133,2.811968372996802,0.7616396275319189,0.814366256003341,0.7472583020153403,0.7267937219730942,0.7740940632228219,0.7058892731935719,-5.189990732159407,-10.604805302402651,-8.051082731815658,9.283980582524272,0.044359799375414,0.0725068733556476,0.3700985614292591,0.4259601935246125,0.5284015852047443,0.0,0.7949125596184419,-0.158730158730161,1.0238907849829375,-0.3401360544217614,0.0,0.0,598.0,157.75862068965515,-0.0600448756439022,0.812412386899452,4.209827357237716,3.420067256552744,2.7419750061259496,5.857024278896036
2010-12-08,47604.0,22.06153846153846,598.0,0.0,6.270554009612953,2.785785116343426,3275.0,3087.0,2735.0,3511.0,3480.0,3507.0,3422.0,2903.0,2469.0,2335.0,1577.0,2855.0,2269.0,1.0,0.0,0.0,1.5,0.0,0.0,0.0,0.0,1.0,0.0,0.0,0.0,0.0,0.0,0.0,0.0,0.0,13.0,11.0,13.0,55.0,52.0,52.0,597.0,598.0,647.0,601.0,597.0,631.0,39000.0,34001.0,32415.0,33132.0,30001.0,33089.0,14.702508749742654,4.892796544809501,-2.1640709887721843,10.436318789373686,-9.332406539937743,14.099999999999998,-1.0207224338378365,11.6371176054003,5.1126657447327695,-27.774957145945073,35.426163073431674,-23.6620748506644,480.0,482.0,479.0,479.0,488.0,479.0,5.250434056394365,2.0201793721973096,4.2031728230648815,0.7058657443354274,-3.689183983321626,3.081055828077552,-0.8420380687093822,-6.849723194262378,21.587301587301603,-0.9510554395731848,-15.977651211642169,11.528715570811563,0.0828,0.079,0.0966,0.1056,0.1192,0.1082,3215.219970703125,3224.969970703125,3179.14990234375,3190.070068359375,3096.10009765625,3011.419921875,-0.3023283964989681,1.441267941646768,-0.3423174344644142,3.0351076431366133,2.811968372996802,3.153070730756815,0.814366256003341,0.7472583020153403,0.7267937219730942,0.7740940632228219,0.7058892731935719,0.7498243785265924,-5.189990732159407,-10.604805302402651,-8.051082731815658,9.283980582524272,0.044359799375414,0.0725068733556476,0.3700985614292591,0.4259601935246125,0.5284015852047443,0.0,0.7949125596184419,-0.158730158730161,1.0238907849829375,-0.3401360544217614,0.0,0.0,598.0,157.75862068965515,-0.0600448756439022,0.812412386899452,4.209827357237716,3.420067256552744,2.7419750061259496,5.857024278896036
2010-11-18,39000.0,14.702508749742654,598.0,0.0,-0.0600448756439022,3.420067256552744,3087.0,2735.0,3511.0,3480.0,3507.0,3422.0,2903.0,2469.0,2335.0,1577.0,2855.0,2269.0,2201.0,1.0,0.0,0.0,1.5,0.0,0.0,0.0,0.0,1.0,0.0,0.0,0.0,0.0,0.0,0.0,0.0,0.0,11.0,13.0,12.0,52.0,52.0,47.0,598.0,647.0,601.0,597.0,631.0,606.0,34001.0,32415.0,33132.0,30001.0,33089.0,29000.0,4.892796544809501,-2.1640709887721843,10.436318789373686,-9.332406539937743,14.099999999999998,-9.668577124345877,11.6371176054003,5.1126657447327695,-27.774957145945073,35.426163073431674,-23.6620748506644,27.320938200690303,482.0,479.0,479.0,488.0,479.0,482.0,2.0201793721973096,4.2031728230648815,0.7058657443354274,-3.689183983321626,3.081055828077552,-1.2092121659666777,-6.849723194262378,21.587301587301603,-0.9510554395731848,-15.977651211642169,11.528715570811563,2.530054781812941,0.079,0.0966,0.1056,0.1192,0.1082,0.111,3224.969970703125,3179.14990234375,3190.070068359375,3096.10009765625,3011.419921875,2919.3701171875,1.441267941646768,-0.3423174344644142,3.0351076431366133,2.811968372996802,3.153070730756815,-2.748286793876864,0.7472583020153403,0.7267937219730942,0.7740940632228219,0.7058892731935719,0.7498243785265924,0.6774118196683018,-10.604805302402651,-12.409288824383164,9.283980582524272,-12.572944297082229,0.0725068733556476,0.0861946399374422,0.4259601935246125,0.333157080780653,0.0,0.531208499335997,-0.158730158730161,0.6389776357827454,-0.3401360544217614,1.0309278350515367,0.0,0.0,598.0,157.75862068965515,0.812412386899452,4.209827357237716,0.9281908655296048,2.7419750061259496,5.857024278896036,-2.8182505671792284
2010-11-03,34001.0,4.892796544809501,598.0,0.0,-0.0600448756439022,3.420067256552744,3087.0,2735.0,3511.0,3480.0,3507.0,3422.0,2903.0,2469.0,2335.0,1577.0,2855.0,2269.0,2201.0,1.0,0.0,0.0,1.5,0.0,0.0,0.0,0.0,1.0,0.0,0.0,0.0,0.0,0.0,0.0,0.0,0.0,11.0,13.0,12.0,52.0,52.0,47.0,647.0,601.0,597.0,631.0,606.0,622.0,32415.0,33132.0,30001.0,33089.0,29000.0,32104.0,-2.1640709887721843,10.436318789373686,-9.332406539937743,14.099999999999998,-9.668577124345877,-11.22172446214258,5.1126657447327695,-27.774957145945073,35.426163073431674,-23.6620748506644,27.320938200690303,-8.6554032260746,479.0,479.0,488.0,479.0,482.0,479.0,4.2031728230648815,0.7058657443354274,-3.689183983321626,3.081055828077552,-1.2092121659666777,1.037562078854718,21.587301587301603,-0.9510554395731848,-15.977651211642169,11.528715570811563,2.530054781812941,-14.282095188947013,0.0966,0.1056,0.1192,0.1082,0.111,0.1285,3179.14990234375,3190.070068359375,3096.10009765625,3011.419921875,2919.3701171875,3001.8701171875,-0.3423174344644142,3.0351076431366133,2.811968372996802,3.153070730756815,-2.748286793876864,2.5898050648024884,0.7267937219730942,0.7740940632228219,0.7058892731935719,0.7498243785265924,0.6774118196683018,0.7408501407670651,-10.604805302402651,-12.409288824383164,9.283980582524272,-12.572944297082229,0.0725068733556476,0.0861946399374422,0.4259601935246125,0.333157080780653,0.0,0.531208499335997,-0.158730158730161,0.6389776357827454,-0.3401360544217614,1.0309278350515367,0.0,0.0,598.0,157.75862068965515,0.812412386899452,4.209827357237716,0.9281908655296048,2.7419750061259496,5.857024278896036,-2.8182505671792284
2010-10-20,32415.0,-2.1640709887721843,598.0,157.75862068965515,0.812412386899452,2.7419750061259496,2735.0,3511.0,3480.0,3507.0,3422.0,2903.0,2469.0,2335.0,1577.0,2855.0,2269.0,2201.0,2535.0,1.0,0.0,0.0,1.5,0.0,0.0,0.0,0.0,1.0,0.0,0.0,0.0,0.0,0.0,0.0,0.0,0.0,13.0,12.0,15.0,52.0,47.0,49.0,601.0,597.0,631.0,606.0,622.0,699.0,33132.0,30001.0,33089.0,29000.0,32104.0,36162.0,10.436318789373686,-9.332406539937743,14.099999999999998,-9.668577124345877,-11.22172446214258,22.578895630656582,-27.774957145945073,35.426163073431674,-23.6620748506644,27.320938200690303,-8.6554032260746,8.441590690267798,479.0,488.0,479.0,482.0,479.0,552.0,0.7058657443354274,-3.689183983321626,3.081055828077552,-1.2092121659666777,1.037562078854718,19.438023893731376,-0.9510554395731848,-15.977651211642169,11.528715570811563,2.530054781812941,-14.282095188947013,33.839283785826915,0.1056,0.1192,0.1082,0.111,0.1285,0.1183,3190.070068359375,3096.10009765625,3011.419921875,2919.3701171875,3001.8701171875,2926.090087890625,3.0351076431366133,2.811968372996802,3.153070730756815,-2.748286793876864,2.5898050648024884,2.274008239254277,0.7740940632228219,0.7058892731935719,0.7498243785265924,0.6774118196683018,0.7408501407670651,0.8431532560796474,-12.409288824383164,-4.2390548992355805,-12.572944297082229,-5.371485943775101,0.0861946399374422,0.0919068598094266,0.333157080780653,0.3895321224312232,0.531208499335997,1.2096774193548272,0.6389776357827454,1.788617886178864,1.0309278350515367,2.105263157894742,0.0,0.2721088435374189,232.0,-81.74665617623918,4.209827357237716,0.9281908655296048,7.422339008674994,5.857024278896036,-2.8182505671792284,7.904471765857904
2010-10-06,33132.0,10.436318789373686,598.0,157.75862068965515,0.812412386899452,2.7419750061259496,2735.0,3511.0,3480.0,3507.0,3422.0,2903.0,2469.0,2335.0,1577.0,2855.0,2269.0,2201.0,2535.0,1.0,0.0,0.0,1.5,0.0,0.0,0.0,0.0,1.0,0.0,0.0,0.0,0.0,0.0,0.0,0.0,0.0,13.0,12.0,15.0,52.0,47.0,49.0,597.0,631.0,606.0,622.0,699.0,700.0,30001.0,33089.0,29000.0,32104.0,36162.0,29501.0,-9.332406539937743,14.099999999999998,-9.668577124345877,-11.22172446214258,22.578895630656582,-6.375753728974928,35.426163073431674,-23.6620748506644,27.320938200690303,-8.6554032260746,8.441590690267798,-1.139214444092482,488.0,479.0,482.0,479.0,552.0,557.0,-3.689183983321626,3.081055828077552,-1.2092121659666777,1.037562078854718,19.438023893731376,-10.027310766455363,-15.977651211642169,11.528715570811563,2.530054781812941,-14.282095188947013,33.839283785826915,-6.805555555555548,0.1192,0.1082,0.111,0.1285,0.1183,0.1141,3096.10009765625,3011.419921875,2919.3701171875,3001.8701171875,2926.090087890625,2861.030029296875,2.811968372996802,3.153070730756815,-2.748286793876864,2.5898050648024884,2.274008239254277,-0.3490019108284046,0.7058892731935719,0.7498243785265924,0.6774118196683018,0.7408501407670651,0.8431532560796474,0.8215489153137097,-12.409288824383164,-4.2390548992355805,-12.572944297082229,-5.371485943775101,0.0861946399374422,0.0919068598094266,0.333157080780653,0.3895321224312232,0.531208499335997,1.2096774193548272,0.6389776357827454,1.788617886178864,1.0309278350515367,2.105263157894742,0.0,0.2721088435374189,232.0,-81.74665617623918,4.209827357237716,0.9281908655296048,7.422339008674994,5.857024278896036,-2.8182505671792284,7.904471765857904
2010-09-22,30001.0,-9.332406539937743,598.0,157.75862068965515,4.209827357237716,5.857024278896036,3511.0,3480.0,3507.0,3422.0,2903.0,2469.0,2335.0,1577.0,2855.0,2269.0,2201.0,2535.0,2543.0,1.0,0.0,0.0,1.5,0.0,0.0,0.0,0.0,1.0,0.0,0.0,0.0,0.0,0.0,0.0,0.0,0.0,12.0,15.0,13.0,47.0,49.0,41.0,631.0,606.0,622.0,699.0,700.0,699.0,33089.0,29000.0,32104.0,36162.0,29501.0,31510.0,14.099999999999998,-9.668577124345877,-11.22172446214258,22.578895630656582,-6.375753728974928,4.8550796978469934,-23.6620748506644,27.320938200690303,-8.6554032260746,8.441590690267798,-1.139214444092482,-17.702538017273362,479.0,482.0,479.0,552.0,557.0,557.0,3.081055828077552,-1.2092121659666777,1.037562078854718,19.438023893731376,-10.027310766455363,-0.2274886255687215,11.528715570811563,2.530054781812941,-14.282095188947013,33.839283785826915,-6.805555555555548,-8.23755539832636,0.1082,0.111,0.1285,0.1183,0.1141,0.1451,3011.419921875,2919.3701171875,3001.8701171875,2926.090087890625,2861.030029296875,2871.050048828125,3.153070730756815,-2.748286793876864,2.5898050648024884,2.274008239254277,-0.3490019108284046,4.561512046496438,0.7498243785265924,0.6774118196683018,0.7408501407670651,0.8431532560796474,0.8215489153137097,0.7895066523013705,-4.2390548992355805,5.8088235294117645,-5.371485943775101,20.727272727272727,0.0919068598094266,0.0913973708418647,0.3895321224312232,0.4385419881906335,1.2096774193548272,-0.9320905459387332,1.788617886178864,-2.689873417721523,2.105263157894742,-3.553299492385789,0.2721088435374189,0.0,232.0,-81.74665617623918,0.9281908655296048,7.422339008674994,8.574666822996052,-2.8182505671792284,7.904471765857904,13.08868313390138
2010-09-08,33089.0,14.099999999999998,598.0,157.75862068965515,4.209827357237716,5.857024278896036,3511.0,3480.0,3507.0,3422.0,2903.0,2469.0,2335.0,1577.0,2855.0,2269.0,2201.0,2535.0,2543.0,1.0,0.0,0.0,1.5,0.0,0.0,0.0,0.0,1.0,0.0,0.0,0.0,0.0,0.0,0.0,0.0,0.0,12.0,15.0,13.0,47.0,49.0,41.0,606.0,622.0,699.0,700.0,699.0,706.0,29000.0,32104.0,36162.0,29501.0,31510.0,30051.0,-9.668577124345877,-11.22172446214258,22.578895630656582,-6.375753728974928,4.8550796978469934,9.719230347949908,27.320938200690303,-8.6554032260746,8.441590690267798,-1.139214444092482,-17.702538017273362,5.793830050204001,482.0,479.0,552.0,557.0,557.0,553.0,-1.2092121659666777,1.037562078854718,19.438023893731376,-10.027310766455363,-0.2274886255687215,15.61271676300578,2.530054781812941,-14.282095188947013,33.839283785826915,-6.805555555555548,-8.23755539832636,10.527194324662688,0.111,0.1285,0.1183,0.1141,0.1451,0.1291,2919.3701171875,3001.8701171875,2926.090087890625,2861.030029296875,2871.050048828125,2745.800048828125,-2.748286793876864,2.5898050648024884,2.274008239254277,-0.3490019108284046,4.561512046496438,-1.035847017154096,0.6774118196683018,0.7408501407670651,0.8431532560796474,0.8215489153137097,0.7895066523013705,0.7512374381280936,-4.2390548992355805,5.8088235294117645,-5.371485943775101,20.727272727272727,0.0919068598094266,0.0913973708418647,0.3895321224312232,0.4385419881906335,1.2096774193548272,-0.9320905459387332,1.788617886178864,-2.689873417721523,2.105263157894742,-3.553299492385789,0.2721088435374189,0.0,232.0,-81.74665617623918,0.9281908655296048,7.422339008674994,8.574666822996052,-2.8182505671792284,7.904471765857904,13.08868313390138
2010-08-18,29000.0,-9.668577124345877,598.0,157.75862068965515,0.9281908655296048,-2.8182505671792284,3480.0,3507.0,3422.0,2903.0,2469.0,2335.0,1577.0,2855.0,2269.0,2201.0,2535.0,2543.0,2261.0,1.0,0.0,0.0,1.5,0.0,0.0,0.0,0.0,1.0,0.0,0.0,0.0,0.0,0.0,0.0,0.0,0.0,15.0,13.0,17.0,49.0,41.0,45.0,622.0,699.0,700.0,699.0,706.0,699.0,32104.0,36162.0,29501.0,31510.0,30051.0,27389.0,-11.22172446214258,22.578895630656582,-6.375753728974928,4.8550796978469934,9.719230347949908,4.930656654662478,-8.6554032260746,8.441590690267798,-1.139214444092482,-17.702538017273362,5.793830050204001,-7.682646660165883,479.0,552.0,557.0,557.0,553.0,561.0,1.037562078854718,19.438023893731376,-10.027310766455363,-0.2274886255687215,15.61271676300578,-8.947368421052632,-14.282095188947013,33.839283785826915,-6.805555555555548,-8.23755539832636,10.527194324662688,-19.33482253660959,0.1285,0.1183,0.1141,0.1451,0.1291,0.083,3001.8701171875,2926.090087890625,2861.030029296875,2871.050048828125,2745.800048828125,2774.5400390625,2.5898050648024884,2.274008239254277,-0.3490019108284046,4.561512046496438,-1.035847017154096,-2.99862664446309,0.7408501407670651,0.8431532560796474,0.8215489153137097,0.7895066523013705,0.7512374381280936,0.7915895953757225,5.8088235294117645,-9.272848565710474,20.727272727272727,-1.3157894736842104,0.0913973708418647,0.1051580936085267,0.4385419881906335,0.3689457887071206,-0.9320905459387332,0.5354752342704036,-2.689873417721523,3.2679738562091507,-3.553299492385789,4.41696113074205,0.0,0.0,232.0,-81.74665617623918,7.422339008674994,8.574666822996052,19.448205032444797,7.904471765857904,13.08868313390138,29.055180627233028
2010-08-04,32104.0,-11.22172446214258,598.0,157.75862068965515,0.9281908655296048,-2.8182505671792284,3480.0,3507.0,3422.0,2903.0,2469.0,2335.0,1577.0,2855.0,2269.0,2201.0,2535.0,2543.0,2261.0,1.0,0.0,0.0,1.5,0.0,0.0,0.0,0.0,1.0,0.0,0.0,0.0,0.0,0.0,0.0,0.0,0.0,15.0,13.0,17.0,49.0,41.0,45.0,699.0,700.0,699.0,706.0,699.0,806.0,36162.0,29501.0,31510.0,30051.0,27389.0,26102.0,22.578895630656582,-6.375753728974928,4.8550796978469934,9.719230347949908,4.930656654662478,-12.993333333333334,8.441590690267798,-1.139214444092482,-17.702538017273362,5.793830050204001,-7.682646660165883,-8.739605934556852,552.0,557.0,557.0,553.0,561.0,550.0,19.438023893731376,-10.027310766455363,-0.2274886255687215,15.61271676300578,-8.947368421052632,-5.002374940626484,33.839283785826915,-6.805555555555548,-8.23755539832636,10.527194324662688,-19.33482253660959,-1.073660714285711,0.1183,0.1141,0.1451,0.1291,0.083,0.0855,2926.090087890625,2861.030029296875,2871.050048828125,2745.800048828125,2774.5400390625,2860.31005859375,2.274008239254277,-0.3490019108284046,4.561512046496438,-1.035847017154096,-2.99862664446309,-3.616998206736806,0.8431532560796474,0.8215489153137097,0.7895066523013705,0.7512374381280936,0.7915895953757225,0.6868947368421052,5.8088235294117645,-9.272848565710474,20.727272727272727,-1.3157894736842104,0.0913973708418647,0.1051580936085267,0.4385419881906335,0.3689457887071206,-0.9320905459387332,0.5354752342704036,-2.689873417721523,3.2679738562091507,-3.553299492385789,4.41696113074205,0.0,0.0,232.0,-81.74665617623918,7.422339008674994,8.574666822996052,19.448205032444797,7.904471765857904,13.08868313390138,29.055180627233028
2010-07-21,36162.0,22.578895630656582,232.0,-81.74665617623918,7.422339008674994,7.904471765857904,3507.0,3422.0,2903.0,2469.0,2335.0,1577.0,2855.0,2269.0,2201.0,2535.0,2543.0,2261.0,2116.0,1.0,0.0,0.0,1.5,0.0,0.0,0.0,0.0,1.0,0.0,0.0,0.0,0.0,0.0,0.0,0.0,0.0,13.0,17.0,28.0,41.0,45.0,50.0,700.0,699.0,706.0,699.0,806.0,706.0,29501.0,31510.0,30051.0,27389.0,26102.0,30000.0,-6.375753728974928,4.8550796978469934,9.719230347949908,4.930656654662478,-12.993333333333334,-11.76730096173642,-1.139214444092482,-17.702538017273362,5.793830050204001,-7.682646660165883,-8.739605934556852,-10.06230651188302,557.0,557.0,553.0,561.0,550.0,561.0,-10.027310766455363,-0.2274886255687215,15.61271676300578,-8.947368421052632,-5.002374940626484,-12.08764642535329,-6.805555555555548,-8.23755539832636,10.527194324662688,-19.33482253660959,-1.073660714285711,6.290382226211111,0.1141,0.1451,0.1291,0.083,0.0855,0.1221,2861.030029296875,2871.050048828125,2745.800048828125,2774.5400390625,2860.31005859375,2967.64990234375,-0.3490019108284046,4.561512046496438,-1.035847017154096,-2.99862664446309,-3.616998206736806,-0.6843878934490963,0.8215489153137097,0.7895066523013705,0.7512374381280936,0.7915895953757225,0.6868947368421052,0.7499812504687383,-9.272848565710474,-36.18561089825458,-1.3157894736842104,-21.46547674964772,0.1051580936085267,0.1758693032183189,0.3689457887071206,0.3917988819594791,0.5354752342704036,0.9459459459459498,3.2679738562091507,3.378378378378378,4.41696113074205,4.235727440147338,0.0,0.0,1271.0,0.0,8.574666822996052,19.448205032444797,10.811649681858157,13.08868313390138,29.055180627233028,20.376565038707827
2010-07-07,29501.0,-6.375753728974928,232.0,-81.74665617623918,7.422339008674994,7.904471765857904,3507.0,3422.0,2903.0,2469.0,2335.0,1577.0,2855.0,2269.0,2201.0,2535.0,2543.0,2261.0,2116.0,1.0,0.0,0.0,1.5,0.0,0.0,0.0,0.0,1.0,0.0,0.0,0.0,0.0,0.0,0.0,0.0,0.0,13.0,17.0,28.0,41.0,45.0,50.0,699.0,706.0,699.0,806.0,706.0,705.0,31510.0,30051.0,27389.0,26102.0,30000.0,34001.0,4.8550796978469934,9.719230347949908,4.930656654662478,-12.993333333333334,-11.76730096173642,19.768220085244284,-17.702538017273362,5.793830050204001,-7.682646660165883,-8.739605934556852,-10.06230651188302,2.684769154296749,557.0,553.0,561.0,550.0,561.0,571.0,-0.2274886255687215,15.61271676300578,-8.947368421052632,-5.002374940626484,-12.08764642535329,26.079968965612792,-8.23755539832636,10.527194324662688,-19.33482253660959,-1.073660714285711,6.290382226211111,-11.485685515172008,0.1451,0.1291,0.083,0.0855,0.1221,0.1217,2871.050048828125,2745.800048828125,2774.5400390625,2860.31005859375,2967.64990234375,2988.10009765625,4.561512046496438,-1.035847017154096,-2.99862664446309,-3.616998206736806,-0.6843878934490963,3.5248543649409756,0.7895066523013705,0.7512374381280936,0.7915895953757225,0.6868947368421052,0.7499812504687383,0.7472583020153403,-9.272848565710474,-36.18561089825458,-1.3157894736842104,-21.46547674964772,0.1051580936085267,0.1758693032183189,0.3689457887071206,0.3917988819594791,0.5354752342704036,0.9459459459459498,3.2679738562091507,3.378378378378378,4.41696113074205,4.235727440147338,0.0,0.0,1271.0,0.0,8.574666822996052,19.448205032444797,10.811649681858157,13.08868313390138,29.055180627233028,20.376565038707827
2010-06-23,31510.0,4.8550796978469934,232.0,-81.74665617623918,8.574666822996052,13.08868313390138,3422.0,2903.0,2469.0,2335.0,1577.0,2855.0,2269.0,2201.0,2535.0,2543.0,2261.0,2116.0,2409.0,1.0,0.0,0.0,1.5,0.0,0.0,0.0,0.0,1.0,0.0,0.0,0.0,0.0,0.0,0.0,0.0,0.0,17.0,28.0,22.0,45.0,50.0,50.0,706.0,699.0,806.0,706.0,705.0,1146.0,30051.0,27389.0,26102.0,30000.0,34001.0,28389.0,9.719230347949908,4.930656654662478,-12.993333333333334,-11.76730096173642,19.768220085244284,36.4724545716758,5.793830050204001,-7.682646660165883,-8.739605934556852,-10.06230651188302,2.684769154296749,24.39190973401076,553.0,561.0,550.0,561.0,571.0,711.0,15.61271676300578,-8.947368421052632,-5.002374940626484,-12.08764642535329,26.079968965612792,36.757739967410664,10.527194324662688,-19.33482253660959,-1.073660714285711,6.290382226211111,-11.485685515172008,7.4475614505658845,0.1291,0.083,0.0855,0.1221,0.1217,0.1161,2745.800048828125,2774.5400390625,2860.31005859375,2967.64990234375,2988.10009765625,2886.360107421875,-1.035847017154096,-2.99862664446309,-3.616998206736806,-0.6843878934490963,3.5248543649409756,0.8409374322966512,0.7512374381280936,0.7915895953757225,0.6868947368421052,0.7499812504687383,0.7472583020153403,0.786638587935382,-36.18561089825458,25.413774693005877,-21.46547674964772,-3.925992779783394,0.1758693032183189,0.2248792839652719,0.3917988819594791,0.3522397013461312,0.9459459459459498,0.1353179972936323,3.378378378378378,1.0238907849829375,4.235727440147338,1.3059701492537232,0.0,0.0,1271.0,0.0,19.448205032444797,10.811649681858157,5.830504762947553,29.055180627233028,20.376565038707827,9.296981092656427
2010-06-09,30051.0,9.719230347949908,232.0,-81.74665617623918,8.574666822996052,13.08868313390138,3422.0,2903.0,2469.0,2335.0,1577.0,2855.0,2269.0,2201.0,2535.0,2543.0,2261.0,2116.0,2409.0,1.0,0.0,0.0,1.5,0.0,0.0,0.0,0.0,1.0,0.0,0.0,0.0,0.0,0.0,0.0,0.0,0.0,17.0,28.0,22.0,45.0,50.0,50.0,699.0,806.0,706.0,705.0,1146.0,1148.0,27389.0,26102.0,30000.0,34001.0,28389.0,20802.0,4.930656654662478,-12.993333333333334,-11.76730096173642,19.768220085244284,36.4724545716758,2.271386430678466,-7.682646660165883,-8.739605934556852,-10.06230651188302,2.684769154296749,24.39190973401076,17.749497655726728,561.0,550.0,561.0,571.0,711.0,688.0,-8.947368421052632,-5.002374940626484,-12.08764642535329,26.079968965612792,36.757739967410664,10.465067604336724,-19.33482253660959,-1.073660714285711,6.290382226211111,-11.485685515172008,7.4475614505658845,13.207131215335224,0.083,0.0855,0.1221,0.1217,0.1161,0.1469,2774.5400390625,2860.31005859375,2967.64990234375,2988.10009765625,2886.360107421875,2862.2900390625,-2.99862664446309,-3.616998206736806,-0.6843878934490963,3.5248543649409756,0.8409374322966512,3.625817314810109,0.7915895953757225,0.6868947368421052,0.7499812504687383,0.7472583020153403,0.786638587935382,0.7882829967031718,-36.18561089825458,25.413774693005877,-21.46547674964772,-3.925992779783394,0.1758693032183189,0.2248792839652719,0.3917988819594791,0.3522397013461312,0.9459459459459498,0.1353179972936323,3.378378378378378,1.0238907849829375,4.235727440147338,1.3059701492537232,0.0,0.0,1271.0,0.0,19.448205032444797,10.811649681858157,5.830504762947553,29.055180627233028,20.376565038707827,9.296981092656427
2010-05-19,27389.0,4.930656654662478,232.0,-81.74665617623918,19.448205032444797,29.055180627233028,2903.0,2469.0,2335.0,1577.0,2855.0,2269.0,2201.0,2535.0,2543.0,2261.0,2116.0,2409.0,1568.0,1.0,0.0,0.0,1.5,0.0,0.0,0.0,0.0,1.0,0.0,0.0,0.0,0.0,0.0,0.0,0.0,0.0,28.0,22.0,14.0,50.0,50.0,43.0,806.0,706.0,705.0,1146.0,1148.0,1148.0,26102.0,30000.0,34001.0,28389.0,20802.0,20340.0,-12.993333333333334,-11.76730096173642,19.768220085244284,36.4724545716758,2.271386430678466,1.7559657811796487,-8.739605934556852,-10.06230651188302,2.684769154296749,24.39190973401076,17.749497655726728,13.18274026308458,550.0,561.0,571.0,711.0,688.0,685.0,-5.002374940626484,-12.08764642535329,26.079968965612792,36.757739967410664,10.465067604336724,3.058671268334771,-1.073660714285711,6.290382226211111,-11.485685515172008,7.4475614505658845,13.207131215335224,3.9962326348010224,0.0855,0.1221,0.1217,0.1161,0.1469,0.141,2860.31005859375,2967.64990234375,2988.10009765625,2886.360107421875,2862.2900390625,2762.139892578125,-3.616998206736806,-0.6843878934490963,3.5248543649409756,0.8409374322966512,3.625817314810109,-0.0976618982170522,0.6868947368421052,0.7499812504687383,0.7472583020153403,0.786638587935382,0.7882829967031718,0.8514379002888358,25.413774693005877,-46.59252922725977,-3.925992779783394,-19.739224918507787,0.2248792839652719,0.1601171005660856,0.3522397013461312,0.4904217056410716,0.1353179972936323,0.4076086956521894,1.0238907849829375,0.3424657534246624,1.3059701492537232,0.5628517823639856,0.0,0.0,1271.0,0.0,10.811649681858157,5.830504762947553,3.695713880215725,20.376565038707827,9.296981092656427,3.581475871023588
2010-05-05,26102.0,-12.993333333333334,232.0,-81.74665617623918,19.448205032444797,29.055180627233028,2903.0,2469.0,2335.0,1577.0,2855.0,2269.0,2201.0,2535.0,2543.0,2261.0,2116.0,2409.0,1568.0,1.0,0.0,0.0,1.5,0.0,0.0,0.0,0.0,1.0,0.0,0.0,0.0,0.0,0.0,0.0,0.0,0.0,28.0,22.0,14.0,50.0,50.0,43.0,706.0,705.0,1146.0,1148.0,1148.0,1154.0,30000.0,34001.0,28389.0,20802.0,20340.0,19989.0,-11.76730096173642,19.768220085244284,36.4724545716758,2.271386430678466,1.7559657811796487,-2.49743914930979,-10.06230651188302,2.684769154296749,24.39190973401076,17.749497655726728,13.18274026308458,-20.947228952856097,561.0,571.0,711.0,688.0,685.0,693.0,-12.08764642535329,26.079968965612792,36.757739967410664,10.465067604336724,3.058671268334771,3.482142857142857,6.290382226211111,-11.485685515172008,7.4475614505658845,13.207131215335224,3.9962326348010224,-12.922371745901156,0.1221,0.1217,0.1161,0.1469,0.141,0.1335,2967.64990234375,2988.10009765625,2886.360107421875,2862.2900390625,2762.139892578125,2764.840087890625,-0.6843878934490963,3.5248543649409756,0.8409374322966512,3.625817314810109,-0.0976618982170522,-4.434290893195592,0.7499812504687383,0.7472583020153403,0.786638587935382,0.7882829967031718,0.8514379002888358,0.8623382226056946,25.413774693005877,-46.59252922725977,-3.925992779783394,-19.739224918507787,0.2248792839652719,0.1601171005660856,0.3522397013461312,0.4904217056410716,0.1353179972936323,0.4076086956521894,1.0238907849829375,0.3424657534246624,1.3059701492537232,0.5628517823639856,0.0,0.0,1271.0,0.0,10.811649681858157,5.830504762947553,3.695713880215725,20.376565038707827,9.296981092656427,3.581475871023588
2010-04-21,30000.0,-11.76730096173642,1271.0,0.0,10.811649681858157,20.376565038707827,2469.0,2335.0,1577.0,2855.0,2269.0,2201.0,2535.0,2543.0,2261.0,2116.0,2409.0,1568.0,1738.0,1.0,0.0,0.0,1.5,0.0,0.0,0.0,0.0,1.0,0.0,0.0,0.0,0.0,0.0,0.0,0.0,0.0,22.0,14.0,14.0,50.0,43.0,41.0,705.0,1146.0,1148.0,1148.0,1154.0,1151.0,34001.0,28389.0,20802.0,20340.0,19989.0,20501.0,19.768220085244284,36.4724545716758,2.271386430678466,1.7559657811796487,-2.49743914930979,10.80423737974273,2.684769154296749,24.39190973401076,17.749497655726728,13.18274026308458,-20.947228952856097,24.772989469404564,571.0,711.0,688.0,685.0,693.0,717.0,26.079968965612792,36.757739967410664,10.465067604336724,3.058671268334771,3.482142857142857,16.7274622199062,-11.485685515172008,7.4475614505658845,13.207131215335224,3.9962326348010224,-12.922371745901156,19.905514198931954,0.1217,0.1161,0.1469,0.141,0.1335,0.1232,2988.10009765625,2886.360107421875,2862.2900390625,2762.139892578125,2764.840087890625,2893.1298828125,3.5248543649409756,0.8409374322966512,3.625817314810109,-0.0976618982170522,-4.434290893195592,-1.2748757902731145,0.7472583020153403,0.786638587935382,0.7882829967031718,0.8514379002888358,0.8623382226056946,0.9152232142857143,-46.59252922725977,62.888992104040874,-19.739224918507787,5.180952380952381,0.1601171005660856,0.5297440471364091,0.4904217056410716,0.6135095038646591,0.4076086956521894,0.6839945280437757,0.3424657534246624,0.8635578583765112,0.5628517823639856,1.138519924098661,0.0,0.2728512960436601,1271.0,0.0,5.830504762947553,3.695713880215725,2.9635258358662613,9.296981092656427,3.581475871023588,-1.9416445623342171
2010-04-07,34001.0,19.768220085244284,1271.0,0.0,10.811649681858157,20.376565038707827,2469.0,2335.0,1577.0,2855.0,2269.0,2201.0,2535.0,2543.0,2261.0,2116.0,2409.0,1568.0,1738.0,1.0,0.0,0.0,1.5,0.0,0.0,0.0,0.0,1.0,0.0,0.0,0.0,0.0,0.0,0.0,0.0,0.0,22.0,14.0,14.0,50.0,43.0,41.0,1146.0,1148.0,1148.0,1154.0,1151.0,1152.0,28389.0,20802.0,20340.0,19989.0,20501.0,18502.0,36.4724545716758,2.271386430678466,1.7559657811796487,-2.49743914930979,10.80423737974273,1.9393939393939392,24.39190973401076,17.749497655726728,13.18274026308458,-20.947228952856097,24.772989469404564,-8.554939324990515,711.0,688.0,685.0,693.0,717.0,687.0,36.757739967410664,10.465067604336724,3.058671268334771,3.482142857142857,16.7274622199062,7.272625635865617,7.4475614505658845,13.207131215335224,3.9962326348010224,-12.922371745901156,19.905514198931954,9.785904900533724,0.1161,0.1469,0.141,0.1335,0.1232,0.1045,2886.360107421875,2862.2900390625,2762.139892578125,2764.840087890625,2893.1298828125,2930.489990234375,0.8409374322966512,3.625817314810109,-0.0976618982170522,-4.434290893195592,-1.2748757902731145,3.129616471475716,0.786638587935382,0.7882829967031718,0.8514379002888358,0.8623382226056946,0.9152232142857143,0.9641479937467431,-46.59252922725977,62.888992104040874,-19.739224918507787,5.180952380952381,0.1601171005660856,0.5297440471364091,0.4904217056410716,0.6135095038646591,0.4076086956521894,0.6839945280437757,0.3424657534246624,0.8635578583765112,0.5628517823639856,1.138519924098661,0.0,0.2728512960436601,1271.0,0.0,5.830504762947553,3.695713880215725,2.9635258358662613,9.296981092656427,3.581475871023588,-1.9416445623342171
2010-03-24,28389.0,36.4724545716758,1271.0,0.0,5.830504762947553,9.296981092656427,2335.0,1577.0,2855.0,2269.0,2201.0,2535.0,2543.0,2261.0,2116.0,2409.0,1568.0,1738.0,1871.0,1.0,0.0,0.0,1.5,0.0,0.0,0.0,0.0,1.0,0.0,0.0,0.0,0.0,0.0,0.0,0.0,0.0,14.0,14.0,13.0,43.0,41.0,35.0,1148.0,1148.0,1154.0,1151.0,1152.0,1150.0,20802.0,20340.0,19989.0,20501.0,18502.0,18150.0,2.271386430678466,1.7559657811796487,-2.49743914930979,10.80423737974273,1.9393939393939392,-1.9024970273483943,17.749497655726728,13.18274026308458,-20.947228952856097,24.772989469404564,-8.554939324990515,-11.563696438873444,688.0,685.0,693.0,717.0,687.0,697.0,10.465067604336724,3.058671268334771,3.482142857142857,16.7274622199062,7.272625635865617,-5.862232279113824,13.207131215335224,3.9962326348010224,-12.922371745901156,19.905514198931954,9.785904900533724,-5.467171357827929,0.1469,0.141,0.1335,0.1232,0.1045,0.1625,2862.2900390625,2762.139892578125,2764.840087890625,2893.1298828125,2930.489990234375,2841.56005859375,3.625817314810109,-0.0976618982170522,-4.434290893195592,-1.2748757902731145,3.129616471475716,1.5855119306591423,0.7882829967031718,0.8514379002888358,0.8623382226056946,0.9152232142857143,0.9641479937467431,1.0145899714908604,62.888992104040874,-10.92263136119156,5.180952380952381,18.99365367180417,0.5297440471364091,0.2025168663749781,0.6135095038646591,0.5720927548656736,0.6839945280437757,-0.5442176870748378,0.8635578583765112,-0.5154639175257805,1.138519924098661,-0.7532956685499032,0.2728512960436601,0.0,1271.0,0.0,3.695713880215725,2.9635258358662613,5.403240712217362,3.581475871023588,-1.9416445623342171,1.0778057804708026
2010-03-10,20802.0,2.271386430678466,1271.0,0.0,5.830504762947553,9.296981092656427,2335.0,1577.0,2855.0,2269.0,2201.0,2535.0,2543.0,2261.0,2116.0,2409.0,1568.0,1738.0,1871.0,1.0,0.0,0.0,1.5,0.0,0.0,0.0,0.0,1.0,0.0,0.0,0.0,0.0,0.0,0.0,0.0,0.0,14.0,14.0,13.0,43.0,41.0,35.0,1148.0,1154.0,1151.0,1152.0,1150.0,1151.0,20340.0,19989.0,20501.0,18502.0,18150.0,18502.0,1.7559657811796487,-2.49743914930979,10.80423737974273,1.9393939393939392,-1.9024970273483943,7.638606085287101,13.18274026308458,-20.947228952856097,24.772989469404564,-8.554939324990515,-11.563696438873444,30.911781707593494,685.0,693.0,717.0,687.0,697.0,692.0,3.058671268334771,3.482142857142857,16.7274622199062,7.272625635865617,-5.862232279113824,5.560493278524609,3.9962326348010224,-12.922371745901156,19.905514198931954,9.785904900533724,-5.467171357827929,6.751292781456463,0.141,0.1335,0.1232,0.1045,0.1625,0.2263,2762.139892578125,2764.840087890625,2893.1298828125,2930.489990234375,2841.56005859375,2797.2099609375,-0.0976618982170522,-4.434290893195592,-1.2748757902731145,3.129616471475716,1.5855119306591423,1.9005158807380216,0.8514379002888358,0.8623382226056946,0.9152232142857143,0.9641479937467431,1.0145899714908604,0.9736357417249908,62.888992104040874,-10.92263136119156,5.180952380952381,18.99365367180417,0.5297440471364091,0.2025168663749781,0.6135095038646591,0.5720927548656736,0.6839945280437757,-0.5442176870748378,0.8635578583765112,-0.5154639175257805,1.138519924098661,-0.7532956685499032,0.2728512960436601,0.0,1271.0,0.0,3.695713880215725,2.9635258358662613,5.403240712217362,3.581475871023588,-1.9416445623342171,1.0778057804708026
2010-02-24,20340.0,1.7559657811796487,1271.0,0.0,3.695713880215725,3.581475871023588,1577.0,2855.0,2269.0,2201.0,2535.0,2543.0,2261.0,2116.0,2409.0,1568.0,1738.0,1871.0,1244.0,1.0,0.0,0.0,1.5,0.0,0.0,0.0,0.0,1.0,0.0,0.0,0.0,0.0,0.0,0.0,0.0,0.0,14.0,13.0,9.0,41.0,35.0,33.0,1154.0,1151.0,1152.0,1150.0,1151.0,1146.0,19989.0,20501.0,18502.0,18150.0,18502.0,17189.0,-2.49743914930979,10.80423737974273,1.9393939393939392,-1.9024970273483943,7.638606085287101,2.63927867677793,-20.947228952856097,24.772989469404564,-8.554939324990515,-11.563696438873444,30.911781707593494,-3.295489375543413,693.0,717.0,687.0,697.0,692.0,687.0,3.482142857142857,16.7274622199062,7.272625635865617,-5.862232279113824,5.560493278524609,-2.104519005927457,-12.922371745901156,19.905514198931954,9.785904900533724,-5.467171357827929,6.751292781456463,4.842359386590886,0.1335,0.1232,0.1045,0.1625,0.2263,0.2755,2764.840087890625,2893.1298828125,2930.489990234375,2841.56005859375,2797.2099609375,2745.0400390625,-4.434290893195592,-1.2748757902731145,3.129616471475716,1.5855119306591423,1.9005158807380216,3.639609399318581,0.8623382226056946,0.9152232142857143,0.9641479937467431,1.0145899714908604,0.9736357417249908,0.9548383512943006,-10.92263136119156,-12.268602540834843,18.99365367180417,-0.3163126976954361,0.2025168663749781,0.3227179553749596,0.5720927548656736,0.5153827669923023,-0.5442176870748378,0.0,-0.5154639175257805,0.5181347150259141,-0.7532956685499032,0.5681818181818262,0.0,0.0,1271.0,0.0,2.9635258358662613,5.403240712217362,5.981064316030036,-1.9416445623342171,1.0778057804708026,2.119154528529186
2010-02-03,19989.0,-2.49743914930979,1271.0,0.0,3.695713880215725,3.581475871023588,1577.0,2855.0,2269.0,2201.0,2535.0,2543.0,2261.0,2116.0,2409.0,1568.0,1738.0,1871.0,1244.0,1.0,0.0,0.0,1.5,0.0,0.0,0.0,0.0,1.0,0.0,0.0,0.0,0.0,0.0,0.0,0.0,0.0,14.0,13.0,9.0,41.0,35.0,33.0,1151.0,1152.0,1150.0,1151.0,1146.0,1226.0,20501.0,18502.0,18150.0,18502.0,17189.0,16747.0,10.80423737974273,1.9393939393939392,-1.9024970273483943,7.638606085287101,2.63927867677793,-11.386845864860575,24.772989469404564,-8.554939324990515,-11.563696438873444,30.911781707593494,-3.295489375543413,-15.32475339999493,717.0,687.0,697.0,692.0,687.0,704.0,16.7274622199062,7.272625635865617,-5.862232279113824,5.560493278524609,-2.104519005927457,-5.745771399282419,19.905514198931954,9.785904900533724,-5.467171357827929,6.751292781456463,4.842359386590886,-8.498142482517483,0.1232,0.1045,0.1625,0.2263,0.2755,0.2931,2893.1298828125,2930.489990234375,2841.56005859375,2797.2099609375,2745.0400390625,2648.639892578125,-1.2748757902731145,3.129616471475716,1.5855119306591423,1.9005158807380216,3.639609399318581,-1.6308018589704938,0.9152232142857143,0.9641479937467431,1.0145899714908604,0.9736357417249908,0.9548383512943006,0.9107074881722769,-10.92263136119156,-12.268602540834843,18.99365367180417,-0.3163126976954361,0.2025168663749781,0.3227179553749596,0.5720927548656736,0.5153827669923023,-0.5442176870748378,0.0,-0.5154639175257805,0.5181347150259141,-0.7532956685499032,0.5681818181818262,0.0,0.0,1271.0,0.0,2.9635258358662613,5.403240712217362,5.981064316030036,-1.9416445623342171,1.0778057804708026,2.119154528529186
2010-01-20,20501.0,10.80423737974273,1271.0,0.0,2.9635258358662613,-1.9416445623342171,2855.0,2269.0,2201.0,2535.0,2543.0,2261.0,2116.0,2409.0,1568.0,1738.0,1871.0,1244.0,2026.0,1.0,0.0,0.0,1.5,0.0,0.0,0.0,0.0,1.0,0.0,0.0,0.0,0.0,0.0,0.0,0.0,0.0,13.0,9.0,11.0,35.0,33.0,38.0,1152.0,1150.0,1151.0,1146.0,1226.0,1149.0,18502.0,18150.0,18502.0,17189.0,16747.0,18899.0,1.9393939393939392,-1.9024970273483943,7.638606085287101,2.63927867677793,-11.386845864860575,16.65329300660453,-8.554939324990515,-11.563696438873444,30.911781707593494,-3.295489375543413,-15.32475339999493,11.112611666316525,687.0,697.0,692.0,687.0,704.0,688.0,7.272625635865617,-5.862232279113824,5.560493278524609,-2.104519005927457,-5.745771399282419,7.736484620906732,9.785904900533724,-5.467171357827929,6.751292781456463,4.842359386590886,-8.498142482517483,1.5161878704970366,0.1045,0.1625,0.2263,0.2755,0.2931,0.2823,2930.489990234375,2841.56005859375,2797.2099609375,2745.0400390625,2648.639892578125,2692.550048828125,3.129616471475716,1.5855119306591423,1.9005158807380216,3.639609399318581,-1.6308018589704938,2.1984175611716097,0.9641479937467431,1.0145899714908604,0.9736357417249908,0.9548383512943006,0.9107074881722769,0.9686827268067658,-12.268602540834843,2.3022651318232454,-0.3163126976954361,6.190019193857966,0.3227179553749596,0.3821351079433192,0.5153827669923023,0.4661732999242468,0.0,0.684931506849315,0.5181347150259141,0.5208333333333284,0.5681818181818262,0.5714285714285661,0.0,0.0,1271.0,0.0,5.403240712217362,5.981064316030036,10.881841876629018,1.0778057804708026,2.119154528529186,12.714479693864956
2010-01-06,18502.0,1.9393939393939392,1271.0,0.0,2.9635258358662613,-1.9416445623342171,2855.0,2269.0,2201.0,2535.0,2543.0,2261.0,2116.0,2409.0,1568.0,1738.0,1871.0,1244.0,2026.0,1.0,0.0,0.0,1.5,0.0,0.0,0.0,0.0,1.0,0.0,0.0,0.0,0.0,0.0,0.0,0.0,0.0,13.0,9.0,11.0,35.0,33.0,38.0,1150.0,1151.0,1146.0,1226.0,1149.0,1151.0,18150.0,18502.0,17189.0,16747.0,18899.0,16201.0,-1.9024970273483943,7.638606085287101,2.63927867677793,-11.386845864860575,16.65329300660453,3.925845147219193,-11.563696438873444,30.911781707593494,-3.295489375543413,-15.32475339999493,11.112611666316525,11.117521451407264,697.0,692.0,687.0,704.0,688.0,685.0,-5.862232279113824,5.560493278524609,-2.104519005927457,-5.745771399282419,7.736484620906732,-8.545022978637443,-5.467171357827929,6.751292781456463,4.842359386590886,-8.498142482517483,1.5161878704970366,-0.8168154738136799,0.1625,0.2263,0.2755,0.2931,0.2823,0.2068,2841.56005859375,2797.2099609375,2745.0400390625,2648.639892578125,2692.550048828125,2634.6298828125,1.5855119306591423,1.9005158807380216,3.639609399318581,-1.6308018589704938,2.1984175611716097,-1.2296498752996694,1.0145899714908604,0.9736357417249908,0.9548383512943006,0.9107074881722769,0.9686827268067658,0.8946380252912917,-12.268602540834843,2.3022651318232454,-0.3163126976954361,6.190019193857966,0.3227179553749596,0.3821351079433192,0.5153827669923023,0.4661732999242468,0.0,0.684931506849315,0.5181347150259141,0.5208333333333284,0.5681818181818262,0.5714285714285661,0.0,0.0,1271.0,0.0,5.403240712217362,5.981064316030036,10.881841876629018,1.0778057804708026,2.119154528529186,12.714479693864956
2009-12-23,18150.0,-1.9024970273483943,1271.0,0.0,5.403240712217362,1.0778057804708026,2269.0,2201.0,2535.0,2543.0,2261.0,2116.0,2409.0,1568.0,1738.0,1871.0,1244.0,2026.0,1890.0,1.0,0.0,0.0,1.5,0.0,0.0,0.0,0.0,1.0,0.0,0.0,0.0,0.0,0.0,0.0,0.0,0.0,9.0,11.0,11.0,33.0,38.0,36.0,1151.0,1146.0,1226.0,1149.0,1151.0,1403.0,18502.0,17189.0,16747.0,18899.0,16201.0,15589.0,7.638606085287101,2.63927867677793,-11.386845864860575,16.65329300660453,3.925845147219193,-13.49056603773585,30.911781707593494,-3.295489375543413,-15.32475339999493,11.112611666316525,11.117521451407264,-17.663072467891087,692.0,687.0,704.0,688.0,685.0,761.0,5.560493278524609,-2.104519005927457,-5.745771399282419,7.736484620906732,-8.545022978637443,2.654362590077246,6.751292781456463,4.842359386590886,-8.498142482517483,1.5161878704970366,-0.8168154738136799,-8.154904537373422,0.2263,0.2755,0.2931,0.2823,0.2068,0.2103,2797.2099609375,2745.0400390625,2648.639892578125,2692.550048828125,2634.6298828125,2667.429931640625,1.9005158807380216,3.639609399318581,-1.6308018589704938,2.1984175611716097,-1.2296498752996694,0.6395049687897405,0.9736357417249908,0.9548383512943006,0.9107074881722769,0.9686827268067658,0.8946380252912917,0.7872834705317914,2.3022651318232454,-3.8557657979293105,6.190019193857966,-3.2497678737233056,0.3821351079433192,0.365282082320773,0.4661732999242468,0.3978236705083953,0.684931506849315,-0.4092769440654805,0.5208333333333284,-0.5181347150259018,0.5714285714285661,-0.5681818181818128,0.0,0.0,1271.0,0.0,5.981064316030036,10.881841876629018,14.19594873914841,2.119154528529186,12.714479693864956,23.415600243753808
2009-12-09,18502.0,7.638606085287101,1271.0,0.0,5.403240712217362,1.0778057804708026,2269.0,2201.0,2535.0,2543.0,2261.0,2116.0,2409.0,1568.0,1738.0,1871.0,1244.0,2026.0,1890.0,1.0,0.0,0.0,1.5,0.0,0.0,0.0,0.0,1.0,0.0,0.0,0.0,0.0,0.0,0.0,0.0,0.0,9.0,11.0,11.0,33.0,38.0,36.0,1146.0,1226.0,1149.0,1151.0,1403.0,1395.0,17189.0,16747.0,18899.0,16201.0,15589.0,18020.0,2.63927867677793,-11.386845864860575,16.65329300660453,3.925845147219193,-13.49056603773585,19.981356947866036,-3.295489375543413,-15.32475339999493,11.112611666316525,11.117521451407264,-17.663072467891087,17.677089980855147,687.0,704.0,688.0,685.0,761.0,767.0,-2.104519005927457,-5.745771399282419,7.736484620906732,-8.545022978637443,2.654362590077246,18.410067526089627,4.842359386590886,-8.498142482517483,1.5161878704970366,-0.8168154738136799,-8.154904537373422,15.471143030198151,0.2755,0.2931,0.2823,0.2068,0.2103,0.2362,2745.0400390625,2648.639892578125,2692.550048828125,2634.6298828125,2667.429931640625,2650.47998046875,3.639609399318581,-1.6308018589704938,2.1984175611716097,-1.2296498752996694,0.6395049687897405,5.061874189937452,0.9548383512943006,0.9107074881722769,0.9686827268067658,0.8946380252912917,0.7872834705317914,0.9342112084607808,2.3022651318232454,-3.8557657979293105,6.190019193857966,-3.2497678737233056,0.3821351079433192,0.365282082320773,0.4661732999242468,0.3978236705083953,0.684931506849315,-0.4092769440654805,0.5208333333333284,-0.5181347150259018,0.5714285714285661,-0.5681818181818128,0.0,0.0,1271.0,0.0,5.981064316030036,10.881841876629018,14.19594873914841,2.119154528529186,12.714479693864956,23.415600243753808
2009-11-18,17189.0,2.63927867677793,1271.0,0.0,5.981064316030036,2.119154528529186,2201.0,2535.0,2543.0,2261.0,2116.0,2409.0,1568.0,1738.0,1871.0,1244.0,2026.0,1890.0,1700.0,1.0,0.0,0.0,1.5,0.0,0.0,0.0,0.0,1.0,0.0,0.0,0.0,0.0,0.0,0.0,0.0,0.0,11.0,11.0,11.0,38.0,36.0,36.0,1226.0,1149.0,1151.0,1403.0,1395.0,1395.0,16747.0,18899.0,16201.0,15589.0,18020.0,15019.0,-11.386845864860575,16.65329300660453,3.925845147219193,-13.49056603773585,19.981356947866036,9.964855762190655,-15.32475339999493,11.112611666316525,11.117521451407264,-17.663072467891087,17.677089980855147,0.5776636713735473,704.0,688.0,685.0,761.0,767.0,785.0,-5.745771399282419,7.736484620906732,-8.545022978637443,2.654362590077246,18.410067526089627,-13.763896241397564,-8.498142482517483,1.5161878704970366,-0.8168154738136799,-8.154904537373422,15.471143030198151,-7.606759502993767,0.2931,0.2823,0.2068,0.2103,0.2362,0.251,2648.639892578125,2692.550048828125,2634.6298828125,2667.429931640625,2650.47998046875,2522.780029296875,-1.6308018589704938,2.1984175611716097,-1.2296498752996694,0.6395049687897405,5.061874189937452,-3.2242242995975867,0.9107074881722769,0.9686827268067658,0.8946380252912917,0.7872834705317914,0.9342112084607808,0.9219766728054021,-3.8557657979293105,-1.199294532627866,-3.2497678737233056,-7.51395448690425,0.365282082320773,0.3592686425933274,0.3978236705083953,0.4061527100623494,-0.4092769440654805,0.4109589041095852,-0.5181347150259018,2.2968197879858607,-0.5681818181818128,3.124999999999989,0.0,0.0,1271.0,0.0,10.881841876629018,14.19594873914841,25.884679433805164,12.714479693864956,23.415600243753808,34.75672346540751
2009-11-04,16747.0,-11.386845864860575,1271.0,0.0,5.981064316030036,2.119154528529186,2201.0,2535.0,2543.0,2261.0,2116.0,2409.0,1568.0,1738.0,1871.0,1244.0,2026.0,1890.0,1700.0,1.0,0.0,0.0,1.5,0.0,0.0,0.0,0.0,1.0,0.0,0.0,0.0,0.0,0.0,0.0,0.0,0.0,11.0,11.0,11.0,38.0,36.0,36.0,1149.0,1151.0,1403.0,1395.0,1395.0,1395.0,18899.0,16201.0,15589.0,18020.0,15019.0,13658.0,16.65329300660453,3.925845147219193,-13.49056603773585,19.981356947866036,9.964855762190655,-10.679484664181544,11.112611666316525,11.117521451407264,-17.663072467891087,17.677089980855147,0.5776636713735473,-1.9014974163586575,688.0,685.0,761.0,767.0,785.0,762.0,7.736484620906732,-8.545022978637443,2.654362590077246,18.410067526089627,-13.763896241397564,2.1025890492405814,1.5161878704970366,-0.8168154738136799,-8.154904537373422,15.471143030198151,-7.606759502993767,-5.846774193548388,0.2823,0.2068,0.2103,0.2362,0.251,0.1737,2692.550048828125,2634.6298828125,2667.429931640625,2650.47998046875,2522.780029296875,2606.830078125,2.1984175611716097,-1.2296498752996694,0.6395049687897405,5.061874189937452,-3.2242242995975867,6.365190365190365,0.9686827268067658,0.8946380252912917,0.7872834705317914,0.9342112084607808,0.9219766728054021,0.7230280571731075,-3.8557657979293105,-1.199294532627866,-3.2497678737233056,-7.51395448690425,0.365282082320773,0.3592686425933274,0.3978236705083953,0.4061527100623494,-0.4092769440654805,0.4109589041095852,-0.5181347150259018,2.2968197879858607,-0.5681818181818128,3.124999999999989,0.0,0.0,1271.0,0.0,10.881841876629018,14.19594873914841,25.884679433805164,12.714479693864956,23.415600243753808,34.75672346540751
2009-10-21,18899.0,16.65329300660453,1271.0,0.0,10.881841876629018,12.714479693864956,2535.0,2543.0,2261.0,2116.0,2409.0,1568.0,1738.0,1871.0,1244.0,2026.0,1890.0,1700.0,1392.0,1.0,0.0,0.0,1.5,0.0,0.0,0.0,0.0,1.0,0.0,0.0,0.0,0.0,0.0,0.0,0.0,0.0,11.0,11.0,15.0,36.0,36.0,41.0,1151.0,1403.0,1395.0,1395.0,1395.0,1408.0,16201.0,15589.0,18020.0,15019.0,13658.0,15291.0,3.925845147219193,-13.49056603773585,19.981356947866036,9.964855762190655,-10.679484664181544,6.855345911949685,11.117521451407264,-17.663072467891087,17.677089980855147,0.5776636713735473,-1.9014974163586575,-3.348367550123605,685.0,761.0,767.0,785.0,762.0,762.0,-8.545022978637443,2.654362590077246,18.410067526089627,-13.763896241397564,2.1025890492405814,10.11844533063508,-0.8168154738136799,-8.154904537373422,15.471143030198151,-7.606759502993767,-5.846774193548388,-3.4759438340169533,0.2068,0.2103,0.2362,0.251,0.1737,0.1347,2634.6298828125,2667.429931640625,2650.47998046875,2522.780029296875,2606.830078125,2450.830078125,-1.2296498752996694,0.6395049687897405,5.061874189937452,-3.2242242995975867,6.365190365190365,8.454845269315596,0.8946380252912917,0.7872834705317914,0.9342112084607808,0.9219766728054021,0.7230280571731075,0.8264958650883736,-1.199294532627866,-20.54372197309417,-7.51395448690425,-13.064576334453154,0.3592686425933274,0.2518460036659965,0.4061527100623494,0.3913144205050441,0.4109589041095852,0.8287292817679479,2.2968197879858607,1.433691756272409,3.124999999999989,1.789264413518898,0.0,0.0,1271.0,-37.51229105211406,14.19594873914841,25.884679433805164,33.85344106993591,23.415600243753808,34.75672346540751,39.75039449146464
2009-10-07,16201.0,3.925845147219193,1271.0,0.0,10.881841876629018,12.714479693864956,2535.0,2543.0,2261.0,2116.0,2409.0,1568.0,1738.0,1871.0,1244.0,2026.0,1890.0,1700.0,1392.0,1.0,0.0,0.0,1.5,0.0,0.0,0.0,0.0,1.0,0.0,0.0,0.0,0.0,0.0,0.0,0.0,0.0,11.0,11.0,15.0,36.0,36.0,41.0,1403.0,1395.0,1395.0,1395.0,1408.0,1405.0,15589.0,18020.0,15019.0,13658.0,15291.0,14310.0,-13.49056603773585,19.981356947866036,9.964855762190655,-10.679484664181544,6.855345911949685,10.93883246763315,-17.663072467891087,17.677089980855147,0.5776636713735473,-1.9014974163586575,-3.348367550123605,-3.9320253930487006,761.0,767.0,785.0,762.0,762.0,780.0,2.654362590077246,18.410067526089627,-13.763896241397564,2.1025890492405814,10.11844533063508,13.214285714285715,-8.154904537373422,15.471143030198151,-7.606759502993767,-5.846774193548388,-3.4759438340169533,-3.84374849665656,0.2103,0.2362,0.251,0.1737,0.1347,0.1306,2667.429931640625,2650.47998046875,2522.780029296875,2606.830078125,2450.830078125,2259.77001953125,0.6395049687897405,5.061874189937452,-3.2242242995975867,6.365190365190365,8.454845269315596,-0.514205986999588,0.7872834705317914,0.9342112084607808,0.9219766728054021,0.7230280571731075,0.8264958650883736,0.8517350157728707,-1.199294532627866,-20.54372197309417,-7.51395448690425,-13.064576334453154,0.3592686425933274,0.2518460036659965,0.4061527100623494,0.3913144205050441,0.4109589041095852,0.8287292817679479,2.2968197879858607,1.433691756272409,3.124999999999989,1.789264413518898,0.0,0.0,1271.0,-37.51229105211406,14.19594873914841,25.884679433805164,33.85344106993591,23.415600243753808,34.75672346540751,39.75039449146464
2009-09-24,15589.0,-13.49056603773585,1271.0,0.0,14.19594873914841,23.415600243753808,2543.0,2261.0,2116.0,2409.0,1568.0,1738.0,1871.0,1244.0,2026.0,1890.0,1700.0,1392.0,1497.0,1.0,0.0,0.0,1.5,0.0,0.0,0.0,0.0,1.0,0.0,0.0,0.0,0.0,0.0,0.0,0.0,0.0,11.0,15.0,14.0,36.0,41.0,35.0,1395.0,1395.0,1395.0,1408.0,1405.0,1415.0,18020.0,15019.0,13658.0,15291.0,14310.0,12899.0,19.981356947866036,9.964855762190655,-10.679484664181544,6.855345911949685,10.93883246763315,10.342172797262618,17.677089980855147,0.5776636713735473,-1.9014974163586575,-3.348367550123605,-3.9320253930487006,-12.66731457745378,767.0,785.0,762.0,762.0,780.0,760.0,18.410067526089627,-13.763896241397564,2.1025890492405814,10.11844533063508,13.214285714285715,24.821263352678947,15.471143030198151,-7.606759502993767,-5.846774193548388,-3.4759438340169533,-3.84374849665656,-5.747126436781609,0.2362,0.251,0.1737,0.1347,0.1306,0.1362,2650.47998046875,2522.780029296875,2606.830078125,2450.830078125,2259.77001953125,2271.449951171875,5.061874189937452,-3.2242242995975867,6.365190365190365,8.454845269315596,-0.514205986999588,-4.713867404633308,0.9342112084607808,0.9219766728054021,0.7230280571731075,0.8264958650883736,0.8517350157728707,0.8692048517520216,-20.54372197309417,-0.1678791270285394,-13.064576334453154,9.035409035409035,0.2518460036659965,0.4043370991578359,0.3913144205050441,0.506331257488072,0.8287292817679479,-0.4126547455295696,1.433691756272409,1.4545454545454493,1.789264413518898,2.028397565922921,0.0,0.0,1271.0,-37.51229105211406,25.884679433805164,33.85344106993591,42.76054097056484,34.75672346540751,39.75039449146464,36.36541471048513
2009-09-09,18020.0,19.981356947866036,1271.0,0.0,14.19594873914841,23.415600243753808,2543.0,2261.0,2116.0,2409.0,1568.0,1738.0,1871.0,1244.0,2026.0,1890.0,1700.0,1392.0,1497.0,1.0,0.0,0.0,1.5,0.0,0.0,0.0,0.0,1.0,0.0,0.0,0.0,0.0,0.0,0.0,0.0,0.0,11.0,15.0,14.0,36.0,41.0,35.0,1395.0,1395.0,1408.0,1405.0,1415.0,1401.0,15019.0,13658.0,15291.0,14310.0,12899.0,11690.0,9.964855762190655,-10.679484664181544,6.855345911949685,10.93883246763315,10.342172797262618,18.212154919607645,0.5776636713735473,-1.9014974163586575,-3.348367550123605,-3.9320253930487006,-12.66731457745378,-1.5305654254679122,785.0,762.0,762.0,780.0,760.0,760.0,-13.763896241397564,2.1025890492405814,10.11844533063508,13.214285714285715,24.821263352678947,29.50980392156863,-7.606759502993767,-5.846774193548388,-3.4759438340169533,-3.84374849665656,-5.747126436781609,9.59412088737544,0.251,0.1737,0.1347,0.1306,0.1362,0.0844,2522.780029296875,2606.830078125,2450.830078125,2259.77001953125,2271.449951171875,2383.820068359375,-3.2242242995975867,6.365190365190365,8.454845269315596,-0.514205986999588,-4.713867404633308,5.049271060711642,0.9219766728054021,0.7230280571731075,0.8264958650883736,0.8517350157728707,0.8692048517520216,0.9832618386744049,-20.54372197309417,-0.1678791270285394,-13.064576334453154,9.035409035409035,0.2518460036659965,0.4043370991578359,0.3913144205050441,0.506331257488072,0.8287292817679479,-0.4126547455295696,1.433691756272409,1.4545454545454493,1.789264413518898,2.028397565922921,0.0,0.0,1271.0,-37.51229105211406,25.884679433805164,33.85344106993591,42.76054097056484,34.75672346540751,39.75039449146464,36.36541471048513
2009-08-19,15019.0,9.964855762190655,1271.0,0.0,25.884679433805164,34.75672346540751,2261.0,2116.0,2409.0,1568.0,1738.0,1871.0,1244.0,2026.0,1890.0,1700.0,1392.0,1497.0,1537.0,1.0,0.0,0.0,1.5,0.0,0.0,0.0,0.0,1.0,0.0,0.0,0.0,0.0,0.0,0.0,0.0,0.0,15.0,14.0,12.0,41.0,35.0,37.0,1395.0,1408.0,1405.0,1415.0,1401.0,1402.0,13658.0,15291.0,14310.0,12899.0,11690.0,9889.0,-10.679484664181544,6.855345911949685,10.93883246763315,10.342172797262618,18.212154919607645,16.491930733890918,-1.9014974163586575,-3.348367550123605,-3.9320253930487006,-12.66731457745378,-1.5305654254679122,-2.285464974995393,762.0,762.0,780.0,760.0,760.0,774.0,2.1025890492405814,10.11844533063508,13.214285714285715,24.821263352678947,29.50980392156863,21.55720338983051,-5.846774193548388,-3.4759438340169533,-3.84374849665656,-5.747126436781609,9.59412088737544,8.258104356320874,0.1737,0.1347,0.1306,0.1362,0.0844,0.0698,2606.830078125,2450.830078125,2259.77001953125,2271.449951171875,2383.820068359375,2269.239990234375,6.365190365190365,8.454845269315596,-0.514205986999588,-4.713867404633308,5.049271060711642,4.1399136186576,0.7230280571731075,0.8264958650883736,0.8517350157728707,0.8692048517520216,0.9832618386744049,1.0772331154684096,-0.1678791270285394,11.897307451471509,9.035409035409035,-4.173166926677068,0.4043370991578359,0.4028812487467802,0.506331257488072,0.4161884113420907,-0.4126547455295696,0.553250345781474,1.4545454545454493,1.8518518518518516,2.028397565922921,2.494802494802486,0.0,0.0,1271.0,-37.51229105211406,33.85344106993591,42.76054097056484,30.124223602484474,39.75039449146464,36.36541471048513,61.66982922201139
2009-08-05,13658.0,-10.679484664181544,1271.0,0.0,25.884679433805164,34.75672346540751,2261.0,2116.0,2409.0,1568.0,1738.0,1871.0,1244.0,2026.0,1890.0,1700.0,1392.0,1497.0,1537.0,1.0,0.0,0.0,1.5,0.0,0.0,0.0,0.0,1.0,0.0,0.0,0.0,0.0,0.0,0.0,0.0,0.0,15.0,14.0,12.0,41.0,35.0,37.0,1408.0,1405.0,1415.0,1401.0,1402.0,1396.0,15291.0,14310.0,12899.0,11690.0,9889.0,8489.0,6.855345911949685,10.93883246763315,10.342172797262618,18.212154919607645,16.491930733890918,11.85926999604691,-3.348367550123605,-3.9320253930487006,-12.66731457745378,-1.5305654254679122,-2.285464974995393,6.873032528856242,762.0,780.0,760.0,760.0,774.0,814.0,10.11844533063508,13.214285714285715,24.821263352678947,29.50980392156863,21.55720338983051,0.8277703604806409,-3.4759438340169533,-3.84374849665656,-5.747126436781609,9.59412088737544,8.258104356320874,-3.640708186162733,0.1347,0.1306,0.1362,0.0844,0.0698,0.1009,2450.830078125,2259.77001953125,2271.449951171875,2383.820068359375,2269.239990234375,2179.030029296875,8.454845269315596,-0.514205986999588,-4.713867404633308,5.049271060711642,4.1399136186576,18.206475439227905,0.8264958650883736,0.8517350157728707,0.8692048517520216,0.9832618386744049,1.0772331154684096,1.1240730932203389,-0.1678791270285394,11.897307451471509,9.035409035409035,-4.173166926677068,0.4043370991578359,0.4028812487467802,0.506331257488072,0.4161884113420907,-0.4126547455295696,0.553250345781474,1.4545454545454493,1.8518518518518516,2.028397565922921,2.494802494802486,0.0,0.0,1271.0,-37.51229105211406,33.85344106993591,42.76054097056484,30.124223602484474,39.75039449146464,36.36541471048513,61.66982922201139
2009-07-22,15291.0,6.855345911949685,1271.0,-37.51229105211406,33.85344106993591,39.75039449146464,2116.0,2409.0,1568.0,1738.0,1871.0,1244.0,2026.0,1890.0,1700.0,1392.0,1497.0,1537.0,1963.0,1.0,0.0,0.0,1.5,0.0,0.0,0.0,0.0,1.0,0.0,0.0,0.0,0.0,0.0,0.0,0.0,0.0,14.0,12.0,17.0,35.0,37.0,36.0,1405.0,1415.0,1401.0,1402.0,1396.0,1396.0,14310.0,12899.0,11690.0,9889.0,8489.0,7589.0,10.93883246763315,10.342172797262618,18.212154919607645,16.491930733890918,11.85926999604691,7.038081805359661,-3.9320253930487006,-12.66731457745378,-1.5305654254679122,-2.285464974995393,6.873032528856242,-5.9230009871668345,780.0,760.0,760.0,774.0,814.0,769.0,13.214285714285715,24.821263352678947,29.50980392156863,21.55720338983051,0.8277703604806409,-0.1466471137181709,-3.84374849665656,-5.747126436781609,9.59412088737544,8.258104356320874,-3.640708186162733,-4.383544793167677,0.1306,0.1362,0.0844,0.0698,0.1009,0.2181,2259.77001953125,2271.449951171875,2383.820068359375,2269.239990234375,2179.030029296875,1843.4100341796875,-0.514205986999588,-4.713867404633308,5.049271060711642,4.1399136186576,18.206475439227905,3.3324780008484898,0.8517350157728707,0.8692048517520216,0.9832618386744049,1.0772331154684096,1.1240730932203389,1.0132176234979973,11.897307451471509,-30.610471431674995,-4.173166926677068,-18.213716108452953,0.4028812487467802,0.2185755183053132,0.4161884113420907,0.4363642574122147,0.553250345781474,-0.6868131868131868,1.8518518518518516,0.3717472118959161,2.494802494802486,1.4767932489451538,0.0,-2.6560424966799467,2034.0,0.0,42.76054097056484,30.124223602484474,-14.437555358724536,36.36541471048513,61.66982922201139,5.25965379494008
2009-07-08,14310.0,10.93883246763315,1271.0,-37.51229105211406,33.85344106993591,39.75039449146464,2116.0,2409.0,1568.0,1738.0,1871.0,1244.0,2026.0,1890.0,1700.0,1392.0,1497.0,1537.0,1963.0,1.0,0.0,0.0,1.5,0.0,0.0,0.0,0.0,1.0,0.0,0.0,0.0,0.0,0.0,0.0,0.0,0.0,14.0,12.0,17.0,35.0,37.0,36.0,1415.0,1401.0,1402.0,1396.0,1396.0,1396.0,12899.0,11690.0,9889.0,8489.0,7589.0,7090.0,10.342172797262618,18.212154919607645,16.491930733890918,11.85926999604691,7.038081805359661,38.58483189992181,-12.66731457745378,-1.5305654254679122,-2.285464974995393,6.873032528856242,-5.9230009871668345,21.468045460105294,760.0,760.0,774.0,814.0,769.0,761.0,24.821263352678947,29.50980392156863,21.55720338983051,0.8277703604806409,-0.1466471137181709,49.99000199960008,-5.747126436781609,9.59412088737544,8.258104356320874,-3.640708186162733,-4.383544793167677,11.193300322278402,0.1362,0.0844,0.0698,0.1009,0.2181,0.2878,2271.449951171875,2383.820068359375,2269.239990234375,2179.030029296875,1843.4100341796875,1783.9599609375,-4.713867404633308,5.049271060711642,4.1399136186576,18.206475439227905,3.3324780008484898,13.199742837003589,0.8692048517520216,0.9832618386744049,1.0772331154684096,1.1240730932203389,1.0132176234979973,0.9452073056925743,11.897307451471509,-30.610471431674995,-4.173166926677068,-18.213716108452953,0.4028812487467802,0.2185755183053132,0.4161884113420907,0.4363642574122147,0.553250345781474,-0.6868131868131868,1.8518518518518516,0.3717472118959161,2.494802494802486,1.4767932489451538,0.0,-2.6560424966799467,2034.0,0.0,42.76054097056484,30.124223602484474,-14.437555358724536,36.36541471048513,61.66982922201139,5.25965379494008
2009-06-17,12899.0,10.342172797262618,1271.0,-37.51229105211406,42.76054097056484,36.36541471048513,2409.0,1568.0,1738.0,1871.0,1244.0,2026.0,1890.0,1700.0,1392.0,1497.0,1537.0,1963.0,1532.0,1.0,0.0,0.0,1.5,0.0,0.0,0.0,0.0,1.0,0.0,0.0,0.0,0.0,0.0,0.0,0.0,0.0,12.0,17.0,15.0,37.0,36.0,35.0,1401.0,1402.0,1396.0,1396.0,1396.0,1843.0,11690.0,9889.0,8489.0,7589.0,7090.0,5116.0,18.212154919607645,16.491930733890918,11.85926999604691,7.038081805359661,38.58483189992181,4.621676891615542,-1.5305654254679122,-2.285464974995393,6.873032528856242,-5.9230009871668345,21.468045460105294,-7.52437560630724,760.0,774.0,814.0,769.0,761.0,1110.0,29.50980392156863,21.55720338983051,0.8277703604806409,-0.1466471137181709,49.99000199960008,-1.9603999215840031,9.59412088737544,8.258104356320874,-3.640708186162733,-4.383544793167677,11.193300322278402,0.1471828440624762,0.0844,0.0698,0.1009,0.2181,0.2878,0.2283,2383.820068359375,2269.239990234375,2179.030029296875,1843.4100341796875,1783.9599609375,1575.93994140625,5.049271060711642,4.1399136186576,18.206475439227905,3.3324780008484898,13.199742837003589,2.0461800047473635,0.9832618386744049,1.0772331154684096,1.1240730932203389,1.0132176234979973,0.9452073056925743,1.0229954009198161,-30.610471431674995,15.740507920543124,-18.213716108452953,-0.3179650238473768,0.2185755183053132,0.4228552977994139,0.4363642574122147,0.4990452487716964,-0.6868131868131868,-0.5464480874317017,0.3717472118959161,-1.2844036697247758,1.4767932489451538,-1.659751037344407,-2.6560424966799467,0.0,2034.0,0.0,30.124223602484474,-14.437555358724536,-15.525626636737746,61.66982922201139,5.25965379494008,-29.698104376316405
2009-06-03,11690.0,18.212154919607645,1271.0,-37.51229105211406,42.76054097056484,36.36541471048513,2409.0,1568.0,1738.0,1871.0,1244.0,2026.0,1890.0,1700.0,1392.0,1497.0,1537.0,1963.0,1532.0,1.0,0.0,0.0,1.5,0.0,0.0,0.0,0.0,1.0,0.0,0.0,0.0,0.0,0.0,0.0,0.0,0.0,12.0,17.0,15.0,37.0,36.0,35.0,1402.0,1396.0,1396.0,1396.0,1843.0,1839.0,9889.0,8489.0,7589.0,7090.0,5116.0,4890.0,16.491930733890918,11.85926999604691,7.038081805359661,38.58483189992181,4.621676891615542,9.641255605381168,-2.285464974995393,6.873032528856242,-5.9230009871668345,21.468045460105294,-7.52437560630724,-12.378984361609165,774.0,814.0,769.0,761.0,1110.0,1101.0,21.55720338983051,0.8277703604806409,-0.1466471137181709,49.99000199960008,-1.9603999215840031,4.336265084884435,8.258104356320874,-3.640708186162733,-4.383544793167677,11.193300322278402,0.1471828440624762,-19.64179104477611,0.0698,0.1009,0.2181,0.2878,0.2283,0.1869,2269.239990234375,2179.030029296875,1843.4100341796875,1783.9599609375,1575.93994140625,1544.3399658203125,4.1399136186576,18.206475439227905,3.3324780008484898,13.199742837003589,2.0461800047473635,-6.463731723020041,1.0772331154684096,1.1240730932203389,1.0132176234979973,0.9452073056925743,1.0229954009198161,0.9586355616545775,-30.610471431674995,15.740507920543124,-18.213716108452953,-0.3179650238473768,0.2185755183053132,0.4228552977994139,0.4363642574122147,0.4990452487716964,-0.6868131868131868,-0.5464480874317017,0.3717472118959161,-1.2844036697247758,1.4767932489451538,-1.659751037344407,-2.6560424966799467,0.0,2034.0,0.0,30.124223602484474,-14.437555358724536,-15.525626636737746,61.66982922201139,5.25965379494008,-29.698104376316405
2009-05-20,9889.0,16.491930733890918,1271.0,-37.51229105211406,30.124223602484474,61.66982922201139,1568.0,1738.0,1871.0,1244.0,2026.0,1890.0,1700.0,1392.0,1497.0,1537.0,1963.0,1532.0,1371.0,1.0,0.0,0.0,1.5,0.0,0.0,0.0,0.0,1.0,0.0,0.0,0.0,0.0,0.0,0.0,0.0,0.0,17.0,15.0,22.0,36.0,35.0,36.0,1396.0,1396.0,1396.0,1843.0,1839.0,1846.0,8489.0,7589.0,7090.0,5116.0,4890.0,4460.0,11.85926999604691,7.038081805359661,38.58483189992181,4.621676891615542,9.641255605381168,125.63667832167711,6.873032528856242,-5.9230009871668345,21.468045460105294,-7.52437560630724,-12.378984361609165,34.46210390747136,814.0,769.0,761.0,1110.0,1101.0,1101.0,0.8277703604806409,-0.1466471137181709,49.99000199960008,-1.9603999215840031,4.336265084884435,64.23398759101453,-3.640708186162733,-4.383544793167677,11.193300322278402,0.1471828440624762,-19.64179104477611,35.821065112507576,0.1009,0.2181,0.2878,0.2283,0.1869,0.1322,2179.030029296875,1843.4100341796875,1783.9599609375,1575.93994140625,1544.3399658203125,1651.06005859375,18.206475439227905,3.3324780008484898,13.199742837003589,2.0461800047473635,-6.463731723020041,-3.299185046849779,1.1240730932203389,1.0132176234979973,0.9452073056925743,1.0229954009198161,0.9586355616545775,0.9122519942728574,15.740507920543124,3.973856209150327,-0.3179650238473768,17.001488095238095,0.4228552977994139,0.30955895634409,0.4990452487716964,0.620010448644051,-0.5464480874317017,-0.4081632653061186,-1.2844036697247758,-0.1831501831501857,-1.659751037344407,-0.2070393374741083,0.0,0.0,2034.0,0.0,-14.437555358724536,-15.525626636737746,-34.76510067114094,5.25965379494008,-29.698104376316405,-42.17861975642761
2009-05-06,8489.0,11.85926999604691,1271.0,-37.51229105211406,30.124223602484474,61.66982922201139,1568.0,1738.0,1871.0,1244.0,2026.0,1890.0,1700.0,1392.0,1497.0,1537.0,1963.0,1532.0,1371.0,1.0,0.0,0.0,1.5,0.0,0.0,0.0,0.0,1.0,0.0,0.0,0.0,0.0,0.0,0.0,0.0,0.0,17.0,15.0,22.0,36.0,35.0,36.0,1396.0,1396.0,1843.0,1839.0,1846.0,1894.0,7589.0,7090.0,5116.0,4890.0,4460.0,1020.0,7.038081805359661,38.58483189992181,4.621676891615542,9.641255605381168,125.63667832167711,-52.72286281522026,-5.9230009871668345,21.468045460105294,-7.52437560630724,-12.378984361609165,34.46210390747136,-4.377152676491317,769.0,761.0,1110.0,1101.0,1101.0,1099.0,-0.1466471137181709,49.99000199960008,-1.9603999215840031,4.336265084884435,64.23398759101453,64.23398759101453,-4.383544793167677,11.193300322278402,0.1471828440624762,-19.64179104477611,35.821065112507576,4.410517387616621,0.2181,0.2878,0.2283,0.1869,0.1322,0.1221,1843.4100341796875,1783.9599609375,1575.93994140625,1544.3399658203125,1651.06005859375,1707.3900146484375,3.3324780008484898,13.199742837003589,2.0461800047473635,-6.463731723020041,-3.299185046849779,0.1683755593540497,1.0132176234979973,0.9452073056925743,1.0229954009198161,0.9586355616545775,0.9122519942728574,1.4804063860667633,15.740507920543124,3.973856209150327,-0.3179650238473768,17.001488095238095,0.4228552977994139,0.30955895634409,0.4990452487716964,0.620010448644051,-0.5464480874317017,-0.4081632653061186,-1.2844036697247758,-0.1831501831501857,-1.659751037344407,-0.2070393374741083,0.0,0.0,2034.0,0.0,-14.437555358724536,-15.525626636737746,-34.76510067114094,5.25965379494008,-29.698104376316405,-42.17861975642761
2009-04-22,7589.0,7.038081805359661,2034.0,0.0,-14.437555358724536,5.25965379494008,1738.0,1871.0,1244.0,2026.0,1890.0,1700.0,1392.0,1497.0,1537.0,1963.0,1532.0,1371.0,1755.0,1.0,0.0,0.0,1.5,0.0,0.0,0.0,0.0,1.0,0.0,0.0,0.0,0.0,0.0,0.0,0.0,0.0,15.0,22.0,19.0,35.0,36.0,34.0,1396.0,1843.0,1839.0,1846.0,1894.0,1839.0,7090.0,5116.0,4890.0,4460.0,1020.0,2693.0,38.58483189992181,4.621676891615542,9.641255605381168,125.63667832167711,-52.72286281522026,-46.15076984603079,21.468045460105294,-7.52437560630724,-12.378984361609165,34.46210390747136,-4.377152676491317,-17.001180637544273,761.0,1110.0,1101.0,1101.0,1099.0,1099.0,49.99000199960008,-1.9603999215840031,4.336265084884435,64.23398759101453,64.23398759101453,-47.927576119157344,11.193300322278402,0.1471828440624762,-19.64179104477611,35.821065112507576,4.410517387616621,-11.405946437793578,0.2878,0.2283,0.1869,0.1322,0.1221,0.2232,1783.9599609375,1575.93994140625,1544.3399658203125,1651.06005859375,1707.3900146484375,1704.52001953125,13.199742837003589,2.0461800047473635,-6.463731723020041,-3.299185046849779,0.1683755593540497,-9.362002182177768,0.9452073056925743,1.0229954009198161,0.9586355616545775,0.9122519942728574,1.4804063860667633,13.465,3.973856209150327,-23.515296940611876,17.001488095238095,-19.084888621312466,0.30955895634409,0.3268178068837953,0.620010448644051,0.5243032799336809,-0.4081632653061186,0.0,-0.1831501831501857,0.5524861878453118,-0.2070393374741083,0.624999999999994,0.0,0.2663115845539319,2034.0,0.0,-15.525626636737746,-34.76510067114094,-16.44575856443719,-29.698104376316405,-42.17861975642761,-28.335919317300235
2009-04-08,7090.0,38.58483189992181,2034.0,0.0,-14.437555358724536,5.25965379494008,1738.0,1871.0,1244.0,2026.0,1890.0,1700.0,1392.0,1497.0,1537.0,1963.0,1532.0,1371.0,1755.0,1.0,0.0,0.0,1.5,0.0,0.0,0.0,0.0,1.0,0.0,0.0,0.0,0.0,0.0,0.0,0.0,0.0,15.0,22.0,19.0,35.0,36.0,34.0,1843.0,1839.0,1846.0,1894.0,1839.0,1839.0,5116.0,4890.0,4460.0,1020.0,2693.0,5001.0,4.621676891615542,9.641255605381168,125.63667832167711,-52.72286281522026,-46.15076984603079,-19.338709677419356,-7.52437560630724,-12.378984361609165,34.46210390747136,-4.377152676491317,-17.001180637544273,-8.264678966720576,1110.0,1101.0,1101.0,1099.0,1099.0,1100.0,-1.9603999215840031,4.336265084884435,64.23398759101453,64.23398759101453,-47.927576119157344,16.302710843373493,0.1471828440624762,-19.64179104477611,35.821065112507576,4.410517387616621,-11.405946437793578,1.2459649606842418,0.2283,0.1869,0.1322,0.1221,0.2232,0.3381,1575.93994140625,1544.3399658203125,1651.06005859375,1707.3900146484375,1704.52001953125,1880.5799560546875,2.0461800047473635,-6.463731723020041,-3.299185046849779,0.1683755593540497,-9.362002182177768,5.6927153397406025,1.0229954009198161,0.9586355616545775,0.9122519942728574,1.4804063860667633,13.465,1.618970540628035,3.973856209150327,-23.515296940611876,17.001488095238095,-19.084888621312466,0.30955895634409,0.3268178068837953,0.620010448644051,0.5243032799336809,-0.4081632653061186,0.0,-0.1831501831501857,0.5524861878453118,-0.2070393374741083,0.624999999999994,0.0,0.2663115845539319,2034.0,0.0,-15.525626636737746,-34.76510067114094,-16.44575856443719,-29.698104376316405,-42.17861975642761,-28.335919317300235
2009-03-18,5116.0,4.621676891615542,2034.0,0.0,-15.525626636737746,-29.698104376316405,1871.0,1244.0,2026.0,1890.0,1700.0,1392.0,1497.0,1537.0,1963.0,1532.0,1371.0,1755.0,720.0,1.0,0.0,0.0,1.5,0.0,0.0,0.0,0.0,1.0,0.0,0.0,0.0,0.0,0.0,0.0,0.0,0.0,22.0,19.0,20.0,36.0,34.0,33.0,1839.0,1846.0,1894.0,1839.0,1839.0,1851.0,4890.0,4460.0,1020.0,2693.0,5001.0,6200.0,9.641255605381168,125.63667832167711,-52.72286281522026,-46.15076984603079,-19.338709677419356,-19.699520787462763,-12.378984361609165,34.46210390747136,-4.377152676491317,-17.001180637544273,-8.264678966720576,-11.990102935441756,1101.0,1101.0,1099.0,1099.0,1100.0,1102.0,4.336265084884435,64.23398759101453,64.23398759101453,-47.927576119157344,16.302710843373493,-47.927576119157344,-19.64179104477611,35.821065112507576,4.410517387616621,-11.405946437793578,1.2459649606842418,-6.760596351456864,0.1869,0.1322,0.1221,0.2232,0.3381,0.4195,1544.3399658203125,1651.06005859375,1707.3900146484375,1704.52001953125,1880.5799560546875,1779.2900390625,-6.463731723020041,-3.299185046849779,0.1683755593540497,-9.362002182177768,5.6927153397406025,8.45560368134377,0.9586355616545775,0.9122519942728574,1.4804063860667633,13.465,1.618970540628035,2.3343373493975905,-23.515296940611876,20.50602409638554,-19.084888621312466,14.236588720770287,0.3268178068837953,0.5251520176893312,0.5243032799336809,0.6412356453634906,0.0,-0.8097165991902757,0.5524861878453118,-3.5523978685612794,0.624999999999994,-4.761904761904759,0.2663115845539319,0.0,2034.0,0.0,-34.76510067114094,-16.44575856443719,-20.67292138466516,-42.17861975642761,-28.335919317300235,-18.00906416474517
2009-03-04,4890.0,9.641255605381168,2034.0,0.0,-15.525626636737746,-29.698104376316405,1871.0,1244.0,2026.0,1890.0,1700.0,1392.0,1497.0,1537.0,1963.0,1532.0,1371.0,1755.0,720.0,1.0,0.0,0.0,1.5,0.0,0.0,0.0,0.0,1.0,0.0,0.0,0.0,0.0,0.0,0.0,0.0,0.0,22.0,19.0,20.0,36.0,34.0,33.0,1846.0,1894.0,1839.0,1839.0,1851.0,1840.0,4460.0,1020.0,2693.0,5001.0,6200.0,7721.0,125.63667832167711,-52.72286281522026,-46.15076984603079,-19.338709677419356,-19.699520787462763,125.63667832167711,34.46210390747136,-4.377152676491317,-17.001180637544273,-8.264678966720576,-11.990102935441756,71.04889543619117,1101.0,1099.0,1099.0,1100.0,1102.0,1100.0,64.23398759101453,64.23398759101453,-47.927576119157344,16.302710843373493,-47.927576119157344,32.971977909592965,35.821065112507576,4.410517387616621,-11.405946437793578,1.2459649606842418,-6.760596351456864,19.47502116850126,0.1322,0.1221,0.2232,0.3381,0.4195,0.4279,1651.06005859375,1707.3900146484375,1704.52001953125,1880.5799560546875,1779.2900390625,1640.5699462890625,-3.299185046849779,0.1683755593540497,-9.362002182177768,5.6927153397406025,8.45560368134377,-1.5021716055384315,0.9122519942728574,1.4804063860667633,13.465,1.618970540628035,2.3343373493975905,1.1876634363944008,-23.515296940611876,20.50602409638554,-19.084888621312466,14.236588720770287,0.3268178068837953,0.5251520176893312,0.5243032799336809,0.6412356453634906,0.0,-0.8097165991902757,0.5524861878453118,-3.5523978685612794,0.624999999999994,-4.761904761904759,0.2663115845539319,0.0,2034.0,0.0,-34.76510067114094,-16.44575856443719,-20.67292138466516,-42.17861975642761,-28.335919317300235,-18.00906416474517
2009-02-18,4460.0,125.63667832167711,2034.0,0.0,-34.76510067114094,-42.17861975642761,1244.0,2026.0,1890.0,1700.0,1392.0,1497.0,1537.0,1963.0,1532.0,1371.0,1755.0,720.0,1080.0,1.0,0.0,0.0,1.5,0.0,0.0,0.0,0.0,1.0,0.0,0.0,0.0,0.0,0.0,0.0,0.0,0.0,19.0,20.0,32.0,34.0,33.0,29.0,1894.0,1839.0,1839.0,1851.0,1840.0,1851.0,1020.0,2693.0,5001.0,6200.0,7721.0,2.0,-52.72286281522026,-46.15076984603079,-19.338709677419356,-19.699520787462763,125.63667832167711,-52.72286281522026,-4.377152676491317,-17.001180637544273,-8.264678966720576,-11.990102935441756,71.04889543619117,-9.760938054931328,1099.0,1099.0,1100.0,1102.0,1100.0,1100.0,64.23398759101453,-47.927576119157344,16.302710843373493,-47.927576119157344,32.971977909592965,-41.10348150825202,4.410517387616621,-11.405946437793578,1.2459649606842418,-6.760596351456864,19.47502116850126,-2.9665819377990417,0.1221,0.2232,0.3381,0.4195,0.4279,0.3793,1707.3900146484375,1704.52001953125,1880.5799560546875,1779.2900390625,1640.5699462890625,1665.5899658203125,0.1683755593540497,-9.362002182177768,5.6927153397406025,8.45560368134377,-1.5021716055384315,-10.874775864432856,1.4804063860667633,13.465,1.618970540628035,2.3343373493975905,1.1876634363944008,0.00040908161178155044,20.50602409638554,5.651731160896131,14.236588720770287,-10.219203457857365,0.5251520176893312,0.3081227197973573,0.6412356453634906,0.5079551840404608,-0.8097165991902757,-0.1347708894878821,-3.5523978685612794,-1.573426573426583,-4.761904761904759,-1.9455252918287935,0.0,0.0,2034.0,0.0,-16.44575856443719,-20.67292138466516,-5.11128165771297,-28.335919317300235,-18.00906416474517,-9.309201038361696
2009-02-04,1020.0,-52.72286281522026,2034.0,0.0,-34.76510067114094,-42.17861975642761,1244.0,2026.0,1890.0,1700.0,1392.0,1497.0,1537.0,1963.0,1532.0,1371.0,1755.0,720.0,1080.0,1.0,0.0,0.0,3.0,0.0,0.0,0.0,0.0,1.0,0.0,0.0,0.0,0.0,0.0,0.0,0.0,0.0,19.0,20.0,32.0,34.0,33.0,29.0,1839.0,1839.0,1851.0,1840.0,1851.0,1848.0,2693.0,5001.0,6200.0,7721.0,2.0,10455.0,-46.15076984603079,-19.338709677419356,-19.699520787462763,125.63667832167711,-52.72286281522026,-4.85940485940486,-17.001180637544273,-8.264678966720576,-11.990102935441756,71.04889543619117,-9.760938054931328,-4.756516168800948,1099.0,1100.0,1102.0,1100.0,1100.0,1099.0,-47.927576119157344,16.302710843373493,-47.927576119157344,32.971977909592965,-41.10348150825202,9.382000263539334,-11.405946437793578,1.2459649606842418,-6.760596351456864,19.47502116850126,-2.9665819377990417,-6.520241135287062,0.2232,0.3381,0.4195,0.4279,0.3793,0.4487,1704.52001953125,1880.5799560546875,1779.2900390625,1640.5699462890625,1665.5899658203125,1868.8199462890625,-9.362002182177768,5.6927153397406025,8.45560368134377,-1.5021716055384315,-10.874775864432856,2.6187005473735407,13.465,1.618970540628035,2.3343373493975905,1.1876634363944008,0.00040908161178155044,1.2594868088182147,20.50602409638554,5.651731160896131,14.236588720770287,-10.219203457857365,0.5251520176893312,0.3081227197973573,0.6412356453634906,0.5079551840404608,-0.8097165991902757,-0.1347708894878821,-3.5523978685612794,-1.573426573426583,-4.761904761904759,-1.9455252918287935,0.0,0.0,2034.0,0.0,-16.44575856443719,-20.67292138466516,-5.11128165771297,-28.335919317300235,-18.00906416474517,-9.309201038361696
2009-01-21,2693.0,-46.15076984603079,2034.0,0.0,-16.44575856443719,-28.335919317300235,2026.0,1890.0,1700.0,1392.0,1497.0,1537.0,1963.0,1532.0,1371.0,1755.0,720.0,1080.0,1647.0,1.0,0.0,0.0,3.0,0.0,0.0,0.0,0.0,1.0,0.0,0.0,0.0,0.0,0.0,0.0,0.0,0.0,20.0,32.0,13.0,33.0,29.0,25.0,1839.0,1851.0,1840.0,1851.0,1848.0,1846.0,5001.0,6200.0,7721.0,2.0,10455.0,10989.0,-19.338709677419356,-19.699520787462763,125.63667832167711,-52.72286281522026,-4.85940485940486,-20.37533512064343,-8.264678966720576,-11.990102935441756,71.04889543619117,-9.760938054931328,-4.756516168800948,-6.868905742145177,1100.0,1102.0,1100.0,1100.0,1099.0,1100.0,16.302710843373493,-47.927576119157344,32.971977909592965,-41.10348150825202,9.382000263539334,-47.298611111111114,1.2459649606842418,-6.760596351456864,19.47502116850126,-2.9665819377990417,-6.520241135287062,0.1402364451691806,0.3381,0.4195,0.4279,0.3793,0.4487,0.9201,1880.5799560546875,1779.2900390625,1640.5699462890625,1665.5899658203125,1868.8199462890625,1821.1300048828125,5.6927153397406025,8.45560368134377,-1.5021716055384315,-10.874775864432856,2.6187005473735407,-10.448413510913072,1.618970540628035,2.3343373493975905,1.1876634363944008,0.00040908161178155044,1.2594868088182147,1.4480168665173276,5.651731160896131,-16.532086697832554,-10.219203457857365,-22.04572803850782,0.3081227197973573,0.2662977037746041,0.5079551840404608,0.6264413009480557,-0.1347708894878821,1.2278308321964608,-1.573426573426583,-0.8665511265164645,-1.9455252918287935,-1.3435700575815792,0.0,0.5354752342704036,2034.0,0.0,-20.67292138466516,-5.11128165771297,-6.110390546188212,-18.00906416474517,-9.309201038361696,-3.0752026838132513
2009-01-07,5001.0,-19.338709677419356,2034.0,0.0,-16.44575856443719,-28.335919317300235,2026.0,1890.0,1700.0,1392.0,1497.0,1537.0,1963.0,1532.0,1371.0,1755.0,720.0,1080.0,1647.0,1.0,0.0,0.0,3.0,0.0,0.0,0.0,0.0,1.0,0.0,0.0,0.0,0.0,0.0,0.0,0.0,0.0,20.0,32.0,13.0,33.0,29.0,25.0,1851.0,1840.0,1851.0,1848.0,1846.0,1856.0,6200.0,7721.0,2.0,10455.0,10989.0,13801.0,-19.699520787462763,125.63667832167711,-52.72286281522026,-4.85940485940486,-20.37533512064343,-2.120567375886525,-11.990102935441756,71.04889543619117,-9.760938054931328,-4.756516168800948,-6.868905742145177,-8.001808318264013,1102.0,1100.0,1100.0,1099.0,1100.0,1132.0,-47.927576119157344,32.971977909592965,-41.10348150825202,9.382000263539334,-47.298611111111114,8.262536651379596,-6.760596351456864,19.47502116850126,-2.9665819377990417,-6.520241135287062,0.1402364451691806,3.4231448763250905,0.4195,0.4279,0.3793,0.4487,0.9201,1.2196,1779.2900390625,1640.5699462890625,1665.5899658203125,1868.8199462890625,1821.1300048828125,2033.6099853515625,8.45560368134377,-1.5021716055384315,-10.874775864432856,2.6187005473735407,-10.448413510913072,-15.941869204752008,2.3343373493975905,1.1876634363944008,0.00040908161178155044,1.2594868088182147,1.4480168665173276,0.9584027777777778,5.651731160896131,-16.532086697832554,-10.219203457857365,-22.04572803850782,0.3081227197973573,0.2662977037746041,0.5079551840404608,0.6264413009480557,-0.1347708894878821,1.2278308321964608,-1.573426573426583,-0.8665511265164645,-1.9455252918287935,-1.3435700575815792,0.0,0.5354752342704036,2034.0,0.0,-20.67292138466516,-5.11128165771297,-6.110390546188212,-18.00906416474517,-9.309201038361696,-3.0752026838132513
2008-12-17,6200.0,-19.699520787462763,2034.0,0.0,-20.67292138466516,-18.00906416474517,1890.0,1700.0,1392.0,1497.0,1537.0,1963.0,1532.0,1371.0,1755.0,720.0,1080.0,1647.0,1034.0,1.0,0.0,0.0,3.0,0.0,0.0,0.0,0.0,1.0,0.0,0.0,0.0,0.0,0.0,0.0,0.0,0.0,32.0,13.0,11.0,29.0,25.0,25.0,1840.0,1851.0,1848.0,1846.0,1856.0,2035.0,7721.0,2.0,10455.0,10989.0,13801.0,14100.0,125.63667832167711,-52.72286281522026,-4.85940485940486,-20.37533512064343,-2.120567375886525,48.40543100726239,71.04889543619117,-9.760938054931328,-4.756516168800948,-6.868905742145177,-8.001808318264013,27.489694616766435,1100.0,1100.0,1099.0,1100.0,1132.0,1127.0,32.971977909592965,-41.10348150825202,9.382000263539334,-47.298611111111114,8.262536651379596,-0.6572559563821048,19.47502116850126,-2.9665819377990417,-6.520241135287062,0.1402364451691806,3.4231448763250905,5.1046025104602375,0.4279,0.3793,0.4487,0.9201,1.2196,0.755,1640.5699462890625,1665.5899658203125,1868.8199462890625,1821.1300048828125,2033.6099853515625,2419.2900390625,-1.5021716055384315,-10.874775864432856,2.6187005473735407,-10.448413510913072,-15.941869204752008,-10.61285066580239,1.1876634363944008,0.00040908161178155044,1.2594868088182147,1.4480168665173276,0.9584027777777778,1.0600706713780919,-16.532086697832554,26.641550053821312,-22.04572803850782,31.23815540113708,0.2662977037746041,0.4464455698130449,0.6264413009480557,0.9400222965440358,1.2278308321964608,-0.2721088435374189,-0.8665511265164645,-0.51724137931034,-1.3435700575815792,-0.5725190839694603,0.5354752342704036,0.0,2034.0,0.0,-5.11128165771297,-6.110390546188212,-1.097491448118586,-9.309201038361696,-3.0752026838132513,-6.757901596611274
2008-12-03,7721.0,125.63667832167711,2034.0,0.0,-20.67292138466516,-18.00906416474517,1890.0,1700.0,1392.0,1497.0,1537.0,1963.0,1532.0,1371.0,1755.0,720.0,1080.0,1647.0,1034.0,1.0,0.0,0.0,3.0,0.0,0.0,0.0,0.0,1.0,0.0,0.0,0.0,0.0,0.0,0.0,0.0,0.0,32.0,13.0,11.0,29.0,25.0,25.0,1851.0,1848.0,1846.0,1856.0,2035.0,2038.0,2.0,10455.0,10989.0,13801.0,14100.0,9501.0,-52.72286281522026,-4.85940485940486,-20.37533512064343,-2.120567375886525,48.40543100726239,-28.50477838814057,-9.760938054931328,-4.756516168800948,-6.868905742145177,-8.001808318264013,27.489694616766435,-6.390487552719211,1100.0,1099.0,1100.0,1132.0,1127.0,1099.0,-41.10348150825202,9.382000263539334,-47.298611111111114,8.262536651379596,-0.6572559563821048,-3.606911447084233,-2.9665819377990417,-6.520241135287062,0.1402364451691806,3.4231448763250905,5.1046025104602375,-12.261380323054324,0.3793,0.4487,0.9201,1.2196,0.755,0.6223,1665.5899658203125,1868.8199462890625,1821.1300048828125,2033.6099853515625,2419.2900390625,2706.530029296875,-10.874775864432856,2.6187005473735407,-10.448413510913072,-15.941869204752008,-10.61285066580239,-1.643316823952939,0.00040908161178155044,1.2594868088182147,1.4480168665173276,0.9584027777777778,1.0600706713780919,0.7096123683620883,-16.532086697832554,26.641550053821312,-22.04572803850782,31.23815540113708,0.2662977037746041,0.4464455698130449,0.6264413009480557,0.9400222965440358,1.2278308321964608,-0.2721088435374189,-0.8665511265164645,-0.51724137931034,-1.3435700575815792,-0.5725190839694603,0.5354752342704036,0.0,2034.0,0.0,-5.11128165771297,-6.110390546188212,-1.097491448118586,-9.309201038361696,-3.0752026838132513,-6.757901596611274
2008-11-19,2.0,-52.72286281522026,2034.0,0.0,-5.11128165771297,-9.309201038361696,1700.0,1392.0,1497.0,1537.0,1963.0,1532.0,1371.0,1755.0,720.0,1080.0,1647.0,1034.0,1143.0,1.0,0.0,0.0,3.0,0.0,0.0,0.0,0.0,1.0,0.0,0.0,0.0,0.0,0.0,0.0,0.0,0.0,13.0,11.0,8.0,25.0,25.0,20.0,1848.0,1846.0,1856.0,2035.0,2038.0,2036.0,10455.0,10989.0,13801.0,14100.0,9501.0,13289.0,-4.85940485940486,-20.37533512064343,-2.120567375886525,48.40543100726239,-28.50477838814057,6.303495720342372,-4.756516168800948,-6.868905742145177,-8.001808318264013,27.489694616766435,-6.390487552719211,2.199448307180067,1099.0,1100.0,1132.0,1127.0,1099.0,1099.0,9.382000263539334,-47.298611111111114,8.262536651379596,-0.6572559563821048,-3.606911447084233,7.7663123593762124,-6.520241135287062,0.1402364451691806,3.4231448763250905,5.1046025104602375,-12.261380323054324,9.19365860424516,0.4487,0.9201,1.2196,0.755,0.6223,0.4925,1868.8199462890625,1821.1300048828125,2033.6099853515625,2419.2900390625,2706.530029296875,2751.75,2.6187005473735407,-10.448413510913072,-15.941869204752008,-10.61285066580239,-1.643316823952939,-4.677530948894776,1.2594868088182147,1.4480168665173276,0.9584027777777778,1.0600706713780919,0.7096123683620883,0.9567314614830813,26.641550053821312,-19.35763888888889,31.23815540113708,-15.37022186581128,0.4464455698130449,0.2835186864588802,0.9400222965440358,0.616937745372967,-0.2721088435374189,0.4098360655737666,-0.51724137931034,-1.1925042589437866,-0.5725190839694603,-1.6885553470919297,0.0,0.0,2034.0,0.0,-6.110390546188212,-1.097491448118586,-4.25764192139738,-3.0752026838132513,-6.757901596611274,-7.320166696865374
2008-11-05,10455.0,-4.85940485940486,2034.0,0.0,-5.11128165771297,-9.309201038361696,1700.0,1392.0,1497.0,1537.0,1963.0,1532.0,1371.0,1755.0,720.0,1080.0,1647.0,1034.0,1143.0,1.0,0.0,0.0,3.0,0.0,0.0,0.0,0.0,1.0,0.0,0.0,0.0,0.0,0.0,0.0,0.0,0.0,13.0,11.0,8.0,25.0,25.0,20.0,1846.0,1856.0,2035.0,2038.0,2036.0,2035.0,10989.0,13801.0,14100.0,9501.0,13289.0,12501.0,-20.37533512064343,-2.120567375886525,48.40543100726239,-28.50477838814057,6.303495720342372,-11.34671299907808,-6.868905742145177,-8.001808318264013,27.489694616766435,-6.390487552719211,2.199448307180067,-7.407383771020138,1100.0,1132.0,1127.0,1099.0,1099.0,1104.0,-47.298611111111114,8.262536651379596,-0.6572559563821048,-3.606911447084233,7.7663123593762124,-9.455567263786442,0.1402364451691806,3.4231448763250905,5.1046025104602375,-12.261380323054324,9.19365860424516,-4.565785680227977,0.9201,1.2196,0.755,0.6223,0.4925,0.3388,1821.1300048828125,2033.6099853515625,2419.2900390625,2706.530029296875,2751.75,2886.780029296875,-10.448413510913072,-15.941869204752008,-10.61285066580239,-1.643316823952939,-4.677530948894776,-3.0950174817008036,1.4480168665173276,0.9584027777777778,1.0600706713780919,0.7096123683620883,0.9567314614830813,0.9698968112343859,26.641550053821312,-19.35763888888889,31.23815540113708,-15.37022186581128,0.4464455698130449,0.2835186864588802,0.9400222965440358,0.616937745372967,-0.2721088435374189,0.4098360655737666,-0.51724137931034,-1.1925042589437866,-0.5725190839694603,-1.6885553470919297,0.0,0.0,2034.0,0.0,-6.110390546188212,-1.097491448118586,-4.25764192139738,-3.0752026838132513,-6.757901596611274,-7.320166696865374
2008-10-22,10989.0,-20.37533512064343,2034.0,0.0,-6.110390546188212,-3.0752026838132513,1392.0,1497.0,1537.0,1963.0,1532.0,1371.0,1755.0,720.0,1080.0,1647.0,1034.0,1143.0,1336.0,1.0,0.0,0.0,3.0,0.0,0.0,0.0,0.0,1.0,0.0,0.0,0.0,0.0,0.0,0.0,0.0,0.0,11.0,8.0,9.0,25.0,20.0,24.0,1856.0,2035.0,2038.0,2036.0,2035.0,2048.0,13801.0,14100.0,9501.0,13289.0,12501.0,14101.0,-2.120567375886525,48.40543100726239,-28.50477838814057,6.303495720342372,-11.34671299907808,-3.976847122914539,-8.001808318264013,27.489694616766435,-6.390487552719211,2.199448307180067,-7.407383771020138,-0.5455745026390528,1132.0,1127.0,1099.0,1099.0,1104.0,1099.0,8.262536651379596,-0.6572559563821048,-3.606911447084233,7.7663123593762124,-9.455567263786442,-8.16721501838591,3.4231448763250905,5.1046025104602375,-12.261380323054324,9.19365860424516,-4.565785680227977,-5.4953000723065735,1.2196,0.755,0.6223,0.4925,0.3388,0.3793,2033.6099853515625,2419.2900390625,2706.530029296875,2751.75,2886.780029296875,2978.97998046875,-15.941869204752008,-10.61285066580239,-1.643316823952939,-4.677530948894776,-3.0950174817008036,2.1030792500978195,0.9584027777777778,1.0600706713780919,0.7096123683620883,0.9567314614830813,0.9698968112343859,0.9905865823674043,-19.35763888888889,-2.248621128553246,-15.37022186581128,-7.240267790726507,0.2835186864588802,0.4278966912305146,0.616937745372967,0.7139790777017103,0.4098360655737666,1.1049723756906038,-1.1925042589437866,-0.6768189509306236,-1.6885553470919297,-0.929368029739777,0.0,0.0,2034.0,-5.746061167747914,-1.097491448118586,-4.25764192139738,-1.1732973701955496,-6.757901596611274,-7.320166696865374,-7.17089033415564
2008-10-08,13801.0,-2.120567375886525,2034.0,0.0,-6.110390546188212,-3.0752026838132513,1392.0,1497.0,1537.0,1963.0,1532.0,1371.0,1755.0,720.0,1080.0,1647.0,1034.0,1143.0,1336.0,1.0,0.0,0.0,3.0,0.0,0.0,0.0,0.0,1.0,0.0,0.0,0.0,0.0,0.0,0.0,0.0,0.0,11.0,8.0,9.0,25.0,20.0,24.0,2035.0,2038.0,2036.0,2035.0,2048.0,2036.0,14100.0,9501.0,13289.0,12501.0,14101.0,14685.0,48.40543100726239,-28.50477838814057,6.303495720342372,-11.34671299907808,-3.976847122914539,4.141550244663499,27.489694616766435,-6.390487552719211,2.199448307180067,-7.407383771020138,-0.5455745026390528,6.261738893957916,1127.0,1099.0,1099.0,1104.0,1099.0,1099.0,-0.6572559563821048,-3.606911447084233,7.7663123593762124,-9.455567263786442,-8.16721501838591,5.527946082102254,5.1046025104602375,-12.261380323054324,9.19365860424516,-4.565785680227977,-5.4953000723065735,8.046875000000007,0.755,0.6223,0.4925,0.3388,0.3793,0.3424,2419.2900390625,2706.530029296875,2751.75,2886.780029296875,2978.97998046875,2917.6201171875,-10.61285066580239,-1.643316823952939,-4.677530948894776,-3.0950174817008036,2.1030792500978195,-4.028498076124485,1.0600706713780919,0.7096123683620883,0.9567314614830813,0.9698968112343859,0.9905865823674043,0.9473582349525838,-19.35763888888889,-2.248621128553246,-15.37022186581128,-7.240267790726507,0.2835186864588802,0.4278966912305146,0.616937745372967,0.7139790777017103,0.4098360655737666,1.1049723756906038,-1.1925042589437866,-0.6768189509306236,-1.6885553470919297,-0.929368029739777,0.0,0.0,2034.0,-5.746061167747914,-1.097491448118586,-4.25764192139738,-1.1732973701955496,-6.757901596611274,-7.320166696865374,-7.17089033415564
2008-09-17,14100.0,48.40543100726239,2034.0,0.0,-1.097491448118586,-6.757901596611274,1497.0,1537.0,1963.0,1532.0,1371.0,1755.0,720.0,1080.0,1647.0,1034.0,1143.0,1336.0,1532.0,1.0,0.0,0.0,3.0,0.0,0.0,0.0,0.0,1.0,0.0,0.0,0.0,0.0,0.0,0.0,0.0,0.0,8.0,9.0,8.0,20.0,24.0,20.0,2038.0,2036.0,2035.0,2048.0,2036.0,2037.0,9501.0,13289.0,12501.0,14101.0,14685.0,14101.0,-28.50477838814057,6.303495720342372,-11.34671299907808,-3.976847122914539,4.141550244663499,-3.3516106922549693,-6.390487552719211,2.199448307180067,-7.407383771020138,-0.5455745026390528,6.261738893957916,-7.194462444771734,1099.0,1099.0,1104.0,1099.0,1099.0,1099.0,-3.606911447084233,7.7663123593762124,-9.455567263786442,-8.16721501838591,5.527946082102254,0.3346994535519126,-12.261380323054324,9.19365860424516,-4.565785680227977,-5.4953000723065735,8.046875000000007,2.206090063438735,0.6223,0.4925,0.3388,0.3793,0.3424,0.425,2706.530029296875,2751.75,2886.780029296875,2978.97998046875,2917.6201171875,3040.090087890625,-1.643316823952939,-4.677530948894776,-3.0950174817008036,2.1030792500978195,-4.028498076124485,-3.0212440813539354,0.7096123683620883,0.9567314614830813,0.9698968112343859,0.9905865823674043,0.9473582349525838,0.959970045612363,-2.248621128553246,2.3003472222222223,-7.240267790726507,7.6902536715620835,0.4278966912305146,0.4764932154301603,0.7139790777017103,0.9419331295899284,1.1049723756906038,-0.2754820936638962,-0.6768189509306236,-0.6722689075630228,-0.929368029739777,-0.9208103130755064,0.0,0.0,2034.0,-5.746061167747914,-4.25764192139738,-1.1732973701955496,2.120919983473351,-7.320166696865374,-7.17089033415564,4.170073589533932
2008-09-03,9501.0,-28.50477838814057,2034.0,0.0,-1.097491448118586,-6.757901596611274,1497.0,1537.0,1963.0,1532.0,1371.0,1755.0,720.0,1080.0,1647.0,1034.0,1143.0,1336.0,1532.0,1.0,0.0,0.0,3.0,0.0,0.0,0.0,0.0,1.0,0.0,0.0,0.0,0.0,0.0,0.0,0.0,0.0,8.0,9.0,8.0,20.0,24.0,20.0,2036.0,2035.0,2048.0,2036.0,2037.0,2038.0,13289.0,12501.0,14101.0,14685.0,14101.0,14590.0,6.303495720342372,-11.34671299907808,-3.976847122914539,4.141550244663499,-3.3516106922549693,-7.0759824215018154,2.199448307180067,-7.407383771020138,-0.5455745026390528,6.261738893957916,-7.194462444771734,-10.38713452893604,1099.0,1104.0,1099.0,1099.0,1099.0,1125.0,7.7663123593762124,-9.455567263786442,-8.16721501838591,5.527946082102254,0.3346994535519126,-14.45100216209899,9.19365860424516,-4.565785680227977,-5.4953000723065735,8.046875000000007,2.206090063438735,-10.20694046482011,0.4925,0.3388,0.3793,0.3424,0.425,0.6122,2751.75,2886.780029296875,2978.97998046875,2917.6201171875,3040.090087890625,3134.800048828125,-4.677530948894776,-3.0950174817008036,2.1030792500978195,-4.028498076124485,-3.0212440813539354,-0.8244609918850738,0.9567314614830813,0.9698968112343859,0.9905865823674043,0.9473582349525838,0.959970045612363,0.9965846994535519,-2.248621128553246,2.3003472222222223,-7.240267790726507,7.6902536715620835,0.4278966912305146,0.4764932154301603,0.7139790777017103,0.9419331295899284,1.1049723756906038,-0.2754820936638962,-0.6768189509306236,-0.6722689075630228,-0.929368029739777,-0.9208103130755064,0.0,0.0,2034.0,-5.746061167747914,-4.25764192139738,-1.1732973701955496,2.120919983473351,-7.320166696865374,-7.17089033415564,4.170073589533932
2008-08-20,13289.0,6.303495720342372,2034.0,0.0,-4.25764192139738,-7.320166696865374,1537.0,1963.0,1532.0,1371.0,1755.0,720.0,1080.0,1647.0,1034.0,1143.0,1336.0,1532.0,1134.0,1.0,0.0,0.0,3.0,0.0,0.0,0.0,0.0,1.0,0.0,0.0,0.0,0.0,0.0,0.0,0.0,0.0,9.0,8.0,14.0,24.0,20.0,22.0,2035.0,2048.0,2036.0,2037.0,2038.0,2063.0,12501.0,14101.0,14685.0,14101.0,14590.0,15701.0,-11.34671299907808,-3.976847122914539,4.141550244663499,-3.3516106922549693,-7.0759824215018154,42.61967481151785,-7.407383771020138,-0.5455745026390528,6.261738893957916,-7.194462444771734,-10.38713452893604,27.10588861535532,1104.0,1099.0,1099.0,1099.0,1125.0,1100.0,-9.455567263786442,-8.16721501838591,5.527946082102254,0.3346994535519126,-14.45100216209899,7.703442633268298,-4.565785680227977,-5.4953000723065735,8.046875000000007,2.206090063438735,-10.20694046482011,13.5991130820399,0.3388,0.3793,0.3424,0.425,0.6122,0.6782,2886.780029296875,2978.97998046875,2917.6201171875,3040.090087890625,3134.800048828125,3160.860107421875,-3.0950174817008036,2.1030792500978195,-4.028498076124485,-3.0212440813539354,-0.8244609918850738,-2.1087302305595763,0.9698968112343859,0.9905865823674043,0.9473582349525838,0.959970045612363,0.9965846994535519,0.9174896277683632,2.3003472222222223,-7.320997586484312,7.6902536715620835,2.941176470588235,0.4764932154301603,0.4855825538738517,0.9419331295899284,0.8348090058183658,-0.2754820936638962,0.6934812760055479,-0.6722689075630228,0.847457627118644,-0.9208103130755064,1.1173184357541792,0.0,0.0,2034.0,-5.746061167747914,-1.1732973701955496,2.120919983473351,8.034518672816546,-7.17089033415564,4.170073589533932,8.141224025768963
2008-08-06,12501.0,-11.34671299907808,2034.0,0.0,-4.25764192139738,-7.320166696865374,1537.0,1963.0,1532.0,1371.0,1755.0,720.0,1080.0,1647.0,1034.0,1143.0,1336.0,1532.0,1134.0,1.0,0.0,0.0,3.0,0.0,0.0,0.0,0.0,1.0,0.0,0.0,0.0,0.0,0.0,0.0,0.0,0.0,9.0,8.0,14.0,24.0,20.0,22.0,2048.0,2036.0,2037.0,2038.0,2063.0,2053.0,14101.0,14685.0,14101.0,14590.0,15701.0,11009.0,-3.976847122914539,4.141550244663499,-3.3516106922549693,-7.0759824215018154,42.61967481151785,-29.42948717948718,-0.5455745026390528,6.261738893957916,-7.194462444771734,-10.38713452893604,27.10588861535532,-0.1961005586815143,1099.0,1099.0,1099.0,1125.0,1100.0,1101.0,-8.16721501838591,5.527946082102254,0.3346994535519126,-14.45100216209899,7.703442633268298,-9.257567104511708,-5.4953000723065735,8.046875000000007,2.206090063438735,-10.20694046482011,13.5991130820399,-5.580891856071518,0.3793,0.3424,0.425,0.6122,0.6782,0.5613,2978.97998046875,2917.6201171875,3040.090087890625,3134.800048828125,3160.860107421875,3228.949951171875,2.1030792500978195,-4.028498076124485,-3.0212440813539354,-0.8244609918850738,-2.1087302305595763,1.0992993485919436,0.9905865823674043,0.9473582349525838,0.959970045612363,0.9965846994535519,0.9174896277683632,0.6928692806344011,2.3003472222222223,-7.320997586484312,7.6902536715620835,2.941176470588235,0.4764932154301603,0.4855825538738517,0.9419331295899284,0.8348090058183658,-0.2754820936638962,0.6934812760055479,-0.6722689075630228,0.847457627118644,-0.9208103130755064,1.1173184357541792,0.0,0.0,2034.0,-5.746061167747914,-1.1732973701955496,2.120919983473351,8.034518672816546,-7.17089033415564,4.170073589533932,8.141224025768963
2008-07-23,14101.0,-3.976847122914539,2034.0,-5.746061167747914,-1.1732973701955496,-7.17089033415564,1963.0,1532.0,1371.0,1755.0,720.0,1080.0,1647.0,1034.0,1143.0,1336.0,1532.0,1134.0,1174.0,1.0,0.0,0.0,3.0,0.0,0.0,0.0,0.0,1.0,0.0,0.0,0.0,0.0,0.0,0.0,0.0,0.0,8.0,14.0,8.0,20.0,22.0,22.0,2036.0,2037.0,2038.0,2063.0,2053.0,2036.0,14685.0,14101.0,14590.0,15701.0,11009.0,15600.0,4.141550244663499,-3.3516106922549693,-7.0759824215018154,42.61967481151785,-29.42948717948718,-7.855877141169522,6.261738893957916,-7.194462444771734,-10.38713452893604,27.10588861535532,-0.1961005586815143,-14.219706756973691,1099.0,1099.0,1125.0,1100.0,1101.0,1119.0,5.527946082102254,0.3346994535519126,-14.45100216209899,7.703442633268298,-9.257567104511708,-10.20973283421363,8.046875000000007,2.206090063438735,-10.20694046482011,13.5991130820399,-5.580891856071518,-3.0838212224321615,0.3424,0.425,0.6122,0.6782,0.5613,0.5513,2917.6201171875,3040.090087890625,3134.800048828125,3160.860107421875,3228.949951171875,3193.840087890625,-4.028498076124485,-3.0212440813539354,-0.8244609918850738,-2.1087302305595763,1.0992993485919436,3.3698884745145845,0.9473582349525838,0.959970045612363,0.9965846994535519,0.9174896277683632,0.6928692806344011,0.8909194745859509,-7.320997586484312,20.474921250302884,2.941176470588235,-4.137022397891963,0.4855825538738517,0.4778530974541517,0.8348090058183658,0.7488449900138555,0.6934812760055479,1.5492957746478793,0.847457627118644,1.3745704467353903,1.1173184357541792,1.8975332068311197,0.0,0.1340482573726656,2158.0,0.0,2.120919983473351,8.034518672816546,4.8599734768702705,4.170073589533932,8.141224025768963,9.298633163053983
2008-07-09,14685.0,4.141550244663499,2034.0,-5.746061167747914,-1.1732973701955496,-7.17089033415564,1963.0,1532.0,1371.0,1755.0,720.0,1080.0,1647.0,1034.0,1143.0,1336.0,1532.0,1134.0,1174.0,1.0,0.0,0.0,3.0,0.0,0.0,0.0,0.0,1.0,0.0,0.0,0.0,0.0,0.0,0.0,0.0,0.0,8.0,14.0,8.0,20.0,22.0,22.0,2037.0,2038.0,2063.0,2053.0,2036.0,2043.0,14101.0,14590.0,15701.0,11009.0,15600.0,16930.0,-3.3516106922549693,-7.0759824215018154,42.61967481151785,-29.42948717948718,-7.855877141169522,10.013646110858405,-7.194462444771734,-10.38713452893604,27.10588861535532,-0.1961005586815143,-14.219706756973691,9.88029792762004,1099.0,1125.0,1100.0,1101.0,1119.0,1132.0,0.3346994535519126,-14.45100216209899,7.703442633268298,-9.257567104511708,-10.20973283421363,2.631440450502605,2.206090063438735,-10.20694046482011,13.5991130820399,-5.580891856071518,-3.0838212224321615,-0.5365318033939553,0.425,0.6122,0.6782,0.5613,0.5513,0.6904,3040.090087890625,3134.800048828125,3160.860107421875,3228.949951171875,3193.840087890625,3089.719970703125,-3.0212440813539354,-0.8244609918850738,-2.1087302305595763,1.0992993485919436,3.3698884745145845,9.05368868888018,0.959970045612363,0.9965846994535519,0.9174896277683632,0.6928692806344011,0.8909194745859509,0.8681606071483514,-7.320997586484312,20.474921250302884,2.941176470588235,-4.137022397891963,0.4855825538738517,0.4778530974541517,0.8348090058183658,0.7488449900138555,0.6934812760055479,1.5492957746478793,0.847457627118644,1.3745704467353903,1.1173184357541792,1.8975332068311197,0.0,0.1340482573726656,2158.0,0.0,2.120919983473351,8.034518672816546,4.8599734768702705,4.170073589533932,8.141224025768963,9.298633163053983
2008-06-18,14101.0,-3.3516106922549693,2034.0,-5.746061167747914,2.120919983473351,4.170073589533932,1532.0,1371.0,1755.0,720.0,1080.0,1647.0,1034.0,1143.0,1336.0,1532.0,1134.0,1174.0,1290.0,1.0,0.0,0.0,3.0,0.0,0.0,0.0,0.0,1.0,0.0,0.0,0.0,0.0,0.0,0.0,0.0,0.0,14.0,8.0,10.0,22.0,22.0,18.0,2038.0,2063.0,2053.0,2036.0,2043.0,2161.0,14590.0,15701.0,11009.0,15600.0,16930.0,15389.0,-7.0759824215018154,42.61967481151785,-29.42948717948718,-7.855877141169522,10.013646110858405,7.232945439342206,-10.38713452893604,27.10588861535532,-0.1961005586815143,-14.219706756973691,9.88029792762004,-8.857777648812242,1125.0,1100.0,1101.0,1119.0,1132.0,1130.0,-14.45100216209899,7.703442633268298,-9.257567104511708,-10.20973283421363,2.631440450502605,5.561111111111111,-10.20694046482011,13.5991130820399,-5.580891856071518,-3.0838212224321615,-0.5365318033939553,-7.8810652529414975,0.6122,0.6782,0.5613,0.5513,0.6904,0.8593,3134.800048828125,3160.860107421875,3228.949951171875,3193.840087890625,3089.719970703125,2833.2099609375,-0.8244609918850738,-2.1087302305595763,1.0992993485919436,3.3698884745145845,9.05368868888018,-2.664589028790404,0.9965846994535519,0.9174896277683632,0.6928692806344011,0.8909194745859509,0.8681606071483514,0.8099047418556918,20.474921250302884,14.798331015299029,-4.137022397891963,11.71622019428908,0.4778530974541517,0.2085627686220238,0.7488449900138555,0.8170988086895585,1.5492957746478793,0.1410437235542938,1.3745704467353903,-0.512820512820508,1.8975332068311197,-0.7532956685499032,0.1340482573726656,0.0,2158.0,0.0,8.034518672816546,4.8599734768702705,-7.664049557012173,8.141224025768963,9.298633163053983,-6.136201645823884
2008-06-04,14590.0,-7.0759824215018154,2034.0,-5.746061167747914,2.120919983473351,4.170073589533932,1532.0,1371.0,1755.0,720.0,1080.0,1647.0,1034.0,1143.0,1336.0,1532.0,1134.0,1174.0,1290.0,1.0,0.0,0.0,3.0,0.0,0.0,0.0,0.0,1.0,0.0,0.0,0.0,0.0,0.0,0.0,0.0,0.0,14.0,8.0,10.0,22.0,22.0,18.0,2063.0,2053.0,2036.0,2043.0,2161.0,2171.0,15701.0,11009.0,15600.0,16930.0,15389.0,14351.0,42.61967481151785,-29.42948717948718,-7.855877141169522,10.013646110858405,7.232945439342206,11.628811449906658,27.10588861535532,-0.1961005586815143,-14.219706756973691,9.88029792762004,-8.857777648812242,-1.5486698121428673,1100.0,1101.0,1119.0,1132.0,1130.0,1125.0,7.703442633268298,-9.257567104511708,-10.20973283421363,2.631440450502605,5.561111111111111,16.054158607350097,13.5991130820399,-5.580891856071518,-3.0838212224321615,-0.5365318033939553,-7.8810652529414975,-8.14950980392157,0.6782,0.5613,0.5513,0.6904,0.8593,1.2264,3160.860107421875,3228.949951171875,3193.840087890625,3089.719970703125,2833.2099609375,2910.77001953125,-2.1087302305595763,1.0992993485919436,3.3698884745145845,9.05368868888018,-2.664589028790404,-3.8343764135462983,0.9174896277683632,0.6928692806344011,0.8909194745859509,0.8681606071483514,0.8099047418556918,0.7972777777777778,20.474921250302884,14.798331015299029,-4.137022397891963,11.71622019428908,0.4778530974541517,0.2085627686220238,0.7488449900138555,0.8170988086895585,1.5492957746478793,0.1410437235542938,1.3745704467353903,-0.512820512820508,1.8975332068311197,-0.7532956685499032,0.1340482573726656,0.0,2158.0,0.0,8.034518672816546,4.8599734768702705,-7.664049557012173,8.141224025768963,9.298633163053983,-6.136201645823884
2008-05-22,15701.0,42.61967481151785,2034.0,-5.746061167747914,8.034518672816546,8.141224025768963,1371.0,1755.0,720.0,1080.0,1647.0,1034.0,1143.0,1336.0,1532.0,1134.0,1174.0,1290.0,1161.0,1.0,0.0,0.0,3.0,0.0,0.0,0.0,0.0,1.0,0.0,0.0,0.0,0.0,0.0,0.0,0.0,0.0,8.0,10.0,13.0,22.0,18.0,19.0,2053.0,2036.0,2043.0,2161.0,2171.0,2291.0,11009.0,15600.0,16930.0,15389.0,14351.0,12856.0,-29.42948717948718,-7.855877141169522,10.013646110858405,7.232945439342206,11.628811449906658,7.115480753207799,-0.1961005586815143,-14.219706756973691,9.88029792762004,-8.857777648812242,-1.5486698121428673,-7.993573928509953,1101.0,1119.0,1132.0,1130.0,1125.0,1125.0,-9.257567104511708,-10.20973283421363,2.631440450502605,5.561111111111111,16.054158607350097,17.419940949352714,-5.580891856071518,-3.0838212224321615,-0.5365318033939553,-7.8810652529414975,-8.14950980392157,13.040256762952776,0.5613,0.5513,0.6904,0.8593,1.2264,1.4371,3228.949951171875,3193.840087890625,3089.719970703125,2833.2099609375,2910.77001953125,3026.830078125,1.0992993485919436,3.3698884745145845,9.05368868888018,-2.664589028790404,-3.8343764135462983,-0.3814431200427339,0.6928692806344011,0.8909194745859509,0.8681606071483514,0.8099047418556918,0.7972777777777778,0.8288845905867183,14.798331015299029,-30.998080614203456,11.71622019428908,-26.055724858511105,0.2085627686220238,0.3409665063971966,0.8170988086895585,0.8319044299146425,0.1410437235542938,0.5673758865248308,-0.512820512820508,0.0,-0.7532956685499032,0.0,0.0,0.0,2158.0,0.0,4.8599734768702705,-7.664049557012173,-3.863998338065231,9.298633163053983,-6.136201645823884,-5.521885521885522
2008-05-07,11009.0,-29.42948717948718,2034.0,-5.746061167747914,8.034518672816546,8.141224025768963,1371.0,1755.0,720.0,1080.0,1647.0,1034.0,1143.0,1336.0,1532.0,1134.0,1174.0,1290.0,1161.0,1.0,0.0,0.0,3.0,0.0,0.0,0.0,0.0,1.0,0.0,0.0,0.0,0.0,0.0,0.0,0.0,0.0,8.0,10.0,13.0,22.0,18.0,19.0,2036.0,2043.0,2161.0,2171.0,2291.0,2167.0,15600.0,16930.0,15389.0,14351.0,12856.0,12002.0,-7.855877141169522,10.013646110858405,7.232945439342206,11.628811449906658,7.115480753207799,0.0083326389467544,-14.219706756973691,9.88029792762004,-8.857777648812242,-1.5486698121428673,-7.993573928509953,18.489062549431896,1119.0,1132.0,1130.0,1125.0,1125.0,1133.0,-10.20973283421363,2.631440450502605,5.561111111111111,16.054158607350097,17.419940949352714,-0.6020016555045526,-3.0838212224321615,-0.5365318033939553,-7.8810652529414975,-8.14950980392157,13.040256762952776,10.550941630600075,0.5513,0.6904,0.8593,1.2264,1.4371,1.306,3193.840087890625,3089.719970703125,2833.2099609375,2910.77001953125,3026.830078125,3038.419921875,3.3698884745145845,9.05368868888018,-2.664589028790404,-3.8343764135462983,-0.3814431200427339,1.836688403185753,0.8909194745859509,0.8681606071483514,0.8099047418556918,0.7972777777777778,0.8288845905867183,0.9086229086229086,14.798331015299029,-30.998080614203456,11.71622019428908,-26.055724858511105,0.2085627686220238,0.3409665063971966,0.8170988086895585,0.8319044299146425,0.1410437235542938,0.5673758865248308,-0.512820512820508,0.0,-0.7532956685499032,0.0,0.0,0.0,2158.0,0.0,4.8599734768702705,-7.664049557012173,-3.863998338065231,9.298633163053983,-6.136201645823884,-5.521885521885522
2008-04-23,15600.0,-7.855877141169522,2158.0,0.0,4.8599734768702705,9.298633163053983,1755.0,720.0,1080.0,1647.0,1034.0,1143.0,1336.0,1532.0,1134.0,1174.0,1290.0,1161.0,1296.0,1.0,0.0,0.0,3.0,0.0,0.0,0.0,0.0,1.0,0.0,0.0,0.0,0.0,0.0,0.0,0.0,0.0,10.0,13.0,15.0,18.0,19.0,20.0,2043.0,2161.0,2171.0,2291.0,2167.0,2231.0,16930.0,15389.0,14351.0,12856.0,12002.0,12001.0,10.013646110858405,7.232945439342206,11.628811449906658,7.115480753207799,0.0083326389467544,-14.59578707657273,9.88029792762004,-8.857777648812242,-1.5486698121428673,-7.993573928509953,18.489062549431896,-0.8912094523927818,1132.0,1130.0,1125.0,1125.0,1133.0,1144.0,2.631440450502605,5.561111111111111,16.054158607350097,17.419940949352714,-0.6020016555045526,-16.886609544061542,-0.5365318033939553,-7.8810652529414975,-8.14950980392157,13.040256762952776,10.550941630600075,-12.564042641163464,0.6904,0.8593,1.2264,1.4371,1.306,0.9589,3089.719970703125,2833.2099609375,2910.77001953125,3026.830078125,3038.419921875,2983.6201171875,9.05368868888018,-2.664589028790404,-3.8343764135462983,-0.3814431200427339,1.836688403185753,-10.791050131047848,0.8681606071483514,0.8099047418556918,0.7972777777777778,0.8288845905867183,0.9086229086229086,0.9030777334637671,-30.998080614203456,27.011214041930764,-26.055724858511105,14.93620215161371,0.3409665063971966,0.6304677992343851,0.8319044299146425,1.1642148102611023,0.5673758865248308,1.147776183644185,0.0,-1.1824324324324371,0.0,-1.666666666666664,0.0,0.1342281879194554,2158.0,0.0,-7.664049557012173,-3.863998338065231,-10.293204124735992,-6.136201645823884,-5.521885521885522,-8.302458740316606
2008-04-09,16930.0,10.013646110858405,2158.0,0.0,4.8599734768702705,9.298633163053983,1755.0,720.0,1080.0,1647.0,1034.0,1143.0,1336.0,1532.0,1134.0,1174.0,1290.0,1161.0,1296.0,1.0,0.0,0.0,3.0,0.0,0.0,0.0,0.0,1.0,0.0,0.0,0.0,0.0,0.0,0.0,0.0,0.0,10.0,13.0,15.0,18.0,19.0,20.0,2161.0,2171.0,2291.0,2167.0,2231.0,2162.0,15389.0,14351.0,12856.0,12002.0,12001.0,14052.0,7.232945439342206,11.628811449906658,7.115480753207799,0.0083326389467544,-14.59578707657273,0.3642596957360188,-8.857777648812242,-1.5486698121428673,-7.993573928509953,18.489062549431896,-0.8912094523927818,-1.3523956723338462,1130.0,1125.0,1125.0,1133.0,1144.0,1172.0,5.561111111111111,16.054158607350097,17.419940949352714,-0.6020016555045526,-16.886609544061542,1.1833945070244272,-7.8810652529414975,-8.14950980392157,13.040256762952776,10.550941630600075,-12.564042641163464,-5.34849920191023,0.8593,1.2264,1.4371,1.306,0.9589,0.8776,2833.2099609375,2910.77001953125,3026.830078125,3038.419921875,2983.6201171875,3344.530029296875,-2.664589028790404,-3.8343764135462983,-0.3814431200427339,1.836688403185753,-10.791050131047848,-3.5151904186785288,0.8099047418556918,0.7972777777777778,0.8288845905867183,0.9086229086229086,0.9030777334637671,0.8788542122709363,-30.998080614203456,27.011214041930764,-26.055724858511105,14.93620215161371,0.3409665063971966,0.6304677992343851,0.8319044299146425,1.1642148102611023,0.5673758865248308,1.147776183644185,0.0,-1.1824324324324371,0.0,-1.666666666666664,0.0,0.1342281879194554,2158.0,0.0,-7.664049557012173,-3.863998338065231,-10.293204124735992,-6.136201645823884,-5.521885521885522,-8.302458740316606
2008-03-19,15389.0,7.232945439342206,2158.0,0.0,-7.664049557012173,-6.136201645823884,720.0,1080.0,1647.0,1034.0,1143.0,1336.0,1532.0,1134.0,1174.0,1290.0,1161.0,1296.0,1396.0,1.0,0.0,0.0,3.0,0.0,0.0,0.0,0.0,1.0,0.0,0.0,0.0,0.0,0.0,0.0,0.0,0.0,13.0,15.0,13.0,19.0,20.0,21.0,2171.0,2291.0,2167.0,2231.0,2162.0,2162.0,14351.0,12856.0,12002.0,12001.0,14052.0,14001.0,11.628811449906658,7.115480753207799,0.0083326389467544,-14.59578707657273,0.3642596957360188,16.665277893508872,-1.5486698121428673,-7.993573928509953,18.489062549431896,-0.8912094523927818,-1.3523956723338462,9.665591122452616,1125.0,1125.0,1133.0,1144.0,1172.0,1125.0,16.054158607350097,17.419940949352714,-0.6020016555045526,-16.886609544061542,1.1833945070244272,20.497178587768797,-8.14950980392157,13.040256762952776,10.550941630600075,-12.564042641163464,-5.34849920191023,22.28645677161421,1.2264,1.4371,1.306,0.9589,0.8776,1.2937,2910.77001953125,3026.830078125,3038.419921875,2983.6201171875,3344.530029296875,3466.3798828125,-3.8343764135462983,-0.3814431200427339,1.836688403185753,-10.791050131047848,-3.5151904186785288,-1.5588164615122857,0.7972777777777778,0.8288845905867183,0.9086229086229086,0.9030777334637671,0.8788542122709363,0.8860270851790912,27.011214041930764,5.558414822439526,14.93620215161371,15.420155934161132,0.6304677992343851,0.4262762757816438,1.1642148102611023,1.079479768786127,1.147776183644185,-0.7122507122507122,-1.1824324324324371,2.9565217391304395,-1.666666666666664,1.6949152542372854,0.1342281879194554,5.225988700564976,2158.0,0.0,-3.863998338065231,-10.293204124735992,6.771904224978444,-5.521885521885522,-8.302458740316606,0.3662178150881739
2008-03-05,14351.0,11.628811449906658,2158.0,0.0,-7.664049557012173,-6.136201645823884,720.0,1080.0,1647.0,1034.0,1143.0,1336.0,1532.0,1134.0,1174.0,1290.0,1161.0,1296.0,1396.0,1.0,0.0,0.0,3.0,0.0,0.0,0.0,0.0,1.0,0.0,0.0,0.0,0.0,0.0,0.0,0.0,0.0,13.0,15.0,13.0,19.0,20.0,21.0,2291.0,2167.0,2231.0,2162.0,2162.0,2174.0,12856.0,12002.0,12001.0,14052.0,14001.0,12001.0,7.115480753207799,0.0083326389467544,-14.59578707657273,0.3642596957360188,16.665277893508872,-16.682865870591502,-7.993573928509953,18.489062549431896,-0.8912094523927818,-1.3523956723338462,9.665591122452616,-3.8556972006834034,1125.0,1133.0,1144.0,1172.0,1125.0,1163.0,17.419940949352714,-0.6020016555045526,-16.886609544061542,1.1833945070244272,20.497178587768797,-20.041460886531308,13.040256762952776,10.550941630600075,-12.564042641163464,-5.34849920191023,22.28645677161421,-3.542960474732181,1.4371,1.306,0.9589,0.8776,1.2937,1.6126,3026.830078125,3038.419921875,2983.6201171875,3344.530029296875,3466.3798828125,3521.27001953125,-0.3814431200427339,1.836688403185753,-10.791050131047848,-3.5151904186785288,-1.5588164615122857,1.2560402616951212,0.8288845905867183,0.9086229086229086,0.9030777334637671,0.8788542122709363,0.8860270851790912,0.9151288699100198,27.011214041930764,5.558414822439526,14.93620215161371,15.420155934161132,0.6304677992343851,0.4262762757816438,1.1642148102611023,1.079479768786127,1.147776183644185,-0.7122507122507122,-1.1824324324324371,2.9565217391304395,-1.666666666666664,1.6949152542372854,0.1342281879194554,5.225988700564976,2158.0,0.0,-3.863998338065231,-10.293204124735992,6.771904224978444,-5.521885521885522,-8.302458740316606,0.3662178150881739
2008-02-20,12856.0,7.115480753207799,2158.0,0.0,-3.863998338065231,-5.521885521885522,1080.0,1647.0,1034.0,1143.0,1336.0,1532.0,1134.0,1174.0,1290.0,1161.0,1296.0,1396.0,909.0,1.0,0.0,0.0,3.0,0.0,0.0,0.0,0.0,1.0,0.0,0.0,0.0,0.0,0.0,0.0,0.0,0.0,15.0,13.0,9.0,20.0,21.0,16.0,2167.0,2231.0,2162.0,2162.0,2174.0,2158.0,12002.0,12001.0,14052.0,14001.0,12001.0,14404.0,0.0083326389467544,-14.59578707657273,0.3642596957360188,16.665277893508872,-16.682865870591502,-14.460478650751233,18.489062549431896,-0.8912094523927818,-1.3523956723338462,9.665591122452616,-3.8556972006834034,-19.18382030144872,1133.0,1144.0,1172.0,1125.0,1163.0,1126.0,-0.6020016555045526,-16.886609544061542,1.1833945070244272,20.497178587768797,-20.041460886531308,-8.888395089161714,10.550941630600075,-12.564042641163464,-5.34849920191023,22.28645677161421,-3.542960474732181,-6.967257662482671,1.306,0.9589,0.8776,1.2937,1.6126,2.0595,3038.419921875,2983.6201171875,3344.530029296875,3466.3798828125,3521.27001953125,3477.590087890625,1.836688403185753,-10.791050131047848,-3.5151904186785288,-1.5588164615122857,1.2560402616951212,-8.570128134736024,0.9086229086229086,0.9030777334637671,0.8788542122709363,0.8860270851790912,0.9151288699100198,0.8782391317602585,5.558414822439526,-16.77018633540373,15.420155934161132,-11.022610483042138,0.4262762757816438,0.467654709974648,1.079479768786127,0.8878715866513099,-0.7122507122507122,0.7173601147776184,2.9565217391304395,0.1742160278745669,1.6949152542372854,0.0,5.225988700564976,0.0,2158.0,0.0,-10.293204124735992,6.771904224978444,-1.5218811234487264,-8.302458740316606,0.3662178150881739,-0.2921184203134655
2008-02-05,12002.0,0.0083326389467544,2158.0,0.0,-3.863998338065231,-5.521885521885522,1080.0,1647.0,1034.0,1143.0,1336.0,1532.0,1134.0,1174.0,1290.0,1161.0,1296.0,1396.0,909.0,1.0,0.0,0.0,3.0,0.0,0.0,0.0,0.0,1.0,0.0,0.0,0.0,0.0,0.0,0.0,0.0,0.0,15.0,13.0,9.0,20.0,21.0,16.0,2231.0,2162.0,2162.0,2174.0,2158.0,2164.0,12001.0,14052.0,14001.0,12001.0,14404.0,16839.0,-14.59578707657273,0.3642596957360188,16.665277893508872,-16.682865870591502,-14.460478650751233,35.78743649705669,-0.8912094523927818,-1.3523956723338462,9.665591122452616,-3.8556972006834034,-19.18382030144872,22.636373968857868,1144.0,1172.0,1125.0,1163.0,1126.0,1125.0,-16.886609544061542,1.1833945070244272,20.497178587768797,-20.041460886531308,-8.888395089161714,2.342373074080391,-12.564042641163464,-5.34849920191023,22.28645677161421,-3.542960474732181,-6.967257662482671,5.709910786699095,0.9589,0.8776,1.2937,1.6126,2.0595,2.1889,2983.6201171875,3344.530029296875,3466.3798828125,3521.27001953125,3477.590087890625,3803.56005859375,-10.791050131047848,-3.5151904186785288,-1.5588164615122857,1.2560402616951212,-8.570128134736024,-1.513714601215235,0.9030777334637671,0.8788542122709363,0.8860270851790912,0.9151288699100198,0.8782391317602585,0.9354480306649631,5.558414822439526,-16.77018633540373,15.420155934161132,-11.022610483042138,0.4262762757816438,0.467654709974648,1.079479768786127,0.8878715866513099,-0.7122507122507122,0.7173601147776184,2.9565217391304395,0.1742160278745669,1.6949152542372854,0.0,5.225988700564976,0.0,2158.0,0.0,-10.293204124735992,6.771904224978444,-1.5218811234487264,-8.302458740316606,0.3662178150881739,-0.2921184203134655
2008-01-23,12001.0,-14.59578707657273,2158.0,0.0,-10.293204124735992,-8.302458740316606,1647.0,1034.0,1143.0,1336.0,1532.0,1134.0,1174.0,1290.0,1161.0,1296.0,1396.0,909.0,1733.0,1.0,0.0,0.0,3.0,0.0,0.0,0.0,0.0,1.0,0.0,0.0,0.0,0.0,0.0,0.0,0.0,0.0,13.0,9.0,13.0,21.0,16.0,16.0,2162.0,2162.0,2174.0,2158.0,2164.0,2158.0,14052.0,14001.0,12001.0,14404.0,16839.0,12401.0,0.3642596957360188,16.665277893508872,-16.682865870591502,-14.460478650751233,35.78743649705669,-27.04864992058356,-1.3523956723338462,9.665591122452616,-3.8556972006834034,-19.18382030144872,22.636373968857868,-4.761192946191,1172.0,1125.0,1163.0,1126.0,1125.0,1133.0,1.1833945070244272,20.497178587768797,-20.041460886531308,-8.888395089161714,2.342373074080391,2.8476201613846333,-5.34849920191023,22.28645677161421,-3.542960474732181,-6.967257662482671,5.709910786699095,-3.454466526810057,0.8776,1.2937,1.6126,2.0595,2.1889,2.1561,3344.530029296875,3466.3798828125,3521.27001953125,3477.590087890625,3803.56005859375,3862.02001953125,-3.5151904186785288,-1.5588164615122857,1.2560402616951212,-8.570128134736024,-1.513714601215235,2.844042417257592,0.8788542122709363,0.8860270851790912,0.9151288699100198,0.8782391317602585,0.9354480306649631,0.7050429245551196,-16.77018633540373,0.8641175199827177,-11.022610483042138,-0.9164969450101832,0.467654709974648,0.5102923369659228,0.8878715866513099,0.9329428903571376,0.7173601147776184,1.455604075691412,0.1742160278745669,2.8673835125448055,0.0,4.1176470588235325,0.0,0.568181818181806,2158.0,0.0,6.771904224978444,-1.5218811234487264,4.7482211275314725,0.3662178150881739,-0.2921184203134655,-0.8356080441201048
2008-01-09,14052.0,0.3642596957360188,2158.0,0.0,-10.293204124735992,-8.302458740316606,1647.0,1034.0,1143.0,1336.0,1532.0,1134.0,1174.0,1290.0,1161.0,1296.0,1396.0,909.0,1733.0,1.0,0.0,0.0,3.0,0.0,0.0,0.0,0.0,1.0,0.0,0.0,0.0,0.0,0.0,0.0,0.0,0.0,13.0,9.0,13.0,21.0,16.0,16.0,2162.0,2174.0,2158.0,2164.0,2158.0,2165.0,14001.0,12001.0,14404.0,16839.0,12401.0,16999.0,16.665277893508872,-16.682865870591502,-14.460478650751233,35.78743649705669,-27.04864992058356,-5.250543447968341,9.665591122452616,-3.8556972006834034,-19.18382030144872,22.636373968857868,-4.761192946191,-14.998907632586572,1125.0,1163.0,1126.0,1125.0,1133.0,1125.0,20.497178587768797,-20.041460886531308,-8.888395089161714,2.342373074080391,2.8476201613846333,-12.695900760630966,22.28645677161421,-3.542960474732181,-6.967257662482671,5.709910786699095,-3.454466526810057,-10.87919038583175,1.2937,1.6126,2.0595,2.1889,2.1561,2.2408,3466.3798828125,3521.27001953125,3477.590087890625,3803.56005859375,3862.02001953125,3755.219970703125,-1.5588164615122857,1.2560402616951212,-8.570128134736024,-1.513714601215235,2.844042417257592,6.1876505599480405,0.8860270851790912,0.9151288699100198,0.8782391317602585,0.9354480306649631,0.7050429245551196,0.9939773125950181,-16.77018633540373,0.8641175199827177,-11.022610483042138,-0.9164969450101832,0.467654709974648,0.5102923369659228,0.8878715866513099,0.9329428903571376,0.7173601147776184,1.455604075691412,0.1742160278745669,2.8673835125448055,0.0,4.1176470588235325,0.0,0.568181818181806,2158.0,0.0,6.771904224978444,-1.5218811234487264,4.7482211275314725,0.3662178150881739,-0.2921184203134655,-0.8356080441201048
2007-12-15,14001.0,16.665277893508872,2158.0,0.0,6.771904224978444,0.3662178150881739,1034.0,1143.0,1336.0,1532.0,1134.0,1174.0,1290.0,1161.0,1296.0,1396.0,909.0,1733.0,1379.0,1.0,0.0,0.0,3.0,0.0,0.0,0.0,0.0,1.0,0.0,0.0,0.0,0.0,0.0,0.0,0.0,0.0,9.0,13.0,16.0,16.0,16.0,17.0,2174.0,2158.0,2164.0,2158.0,2165.0,2159.0,12001.0,14404.0,16839.0,12401.0,16999.0,17941.0,-16.682865870591502,-14.460478650751233,35.78743649705669,-27.04864992058356,-5.250543447968341,-0.3222401244513584,-3.8556972006834034,-19.18382030144872,22.636373968857868,-4.761192946191,-14.998907632586572,-12.942951181744125,1163.0,1126.0,1125.0,1133.0,1125.0,1125.0,-20.041460886531308,-8.888395089161714,2.342373074080391,2.8476201613846333,-12.695900760630966,7.631868131868131,-3.542960474732181,-6.967257662482671,5.709910786699095,-3.454466526810057,-10.87919038583175,0.1542450857381868,1.6126,2.0595,2.1889,2.1561,2.2408,2.2652,3521.27001953125,3477.590087890625,3803.56005859375,3862.02001953125,3755.219970703125,3536.39990234375,1.2560402616951212,-8.570128134736024,-1.513714601215235,2.844042417257592,6.1876505599480405,4.229112883965939,0.9151288699100198,0.8782391317602585,0.9354480306649631,0.7050429245551196,0.9939773125950181,0.9158711521772424,0.8641175199827177,9.123055162659124,-0.9164969450101832,4.746666666666666,0.5102923369659228,0.6289897667817081,0.9329428903571376,1.080360153104734,1.455604075691412,-0.5788712011577302,2.8673835125448055,-1.4134275618374632,4.1176470588235325,-2.1113243761996188,0.568181818181806,0.0,2158.0,0.0,-1.5218811234487264,4.7482211275314725,-8.403835307388608,-0.2921184203134655,-0.8356080441201048,-2.5090968337587576
2007-12-01,12001.0,-16.682865870591502,2158.0,0.0,6.771904224978444,0.3662178150881739,1034.0,1143.0,1336.0,1532.0,1134.0,1174.0,1290.0,1161.0,1296.0,1396.0,909.0,1733.0,1379.0,1.0,0.0,0.0,3.0,0.0,0.0,0.0,0.0,1.0,0.0,0.0,0.0,0.0,0.0,0.0,0.0,0.0,9.0,13.0,16.0,16.0,16.0,17.0,2158.0,2164.0,2158.0,2165.0,2159.0,2309.0,14404.0,16839.0,12401.0,16999.0,17941.0,17999.0,-14.460478650751233,35.78743649705669,-27.04864992058356,-5.250543447968341,-0.3222401244513584,121.71717171717172,-19.18382030144872,22.636373968857868,-4.761192946191,-14.998907632586572,-12.942951181744125,53.69134020599271,1126.0,1125.0,1133.0,1125.0,1125.0,1136.0,-8.888395089161714,2.342373074080391,2.8476201613846333,-12.695900760630966,7.631868131868131,13.6789506558401,-6.967257662482671,5.709910786699095,-3.454466526810057,-10.87919038583175,0.1542450857381868,22.45046365147405,2.0595,2.1889,2.1561,2.2408,2.2652,2.3293,3477.590087890625,3803.56005859375,3862.02001953125,3755.219970703125,3536.39990234375,3392.909912109375,-8.570128134736024,-1.513714601215235,2.844042417257592,6.1876505599480405,4.229112883965939,3.655691197109142,0.8782391317602585,0.9354480306649631,0.7050429245551196,0.9939773125950181,0.9158711521772424,0.988956043956044,0.8641175199827177,9.123055162659124,-0.9164969450101832,4.746666666666666,0.5102923369659228,0.6289897667817081,0.9329428903571376,1.080360153104734,1.455604075691412,-0.5788712011577302,2.8673835125448055,-1.4134275618374632,4.1176470588235325,-2.1113243761996188,0.568181818181806,0.0,2158.0,0.0,-1.5218811234487264,4.7482211275314725,-8.403835307388608,-0.2921184203134655,-0.8356080441201048,-2.5090968337587576
2007-11-15,14404.0,-14.460478650751233,2158.0,0.0,-1.5218811234487264,-0.2921184203134655,1143.0,1336.0,1532.0,1134.0,1174.0,1290.0,1161.0,1296.0,1396.0,909.0,1733.0,1379.0,1145.0,1.0,0.0,0.0,3.0,0.0,0.0,0.0,0.0,1.0,0.0,0.0,0.0,0.0,0.0,0.0,0.0,0.0,13.0,16.0,17.0,16.0,17.0,20.0,2164.0,2158.0,2165.0,2159.0,2309.0,2189.0,16839.0,12401.0,16999.0,17941.0,17999.0,8118.0,35.78743649705669,-27.04864992058356,-5.250543447968341,-0.3222401244513584,121.71717171717172,-52.249867654843825,22.636373968857868,-4.761192946191,-14.998907632586572,-12.942951181744125,53.69134020599271,-12.88787124347907,1125.0,1133.0,1125.0,1125.0,1136.0,1124.0,2.342373074080391,2.8476201613846333,-12.695900760630966,7.631868131868131,13.6789506558401,-11.060496639075607,5.709910786699095,-3.454466526810057,-10.87919038583175,0.1542450857381868,22.45046365147405,-11.581213479196869,2.1889,2.1561,2.2408,2.2652,2.3293,2.3292,3803.56005859375,3862.02001953125,3755.219970703125,3536.39990234375,3392.909912109375,3273.25,-1.513714601215235,2.844042417257592,6.1876505599480405,4.229112883965939,3.655691197109142,-4.617521956727681,0.9354480306649631,0.7050429245551196,0.9939773125950181,0.9158711521772424,0.988956043956044,0.5070580886945659,9.123055162659124,-8.498705780845556,4.746666666666666,10.554245283018869,0.6289897667817081,0.4674735911052219,1.080360153104734,0.9717097786744496,-0.5788712011577302,0.5822416302765523,-1.4134275618374632,0.7117437722419904,-2.1113243761996188,0.9689922480620154,0.0,0.0,2158.0,0.0,4.7482211275314725,-8.403835307388608,2.347508177794882,-0.8356080441201048,-2.5090968337587576,3.881523272214386
2007-11-01,16839.0,35.78743649705669,2158.0,0.0,-1.5218811234487264,-0.2921184203134655,1143.0,1336.0,1532.0,1134.0,1174.0,1290.0,1161.0,1296.0,1396.0,909.0,1733.0,1379.0,1145.0,1.0,0.0,0.0,3.0,0.0,0.0,0.0,0.0,1.0,0.0,0.0,0.0,0.0,0.0,0.0,0.0,0.0,13.0,16.0,17.0,16.0,17.0,20.0,2158.0,2165.0,2159.0,2309.0,2189.0,2168.0,12401.0,16999.0,17941.0,17999.0,8118.0,17001.0,-27.04864992058356,-5.250543447968341,-0.3222401244513584,121.71717171717172,-52.249867654843825,6.25625,-4.761192946191,-14.998907632586572,-12.942951181744125,53.69134020599271,-12.88787124347907,0.0956267964472107,1133.0,1125.0,1125.0,1136.0,1124.0,1125.0,2.8476201613846333,-12.695900760630966,7.631868131868131,13.6789506558401,-11.060496639075607,2.2667878650153392,-3.454466526810057,-10.87919038583175,0.1542450857381868,22.45046365147405,-11.581213479196869,5.410480976310131,2.1561,2.2408,2.2652,2.3293,2.3292,2.2664,3862.02001953125,3755.219970703125,3536.39990234375,3392.909912109375,3273.25,3431.7099609375,2.844042417257592,6.1876505599480405,4.229112883965939,3.655691197109142,-4.617521956727681,-6.099149839040387,0.7050429245551196,0.9939773125950181,0.9158711521772424,0.988956043956044,0.5070580886945659,0.9444475306927393,9.123055162659124,-8.498705780845556,4.746666666666666,10.554245283018869,0.6289897667817081,0.4674735911052219,1.080360153104734,0.9717097786744496,-0.5788712011577302,0.5822416302765523,-1.4134275618374632,0.7117437722419904,-2.1113243761996188,0.9689922480620154,0.0,0.0,2158.0,0.0,4.7482211275314725,-8.403835307388608,2.347508177794882,-0.8356080441201048,-2.5090968337587576,3.881523272214386
2007-10-15,12401.0,-27.04864992058356,2158.0,0.0,4.7482211275314725,-0.8356080441201048,1336.0,1532.0,1134.0,1174.0,1290.0,1161.0,1296.0,1396.0,909.0,1733.0,1379.0,1145.0,1476.0,1.0,0.0,0.0,3.0,0.0,0.0,0.0,0.0,1.0,0.0,0.0,0.0,0.0,0.0,0.0,0.0,0.0,16.0,17.0,14.0,17.0,20.0,16.0,2165.0,2159.0,2309.0,2189.0,2168.0,2208.0,16999.0,17941.0,17999.0,8118.0,17001.0,16000.0,-5.250543447968341,-0.3222401244513584,121.71717171717172,-52.249867654843825,6.25625,8.100803999729749,-14.998907632586572,-12.942951181744125,53.69134020599271,-12.88787124347907,0.0956267964472107,5.5874897732585245,1125.0,1125.0,1136.0,1124.0,1125.0,1133.0,-12.695900760630966,7.631868131868131,13.6789506558401,-11.060496639075607,2.2667878650153392,1.1667337203287544,-10.87919038583175,0.1542450857381868,22.45046365147405,-11.581213479196869,5.410480976310131,3.027477462320722,2.2408,2.2652,2.3293,2.3292,2.2664,2.2137,3755.219970703125,3536.39990234375,3392.909912109375,3273.25,3431.7099609375,3654.610107421875,6.1876505599480405,4.229112883965939,3.655691197109142,-4.617521956727681,-6.099149839040387,2.9989898459599376,0.9939773125950181,0.9158711521772424,0.988956043956044,0.5070580886945659,0.9444475306927393,0.908987615043745,-8.498705780845556,-16.18152232869282,10.554245283018869,-18.909873296677027,0.4674735911052219,0.5158594671705818,0.9717097786744496,0.7129279962891443,0.5822416302765523,2.080237741456175,0.7117437722419904,0.8976660682226212,0.9689922480620154,1.3752455795677856,0.0,0.0,2158.0,-2.661253946774921,-8.403835307388608,2.347508177794882,6.452273658336748,-2.5090968337587576,3.881523272214386,10.996305341599347
2007-10-01,16999.0,-5.250543447968341,2158.0,0.0,4.7482211275314725,-0.8356080441201048,1336.0,1532.0,1134.0,1174.0,1290.0,1161.0,1296.0,1396.0,909.0,1733.0,1379.0,1145.0,1476.0,1.0,0.0,0.0,3.0,0.0,0.0,0.0,0.0,1.0,0.0,0.0,0.0,0.0,0.0,0.0,0.0,0.0,16.0,17.0,14.0,17.0,20.0,16.0,2159.0,2309.0,2189.0,2168.0,2208.0,2159.0,17941.0,17999.0,8118.0,17001.0,16000.0,14801.0,-0.3222401244513584,121.71717171717172,-52.249867654843825,6.25625,8.100803999729749,-5.067025848245783,-12.942951181744125,53.69134020599271,-12.88787124347907,0.0956267964472107,5.5874897732585245,0.0999115887580258,1125.0,1136.0,1124.0,1125.0,1133.0,1143.0,7.631868131868131,13.6789506558401,-11.060496639075607,2.2667878650153392,1.1667337203287544,-7.897940818379122,0.1542450857381868,22.45046365147405,-11.581213479196869,5.410480976310131,3.027477462320722,-6.330133390860393,2.2652,2.3293,2.3292,2.2664,2.2137,2.1871,3536.39990234375,3392.909912109375,3273.25,3431.7099609375,3654.610107421875,3548.199951171875,4.229112883965939,3.655691197109142,-4.617521956727681,-6.099149839040387,2.9989898459599376,-0.920371101721786,0.9158711521772424,0.988956043956044,0.5070580886945659,0.9444475306927393,0.908987615043745,0.850681073624921,-8.498705780845556,-16.18152232869282,10.554245283018869,-18.909873296677027,0.4674735911052219,0.5158594671705818,0.9717097786744496,0.7129279962891443,0.5822416302765523,2.080237741456175,0.7117437722419904,0.8976660682226212,0.9689922480620154,1.3752455795677856,0.0,0.0,2158.0,-2.661253946774921,-8.403835307388608,2.347508177794882,6.452273658336748,-2.5090968337587576,3.881523272214386,10.996305341599347
2007-09-15,17941.0,-0.3222401244513584,2158.0,0.0,-8.403835307388608,-2.5090968337587576,1532.0,1134.0,1174.0,1290.0,1161.0,1296.0,1396.0,909.0,1733.0,1379.0,1145.0,1476.0,1495.0,1.0,0.0,0.0,3.0,0.0,0.0,0.0,0.0,1.0,0.0,0.0,0.0,0.0,0.0,0.0,0.0,0.0,17.0,14.0,10.0,20.0,16.0,19.0,2309.0,2189.0,2168.0,2208.0,2159.0,2169.0,17999.0,8118.0,17001.0,16000.0,14801.0,15591.0,121.71717171717172,-52.249867654843825,6.25625,8.100803999729749,-5.067025848245783,-3.64625177677523,53.69134020599271,-12.88787124347907,0.0956267964472107,5.5874897732585245,0.0999115887580258,1.4962992931004673,1136.0,1124.0,1125.0,1133.0,1143.0,1146.0,13.6789506558401,-11.060496639075607,2.2667878650153392,1.1667337203287544,-7.897940818379122,-4.6005453994546,22.45046365147405,-11.581213479196869,5.410480976310131,3.027477462320722,-6.330133390860393,-14.105774337961911,2.3293,2.3292,2.2664,2.2137,2.1871,2.0615,3392.909912109375,3273.25,3431.7099609375,3654.610107421875,3548.199951171875,3581.159912109375,3.655691197109142,-4.617521956727681,-6.099149839040387,2.9989898459599376,-0.920371101721786,0.925503988291114,0.988956043956044,0.5070580886945659,0.9444475306927393,0.908987615043745,0.850681073624921,0.8253136414165476,-16.18152232869282,5.613901088409395,-18.909873296677027,11.131774707757703,0.5158594671705818,0.7537363251181864,0.7129279962891443,1.090740429262425,2.080237741456175,-0.2962962962963005,0.8976660682226212,0.9057971014492754,1.3752455795677856,1.1928429423459277,0.0,0.0,2158.0,-2.661253946774921,2.347508177794882,6.452273658336748,23.07563025210084,3.881523272214386,10.996305341599347,24.127477652545668
2007-09-01,17999.0,121.71717171717172,2158.0,0.0,-8.403835307388608,-2.5090968337587576,1532.0,1134.0,1174.0,1290.0,1161.0,1296.0,1396.0,909.0,1733.0,1379.0,1145.0,1476.0,1495.0,1.0,0.0,0.0,3.0,0.0,0.0,0.0,0.0,1.0,0.0,0.0,0.0,0.0,0.0,0.0,0.0,0.0,17.0,14.0,10.0,20.0,16.0,19.0,2189.0,2168.0,2208.0,2159.0,2169.0,2159.0,8118.0,17001.0,16000.0,14801.0,15591.0,16181.0,-52.249867654843825,6.25625,8.100803999729749,-5.067025848245783,-3.64625177677523,-4.873603762492651,-12.88787124347907,0.0956267964472107,5.5874897732585245,0.0999115887580258,1.4962992931004673,-13.63294216021018,1124.0,1125.0,1133.0,1143.0,1146.0,1132.0,-11.060496639075607,2.2667878650153392,1.1667337203287544,-7.897940818379122,-4.6005453994546,4.772486772486772,-11.581213479196869,5.410480976310131,3.027477462320722,-6.330133390860393,-14.105774337961911,-0.4416961130742047,2.3292,2.2664,2.2137,2.1871,2.0615,2.148,3273.25,3431.7099609375,3654.610107421875,3548.199951171875,3581.159912109375,3548.320068359375,-4.617521956727681,-6.099149839040387,2.9989898459599376,-0.920371101721786,0.925503988291114,2.107577051113368,0.5070580886945659,0.9444475306927393,0.908987615043745,0.850681073624921,0.8253136414165476,0.8171396828603171,-16.18152232869282,5.613901088409395,-18.909873296677027,11.131774707757703,0.5158594671705818,0.7537363251181864,0.7129279962891443,1.090740429262425,2.080237741456175,-0.2962962962963005,0.8976660682226212,0.9057971014492754,1.3752455795677856,1.1928429423459277,0.0,0.0,2158.0,-2.661253946774921,2.347508177794882,6.452273658336748,23.07563025210084,3.881523272214386,10.996305341599347,24.127477652545668
2007-08-15,8118.0,-52.249867654843825,2158.0,0.0,2.347508177794882,3.881523272214386,1134.0,1174.0,1290.0,1161.0,1296.0,1396.0,909.0,1733.0,1379.0,1145.0,1476.0,1495.0,1432.0,1.0,0.0,0.0,3.0,0.0,0.0,0.0,0.0,1.0,0.0,0.0,0.0,0.0,0.0,0.0,0.0,0.0,14.0,10.0,18.0,16.0,19.0,16.0,2168.0,2208.0,2159.0,2169.0,2159.0,2158.0,17001.0,16000.0,14801.0,15591.0,16181.0,17010.0,6.25625,8.100803999729749,-5.067025848245783,-3.64625177677523,-4.873603762492651,5.2664150009282755,0.0956267964472107,5.5874897732585245,0.0999115887580258,1.4962992931004673,-13.63294216021018,-17.902423530910234,1125.0,1133.0,1143.0,1146.0,1132.0,1127.0,2.2667878650153392,1.1667337203287544,-7.897940818379122,-4.6005453994546,4.772486772486772,5.710610213099167,5.410480976310131,3.027477462320722,-6.330133390860393,-14.105774337961911,-0.4416961130742047,-7.453318157743487,2.2664,2.2137,2.1871,2.0615,2.148,2.3184,3431.7099609375,3654.610107421875,3548.199951171875,3581.159912109375,3548.320068359375,3475.080078125,-6.099149839040387,2.9989898459599376,-0.920371101721786,0.925503988291114,2.107577051113368,3.3853085493996007,0.9444475306927393,0.908987615043745,0.850681073624921,0.8253136414165476,0.8171396828603171,0.9,5.613901088409395,-4.521422060164084,11.131774707757703,5.316172355903749,0.7537363251181864,0.5589577082733961,1.090740429262425,0.8356846600983703,-0.2962962962963005,0.7462686567164178,0.9057971014492754,1.8450184501845015,1.1928429423459277,2.862985685071572,0.0,0.0,2158.0,-2.661253946774921,6.452273658336748,23.07563025210084,7.556037599421547,10.996305341599347,24.127477652545668,8.245687841817418
2007-08-01,17001.0,6.25625,2158.0,0.0,2.347508177794882,3.881523272214386,1134.0,1174.0,1290.0,1161.0,1296.0,1396.0,909.0,1733.0,1379.0,1145.0,1476.0,1495.0,1432.0,1.0,0.0,0.0,3.0,0.0,0.0,0.0,0.0,1.0,0.0,0.0,0.0,0.0,0.0,0.0,0.0,0.0,14.0,10.0,18.0,16.0,19.0,16.0,2208.0,2159.0,2169.0,2159.0,2158.0,2163.0,16000.0,14801.0,15591.0,16181.0,17010.0,16159.0,8.100803999729749,-5.067025848245783,-3.64625177677523,-4.873603762492651,5.2664150009282755,10.67050202040956,5.5874897732585245,0.0999115887580258,1.4962992931004673,-13.63294216021018,-17.902423530910234,3.906604240150606,1133.0,1143.0,1146.0,1132.0,1127.0,1125.0,1.1667337203287544,-7.897940818379122,-4.6005453994546,4.772486772486772,5.710610213099167,11.82062668084308,3.027477462320722,-6.330133390860393,-14.105774337961911,-0.4416961130742047,-7.453318157743487,14.621858153049075,2.2137,2.1871,2.0615,2.148,2.3184,2.3754,3654.610107421875,3548.199951171875,3581.159912109375,3548.320068359375,3475.080078125,3361.2900390625,2.9989898459599376,-0.920371101721786,0.925503988291114,2.107577051113368,3.3853085493996007,-0.3645982027358796,0.908987615043745,0.850681073624921,0.8253136414165476,0.8171396828603171,0.9,0.9037977515521002,5.613901088409395,-4.521422060164084,11.131774707757703,5.316172355903749,0.7537363251181864,0.5589577082733961,1.090740429262425,0.8356846600983703,-0.2962962962963005,0.7462686567164178,0.9057971014492754,1.8450184501845015,1.1928429423459277,2.862985685071572,0.0,0.0,2158.0,-2.661253946774921,6.452273658336748,23.07563025210084,7.556037599421547,10.996305341599347,24.127477652545668,8.245687841817418
2007-07-15,16000.0,8.100803999729749,2158.0,-2.661253946774921,6.452273658336748,10.996305341599347,1174.0,1290.0,1161.0,1296.0,1396.0,909.0,1733.0,1379.0,1145.0,1476.0,1495.0,1432.0,1495.0,1.0,0.0,0.0,3.0,0.0,0.0,0.0,0.0,1.0,0.0,0.0,0.0,0.0,0.0,0.0,0.0,0.0,10.0,18.0,11.0,19.0,16.0,13.0,2159.0,2169.0,2159.0,2158.0,2163.0,2168.0,14801.0,15591.0,16181.0,17010.0,16159.0,14601.0,-5.067025848245783,-3.64625177677523,-4.873603762492651,5.2664150009282755,10.67050202040956,4.292857142857143,0.0999115887580258,1.4962992931004673,-13.63294216021018,-17.902423530910234,3.906604240150606,-9.986556008881683,1143.0,1146.0,1132.0,1127.0,1125.0,1130.0,-7.897940818379122,-4.6005453994546,4.772486772486772,5.710610213099167,11.82062668084308,7.388004567130096,-6.330133390860393,-14.105774337961911,-0.4416961130742047,-7.453318157743487,14.621858153049075,-6.181158674624407,2.1871,2.0615,2.148,2.3184,2.3754,2.6659,3548.199951171875,3581.159912109375,3548.320068359375,3475.080078125,3361.2900390625,3373.590087890625,-0.920371101721786,0.925503988291114,2.107577051113368,3.3853085493996007,-0.3645982027358796,4.405432530126763,0.850681073624921,0.8253136414165476,0.8171396828603171,0.9,0.9037977515521002,0.9131903183438614,-4.521422060164084,-8.811305070656692,5.316172355903749,-11.556545409552092,0.5589577082733961,0.5811530048056222,0.8356846600983703,0.6945127284206822,0.7462686567164178,0.7518796992481203,1.8450184501845015,2.6515151515151625,2.862985685071572,3.821656050955408,0.0,0.0,2217.0,0.0,23.07563025210084,7.556037599421547,6.929544795592925,24.127477652545668,8.245687841817418,1.2437175227872903
2007-07-01,14801.0,-5.067025848245783,2158.0,-2.661253946774921,6.452273658336748,10.996305341599347,1174.0,1290.0,1161.0,1296.0,1396.0,909.0,1733.0,1379.0,1145.0,1476.0,1495.0,1432.0,1495.0,1.0,0.0,0.0,3.0,0.0,0.0,0.0,0.0,1.0,0.0,0.0,0.0,0.0,0.0,0.0,0.0,0.0,10.0,18.0,11.0,19.0,16.0,13.0,2169.0,2159.0,2158.0,2163.0,2168.0,2165.0,15591.0,16181.0,17010.0,16159.0,14601.0,14000.0,-3.64625177677523,-4.873603762492651,5.2664150009282755,10.67050202040956,4.292857142857143,3.672985781990521,1.4962992931004673,-13.63294216021018,-17.902423530910234,3.906604240150606,-9.986556008881683,-4.245699877916965,1146.0,1132.0,1127.0,1125.0,1130.0,1149.0,-4.6005453994546,4.772486772486772,5.710610213099167,11.82062668084308,7.388004567130096,1.6175266175266174,-14.105774337961911,-0.4416961130742047,-7.453318157743487,14.621858153049075,-6.181158674624407,3.4850720853672454,2.0615,2.148,2.3184,2.3754,2.6659,2.5753,3581.159912109375,3548.320068359375,3475.080078125,3361.2900390625,3373.590087890625,3231.239990234375,0.925503988291114,2.107577051113368,3.3853085493996007,-0.3645982027358796,4.405432530126763,4.415429724881468,0.8253136414165476,0.8171396828603171,0.9,0.9037977515521002,0.9131903183438614,0.9402914903620122,-4.521422060164084,-8.811305070656692,5.316172355903749,-11.556545409552092,0.5589577082733961,0.5811530048056222,0.8356846600983703,0.6945127284206822,0.7462686567164178,0.7518796992481203,1.8450184501845015,2.6515151515151625,2.862985685071572,3.821656050955408,0.0,0.0,2217.0,0.0,23.07563025210084,7.556037599421547,6.929544795592925,24.127477652545668,8.245687841817418,1.2437175227872903
2007-06-15,15591.0,-3.64625177677523,2158.0,-2.661253946774921,23.07563025210084,24.127477652545668,1290.0,1161.0,1296.0,1396.0,909.0,1733.0,1379.0,1145.0,1476.0,1495.0,1432.0,1495.0,1450.0,1.0,0.0,0.0,3.0,0.0,0.0,0.0,0.0,1.0,0.0,0.0,0.0,0.0,0.0,0.0,0.0,0.0,18.0,11.0,22.0,16.0,13.0,16.0,2159.0,2158.0,2163.0,2168.0,2165.0,2669.0,16181.0,17010.0,16159.0,14601.0,14000.0,13504.0,-4.873603762492651,5.2664150009282755,10.67050202040956,4.292857142857143,3.672985781990521,7.157594032693224,-13.63294216021018,-17.902423530910234,3.906604240150606,-9.986556008881683,-4.245699877916965,-9.666768163959254,1132.0,1127.0,1125.0,1130.0,1149.0,1272.0,4.772486772486772,5.710610213099167,11.82062668084308,7.388004567130096,1.6175266175266174,8.51725670271071,-0.4416961130742047,-7.453318157743487,14.621858153049075,-6.181158674624407,3.4850720853672454,-18.02077038429688,2.148,2.3184,2.3754,2.6659,2.5753,2.6695,3548.320068359375,3475.080078125,3361.2900390625,3373.590087890625,3231.239990234375,3094.60009765625,2.107577051113368,3.3853085493996007,-0.3645982027358796,4.405432530126763,4.415429724881468,0.0653182611353662,0.8171396828603171,0.9,0.9037977515521002,0.9131903183438614,0.9402914903620122,0.9216489216489216,-8.811305070656692,18.358913813459267,-11.556545409552092,8.980582524271846,0.5811530048056222,0.6169737092944663,0.6945127284206822,0.8444191617391485,0.7518796992481203,-0.1501501501501416,2.6515151515151625,-0.7518796992481309,3.821656050955408,-1.0504201680672267,0.0,0.0,2217.0,0.0,7.556037599421547,6.929544795592925,-12.63193447606181,8.245687841817418,1.2437175227872903,-12.617239839213934
2007-06-01,16181.0,-4.873603762492651,2158.0,-2.661253946774921,23.07563025210084,24.127477652545668,1290.0,1161.0,1296.0,1396.0,909.0,1733.0,1379.0,1145.0,1476.0,1495.0,1432.0,1495.0,1450.0,1.0,0.0,0.0,3.0,0.0,0.0,0.0,0.0,1.0,0.0,0.0,0.0,0.0,0.0,0.0,0.0,0.0,18.0,11.0,22.0,16.0,13.0,16.0,2158.0,2163.0,2168.0,2165.0,2669.0,2687.0,17010.0,16159.0,14601.0,14000.0,13504.0,12602.0,5.2664150009282755,10.67050202040956,4.292857142857143,3.672985781990521,7.157594032693224,125.63667832167711,-17.902423530910234,3.906604240150606,-9.986556008881683,-4.245699877916965,-9.666768163959254,86.4149304697273,1127.0,1125.0,1130.0,1149.0,1272.0,1274.0,5.710610213099167,11.82062668084308,7.388004567130096,1.6175266175266174,8.51725670271071,64.23398759101453,-7.453318157743487,14.621858153049075,-6.181158674624407,3.4850720853672454,-18.02077038429688,62.40744989969715,2.3184,2.3754,2.6659,2.5753,2.6695,3.0527,3475.080078125,3361.2900390625,3373.590087890625,3231.239990234375,3094.60009765625,3092.580078125,3.3853085493996007,-0.3645982027358796,4.405432530126763,4.415429724881468,0.0653182611353662,-4.916538178119093,0.9,0.9037977515521002,0.9131903183438614,0.9402914903620122,0.9216489216489216,0.9333432084135683,-8.811305070656692,18.358913813459267,-11.556545409552092,8.980582524271846,0.5811530048056222,0.6169737092944663,0.6945127284206822,0.8444191617391485,0.7518796992481203,-0.1501501501501416,2.6515151515151625,-0.7518796992481309,3.821656050955408,-1.0504201680672267,0.0,0.0,2217.0,0.0,7.556037599421547,6.929544795592925,-12.63193447606181,8.245687841817418,1.2437175227872903,-12.617239839213934
2007-05-15,17010.0,5.2664150009282755,2158.0,-2.661253946774921,7.556037599421547,8.245687841817418,1161.0,1296.0,1396.0,909.0,1733.0,1379.0,1145.0,1476.0,1495.0,1432.0,1495.0,1450.0,1667.0,1.0,0.0,0.0,3.0,0.0,0.0,0.0,0.0,1.0,0.0,0.0,0.0,0.0,0.0,0.0,0.0,0.0,11.0,22.0,18.0,13.0,16.0,13.0,2163.0,2168.0,2165.0,2669.0,2687.0,2670.0,16159.0,14601.0,14000.0,13504.0,12602.0,5200.0,10.67050202040956,4.292857142857143,3.672985781990521,7.157594032693224,125.63667832167711,-52.72286281522026,3.906604240150606,-9.986556008881683,-4.245699877916965,-9.666768163959254,86.4149304697273,-5.9510179663108325,1125.0,1130.0,1149.0,1272.0,1274.0,1272.0,11.82062668084308,7.388004567130096,1.6175266175266174,8.51725670271071,64.23398759101453,-47.927576119157344,14.621858153049075,-6.181158674624407,3.4850720853672454,-18.02077038429688,62.40744989969715,-4.623878536922007,2.3754,2.6659,2.5753,2.6695,3.0527,3.1042,3361.2900390625,3373.590087890625,3231.239990234375,3094.60009765625,3092.580078125,3252.489990234375,-0.3645982027358796,4.405432530126763,4.415429724881468,0.0653182611353662,-4.916538178119093,2.6637382019765212,0.9037977515521002,0.9131903183438614,0.9402914903620122,0.9216489216489216,0.9333432084135683,0.866377874041986,18.358913813459267,-23.990427759497457,8.980582524271846,-20.068980383703384,0.6169737092944663,0.5531197066757749,0.8444191617391485,0.9100340736137515,-0.1501501501501416,0.7564296520423601,-0.7518796992481309,-0.9310986964618247,-1.0504201680672267,-1.449275362318832,0.0,0.0,2217.0,0.0,6.929544795592925,-12.63193447606181,1.534636488340192,1.2437175227872903,-12.617239839213934,-0.5993340732519422
2007-05-01,16159.0,10.67050202040956,2158.0,-2.661253946774921,7.556037599421547,8.245687841817418,1161.0,1296.0,1396.0,909.0,1733.0,1379.0,1145.0,1476.0,1495.0,1432.0,1495.0,1450.0,1667.0,1.0,0.0,0.0,3.0,0.0,0.0,0.0,0.0,1.0,0.0,0.0,0.0,0.0,0.0,0.0,0.0,0.0,11.0,22.0,18.0,13.0,16.0,13.0,2168.0,2165.0,2669.0,2687.0,2670.0,2673.0,14601.0,14000.0,13504.0,12602.0,5200.0,11489.0,4.292857142857143,3.672985781990521,7.157594032693224,125.63667832167711,-52.72286281522026,-3.2993855736049156,-9.986556008881683,-4.245699877916965,-9.666768163959254,86.4149304697273,-5.9510179663108325,-4.825623138706421,1130.0,1149.0,1272.0,1274.0,1272.0,1272.0,7.388004567130096,1.6175266175266174,8.51725670271071,64.23398759101453,-47.927576119157344,1.2666666666666666,-6.181158674624407,3.4850720853672454,-18.02077038429688,62.40744989969715,-4.623878536922007,2.492073122993817,2.6659,2.5753,2.6695,3.0527,3.1042,3.1449,3373.590087890625,3231.239990234375,3094.60009765625,3092.580078125,3252.489990234375,3168.10009765625,4.405432530126763,4.415429724881468,0.0653182611353662,-4.916538178119093,2.6637382019765212,4.36555834867332,0.9131903183438614,0.9402914903620122,0.9216489216489216,0.9333432084135683,0.866377874041986,0.9454410796576695,18.358913813459267,-23.990427759497457,8.980582524271846,-20.068980383703384,0.6169737092944663,0.5531197066757749,0.8444191617391485,0.9100340736137515,-0.1501501501501416,0.7564296520423601,-0.7518796992481309,-0.9310986964618247,-1.0504201680672267,-1.449275362318832,0.0,0.0,2217.0,0.0,6.929544795592925,-12.63193447606181,1.534636488340192,1.2437175227872903,-12.617239839213934,-0.5993340732519422
2007-04-15,14601.0,4.292857142857143,2217.0,0.0,6.929544795592925,1.2437175227872903,1296.0,1396.0,909.0,1733.0,1379.0,1145.0,1476.0,1495.0,1432.0,1495.0,1450.0,1667.0,1436.0,1.0,0.0,0.0,3.0,0.0,0.0,0.0,0.0,1.0,0.0,0.0,0.0,0.0,0.0,0.0,0.0,0.0,22.0,18.0,13.0,16.0,13.0,13.0,2165.0,2669.0,2687.0,2670.0,2673.0,2671.0,14000.0,13504.0,12602.0,5200.0,11489.0,11881.0,3.672985781990521,7.157594032693224,125.63667832167711,-52.72286281522026,-3.2993855736049156,1.5123034859876965,-4.245699877916965,-9.666768163959254,86.4149304697273,-5.9510179663108325,-4.825623138706421,-14.501997195414743,1149.0,1272.0,1274.0,1272.0,1272.0,1301.0,1.6175266175266174,8.51725670271071,64.23398759101453,-47.927576119157344,1.2666666666666666,-7.699407737866318,3.4850720853672454,-18.02077038429688,62.40744989969715,-4.623878536922007,2.492073122993817,-3.242711086308745,2.5753,2.6695,3.0527,3.1042,3.1449,3.2562,3231.239990234375,3094.60009765625,3092.580078125,3252.489990234375,3168.10009765625,3035.580078125,4.415429724881468,0.0653182611353662,-4.916538178119093,2.6637382019765212,4.36555834867332,1.6662033236412874,0.9402914903620122,0.9216489216489216,0.9333432084135683,0.866377874041986,0.9454410796576695,0.9900833333333333,-23.990427759497457,12.162388860929374,-20.068980383703384,20.807291666666668,0.5531197066757749,0.831836823627399,0.9100340736137515,1.1220816291751874,0.7564296520423601,-1.6369047619047743,-0.9310986964618247,-0.7393715341959308,-1.449275362318832,-1.2269938650306778,0.0,0.2849002849002889,2217.0,0.0,-12.63193447606181,1.534636488340192,-5.791131572570875,-12.617239839213934,-0.5993340732519422,-2.1998697445545985
2007-04-01,14000.0,3.672985781990521,2217.0,0.0,6.929544795592925,1.2437175227872903,1296.0,1396.0,909.0,1733.0,1379.0,1145.0,1476.0,1495.0,1432.0,1495.0,1450.0,1667.0,1436.0,1.0,0.0,0.0,3.0,0.0,0.0,0.0,0.0,1.0,0.0,0.0,0.0,0.0,0.0,0.0,0.0,0.0,22.0,18.0,13.0,16.0,13.0,13.0,2669.0,2687.0,2670.0,2673.0,2671.0,2668.0,13504.0,12602.0,5200.0,11489.0,11881.0,11704.0,7.157594032693224,125.63667832167711,-52.72286281522026,-3.2993855736049156,1.5123034859876965,21.85320145757418,-9.666768163959254,86.4149304697273,-5.9510179663108325,-4.825623138706421,-14.501997195414743,27.815769869742873,1272.0,1274.0,1272.0,1272.0,1301.0,1271.0,8.51725670271071,64.23398759101453,-47.927576119157344,1.2666666666666666,-7.699407737866318,0.8689580262239118,-18.02077038429688,62.40744989969715,-4.623878536922007,2.492073122993817,-3.242711086308745,3.407551437338898,2.6695,3.0527,3.1042,3.1449,3.2562,3.2384,3094.60009765625,3092.580078125,3252.489990234375,3168.10009765625,3035.580078125,2985.830078125,0.0653182611353662,-4.916538178119093,2.6637382019765212,4.36555834867332,1.6662033236412874,1.860615576612926,0.9216489216489216,0.9333432084135683,0.866377874041986,0.9454410796576695,0.9900833333333333,0.9002384431966772,-23.990427759497457,12.162388860929374,-20.068980383703384,20.807291666666668,0.5531197066757749,0.831836823627399,0.9100340736137515,1.1220816291751874,0.7564296520423601,-1.6369047619047743,-0.9310986964618247,-0.7393715341959308,-1.449275362318832,-1.2269938650306778,0.0,0.2849002849002889,2217.0,0.0,-12.63193447606181,1.534636488340192,-5.791131572570875,-12.617239839213934,-0.5993340732519422,-2.1998697445545985
2007-03-15,13504.0,7.157594032693224,2217.0,0.0,-12.63193447606181,-12.617239839213934,1396.0,909.0,1733.0,1379.0,1145.0,1476.0,1495.0,1432.0,1495.0,1450.0,1667.0,1436.0,1814.0,1.0,0.0,0.0,3.0,0.0,0.0,0.0,0.0,1.0,0.0,0.0,0.0,0.0,0.0,0.0,0.0,0.0,18.0,13.0,10.0,13.0,13.0,12.0,2687.0,2670.0,2673.0,2671.0,2668.0,2670.0,12602.0,5200.0,11489.0,11881.0,11704.0,9605.0,125.63667832167711,-52.72286281522026,-3.2993855736049156,1.5123034859876965,21.85320145757418,-21.270491803278688,86.4149304697273,-5.9510179663108325,-4.825623138706421,-14.501997195414743,27.815769869742873,-4.373757455268377,1274.0,1272.0,1272.0,1301.0,1271.0,1272.0,64.23398759101453,-47.927576119157344,1.2666666666666666,-7.699407737866318,0.8689580262239118,-10.42462992563764,62.40744989969715,-4.623878536922007,2.492073122993817,-3.242711086308745,3.407551437338898,-7.319694094004689,3.0527,3.1042,3.1449,3.2562,3.2384,3.1254,3092.580078125,3252.489990234375,3168.10009765625,3035.580078125,2985.830078125,2931.2900390625,-4.916538178119093,2.6637382019765212,4.36555834867332,1.6662033236412874,1.860615576612926,3.358556250548792,0.9333432084135683,0.866377874041986,0.9454410796576695,0.9900833333333333,0.9002384431966772,0.7452090930250601,12.162388860929374,0.2691337258200168,20.807291666666668,-1.5889287544848796,0.831836823627399,0.6754127129018334,1.1220816291751874,0.7928115556175825,-1.6369047619047743,0.2985074626865714,-0.7393715341959308,0.5576208178438741,-1.2269938650306778,0.8247422680412342,0.2849002849002889,0.0,2217.0,0.0,1.534636488340192,-5.791131572570875,1.0611378662966289,-0.5993340732519422,-2.1998697445545985,2.385715344150552
2007-03-01,12602.0,125.63667832167711,2217.0,0.0,-12.63193447606181,-12.617239839213934,1396.0,909.0,1733.0,1379.0,1145.0,1476.0,1495.0,1432.0,1495.0,1450.0,1667.0,1436.0,1814.0,1.0,0.0,0.0,3.0,0.0,0.0,0.0,0.0,1.0,0.0,0.0,0.0,0.0,0.0,0.0,0.0,0.0,18.0,13.0,10.0,13.0,13.0,12.0,2670.0,2673.0,2671.0,2668.0,2670.0,2670.0,5200.0,11489.0,11881.0,11704.0,9605.0,12200.0,-52.72286281522026,-3.2993855736049156,1.5123034859876965,21.85320145757418,-21.270491803278688,-3.853731578532587,-5.9510179663108325,-4.825623138706421,-14.501997195414743,27.815769869742873,-4.373757455268377,-13.779089370638808,1272.0,1272.0,1301.0,1271.0,1272.0,1269.0,-47.927576119157344,1.2666666666666666,-7.699407737866318,0.8689580262239118,-10.42462992563764,-0.827072851333655,-4.623878536922007,2.492073122993817,-3.242711086308745,3.407551437338898,-7.319694094004689,-10.318396226415084,3.1042,3.1449,3.2562,3.2384,3.1254,3.2388,3252.489990234375,3168.10009765625,3035.580078125,2985.830078125,2931.2900390625,2836.0400390625,2.6637382019765212,4.36555834867332,1.6662033236412874,1.860615576612926,3.358556250548792,2.1032365626064635,0.866377874041986,0.9454410796576695,0.9900833333333333,0.9002384431966772,0.7452090930250601,0.8478699006185281,12.162388860929374,0.2691337258200168,20.807291666666668,-1.5889287544848796,0.831836823627399,0.6754127129018334,1.1220816291751874,0.7928115556175825,-1.6369047619047743,0.2985074626865714,-0.7393715341959308,0.5576208178438741,-1.2269938650306778,0.8247422680412342,0.2849002849002889,0.0,2217.0,0.0,1.534636488340192,-5.791131572570875,1.0611378662966289,-0.5993340732519422,-2.1998697445545985,2.385715344150552
2007-02-15,5200.0,-52.72286281522026,2217.0,0.0,1.534636488340192,-0.5993340732519422,909.0,1733.0,1379.0,1145.0,1476.0,1495.0,1432.0,1495.0,1450.0,1667.0,1436.0,1814.0,1418.0,1.0,0.0,0.0,3.0,0.0,0.0,0.0,0.0,1.0,0.0,0.0,0.0,0.0,0.0,0.0,0.0,0.0,13.0,10.0,12.0,13.0,12.0,13.0,2673.0,2671.0,2668.0,2670.0,2670.0,2669.0,11489.0,11881.0,11704.0,9605.0,12200.0,12689.0,-3.2993855736049156,1.5123034859876965,21.85320145757418,-21.270491803278688,-3.853731578532587,-2.2343786116033595,-4.825623138706421,-14.501997195414743,27.815769869742873,-4.373757455268377,-13.779089370638808,-11.958997626391628,1272.0,1301.0,1271.0,1272.0,1269.0,1269.0,1.2666666666666666,-7.699407737866318,0.8689580262239118,-10.42462992563764,-0.827072851333655,5.053942509593802,2.492073122993817,-3.242711086308745,3.407551437338898,-7.319694094004689,-10.318396226415084,2.281237255510649,3.1449,3.2562,3.2384,3.1254,3.2388,3.4109,3168.10009765625,3035.580078125,2985.830078125,2931.2900390625,2836.0400390625,2777.6201171875,4.36555834867332,1.6662033236412874,1.860615576612926,3.358556250548792,2.1032365626064635,1.4551968187472262,0.9454410796576695,0.9900833333333333,0.9002384431966772,0.7452090930250601,0.8478699006185281,0.874560617547729,0.2691337258200168,1.6934656175162506,-1.5889287544848796,1.986408782017773,0.6754127129018334,0.5771831186392428,0.7928115556175825,0.7686149785263796,0.2985074626865714,0.0,0.5576208178438741,-1.465201465201473,0.8247422680412342,-2.2177419354838737,0.0,0.0,2217.0,0.0,-5.791131572570875,1.0611378662966289,2.091666666666667,-2.1998697445545985,2.385715344150552,5.313670411985019
2007-02-01,11489.0,-3.2993855736049156,2217.0,0.0,1.534636488340192,-0.5993340732519422,909.0,1733.0,1379.0,1145.0,1476.0,1495.0,1432.0,1495.0,1450.0,1667.0,1436.0,1814.0,1418.0,1.0,0.0,0.0,3.0,0.0,0.0,0.0,0.0,1.0,0.0,0.0,0.0,0.0,0.0,0.0,0.0,0.0,13.0,10.0,12.0,13.0,12.0,13.0,2671.0,2668.0,2670.0,2670.0,2669.0,2695.0,11881.0,11704.0,9605.0,12200.0,12689.0,12979.0,1.5123034859876965,21.85320145757418,-21.270491803278688,-3.853731578532587,-2.2343786116033595,23.491912464319693,-14.501997195414743,27.815769869742873,-4.373757455268377,-13.779089370638808,-11.958997626391628,43.943665378963146,1301.0,1271.0,1272.0,1269.0,1269.0,1288.0,-7.699407737866318,0.8689580262239118,-10.42462992563764,-0.827072851333655,5.053942509593802,6.3284317499422595,-3.242711086308745,3.407551437338898,-7.319694094004689,-10.318396226415084,2.281237255510649,8.377329192546586,3.2562,3.2384,3.1254,3.2388,3.4109,3.386,3035.580078125,2985.830078125,2931.2900390625,2836.0400390625,2777.6201171875,2737.780029296875,1.6662033236412874,1.860615576612926,3.358556250548792,2.1032365626064635,1.4551968187472262,2.666240399255827,0.9900833333333333,0.9002384431966772,0.7452090930250601,0.8478699006185281,0.874560617547729,0.9397581637824922,0.2691337258200168,1.6934656175162506,-1.5889287544848796,1.986408782017773,0.6754127129018334,0.5771831186392428,0.7928115556175825,0.7686149785263796,0.2985074626865714,0.0,0.5576208178438741,-1.465201465201473,0.8247422680412342,-2.2177419354838737,0.0,0.0,2217.0,0.0,-5.791131572570875,1.0611378662966289,2.091666666666667,-2.1998697445545985,2.385715344150552,5.313670411985019
2007-01-15,11881.0,1.5123034859876965,2217.0,0.0,-5.791131572570875,-2.1998697445545985,1733.0,1379.0,1145.0,1476.0,1495.0,1432.0,1495.0,1450.0,1667.0,1436.0,1814.0,1418.0,1872.0,1.0,0.0,0.0,3.0,0.0,0.0,0.0,0.0,1.0,0.0,0.0,0.0,0.0,0.0,0.0,0.0,0.0,10.0,12.0,11.0,12.0,13.0,11.0,2668.0,2670.0,2670.0,2669.0,2695.0,2669.0,11704.0,9605.0,12200.0,12689.0,12979.0,10510.0,21.85320145757418,-21.270491803278688,-3.853731578532587,-2.2343786116033595,23.491912464319693,-12.423964669610864,27.815769869742873,-4.373757455268377,-13.779089370638808,-11.958997626391628,43.943665378963146,-6.466831363396857,1271.0,1272.0,1269.0,1269.0,1288.0,1269.0,0.8689580262239118,-10.42462992563764,-0.827072851333655,5.053942509593802,6.3284317499422595,3.9036877049836014,3.407551437338898,-7.319694094004689,-10.318396226415084,2.281237255510649,8.377329192546586,2.514506769825919,3.2384,3.1254,3.2388,3.4109,3.386,3.3802,2985.830078125,2931.2900390625,2836.0400390625,2777.6201171875,2737.780029296875,2666.679931640625,1.860615576612926,3.358556250548792,2.1032365626064635,1.4551968187472262,2.666240399255827,3.807907792881825,0.9002384431966772,0.7452090930250601,0.8478699006185281,0.874560617547729,0.9397581637824922,0.8091462006313034,1.6934656175162506,21.690258118234805,1.986408782017773,9.314285714285711,0.5771831186392428,0.7207652799730475,0.7686149785263796,0.7723712396640158,0.0,0.4497751124437738,-1.465201465201473,0.3676470588235346,-2.2177419354838737,0.2020202020202048,0.0,0.8620689655172536,2217.0,0.0,1.0611378662966289,2.091666666666667,8.43046896177826,2.385715344150552,5.313670411985019,8.307276261303135
2007-01-01,11704.0,21.85320145757418,2217.0,0.0,-5.791131572570875,-2.1998697445545985,1733.0,1379.0,1145.0,1476.0,1495.0,1432.0,1495.0,1450.0,1667.0,1436.0,1814.0,1418.0,1872.0,1.0,0.0,0.0,3.0,0.0,0.0,0.0,0.0,1.0,0.0,0.0,0.0,0.0,0.0,0.0,0.0,0.0,10.0,12.0,11.0,12.0,13.0,11.0,2670.0,2670.0,2669.0,2695.0,2669.0,2670.0,9605.0,12200.0,12689.0,12979.0,10510.0,12001.0,-21.270491803278688,-3.853731578532587,-2.2343786116033595,23.491912464319693,-12.423964669610864,-8.403297206533354,-4.373757455268377,-13.779089370638808,-11.958997626391628,43.943665378963146,-6.466831363396857,-15.829464282279815,1272.0,1269.0,1269.0,1288.0,1269.0,1272.0,-10.42462992563764,-0.827072851333655,5.053942509593802,6.3284317499422595,3.9036877049836014,-13.18147093548163,-7.319694094004689,-10.318396226415084,2.281237255510649,8.377329192546586,2.514506769825919,-11.302410901467503,3.1254,3.2388,3.4109,3.386,3.3802,3.307,2931.2900390625,2836.0400390625,2777.6201171875,2737.780029296875,2666.679931640625,2568.860107421875,3.358556250548792,2.1032365626064635,1.4551968187472262,2.666240399255827,3.807907792881825,1.8616920091816416,0.7452090930250601,0.8478699006185281,0.874560617547729,0.9397581637824922,0.8091462006313034,0.9600031997440205,1.6934656175162506,21.690258118234805,1.986408782017773,9.314285714285711,0.5771831186392428,0.7207652799730475,0.7686149785263796,0.7723712396640158,0.0,0.4497751124437738,-1.465201465201473,0.3676470588235346,-2.2177419354838737,0.2020202020202048,0.0,0.8620689655172536,2217.0,0.0,1.0611378662966289,2.091666666666667,8.43046896177826,2.385715344150552,5.313670411985019,8.307276261303135
2006-12-15,9605.0,-21.270491803278688,2217.0,0.0,1.0611378662966289,2.385715344150552,1379.0,1145.0,1476.0,1495.0,1432.0,1495.0,1450.0,1667.0,1436.0,1814.0,1418.0,1872.0,1613.0,1.0,0.0,0.0,3.0,0.0,0.0,0.0,0.0,1.0,0.0,0.0,0.0,0.0,0.0,0.0,0.0,0.0,12.0,11.0,13.0,13.0,11.0,12.0,2670.0,2669.0,2695.0,2669.0,2670.0,2223.0,12200.0,12689.0,12979.0,10510.0,12001.0,13102.0,-3.853731578532587,-2.2343786116033595,23.491912464319693,-12.423964669610864,-8.403297206533354,0.7613627624394371,-13.779089370638808,-11.958997626391628,43.943665378963146,-6.466831363396857,-15.829464282279815,1.4940931202223822,1269.0,1269.0,1288.0,1269.0,1272.0,1086.0,-0.827072851333655,5.053942509593802,6.3284317499422595,3.9036877049836014,-13.18147093548163,-2.0542820216311815,-10.318396226415084,2.281237255510649,8.377329192546586,2.514506769825919,-11.302410901467503,1.0958151460578045,3.2388,3.4109,3.386,3.3802,3.307,3.2296,2836.0400390625,2777.6201171875,2737.780029296875,2666.679931640625,2568.860107421875,2521.909912109375,2.1032365626064635,1.4551968187472262,2.666240399255827,3.807907792881825,1.8616920091816416,1.2209530037942633,0.8478699006185281,0.874560617547729,0.9397581637824922,0.8091462006313034,0.9600031997440205,0.9099243002986318,21.690258118234805,-7.473035439137134,9.314285714285711,7.825015403573629,0.7207652799730475,0.4438828408501815,0.7723712396640158,0.6849127120457926,0.4497751124437738,0.0,0.3676470588235346,0.0,0.2020202020202048,0.0,0.8620689655172536,0.0,2217.0,0.0,2.091666666666667,8.43046896177826,7.770961145194274,5.313670411985019,8.307276261303135,4.522568677678651
2006-12-01,12200.0,-3.853731578532587,2217.0,0.0,1.0611378662966289,2.385715344150552,1379.0,1145.0,1476.0,1495.0,1432.0,1495.0,1450.0,1667.0,1436.0,1814.0,1418.0,1872.0,1613.0,1.0,0.0,0.0,3.0,0.0,0.0,0.0,0.0,1.0,0.0,0.0,0.0,0.0,0.0,0.0,0.0,0.0,12.0,11.0,13.0,13.0,11.0,12.0,2669.0,2695.0,2669.0,2670.0,2223.0,2223.0,12689.0,12979.0,10510.0,12001.0,13102.0,13003.0,-2.2343786116033595,23.491912464319693,-12.423964669610864,-8.403297206533354,0.7613627624394371,0.1077835091231041,-11.958997626391628,43.943665378963146,-6.466831363396857,-15.829464282279815,1.4940931202223822,-15.226918959764904,1269.0,1288.0,1269.0,1272.0,1086.0,1104.0,5.053942509593802,6.3284317499422595,3.9036877049836014,-13.18147093548163,-2.0542820216311815,5.838732901367891,2.281237255510649,8.377329192546586,2.514506769825919,-11.302410901467503,1.0958151460578045,1.2147731255282723,3.4109,3.386,3.3802,3.307,3.2296,3.2141,2777.6201171875,2737.780029296875,2666.679931640625,2568.860107421875,2521.909912109375,2491.489990234375,1.4551968187472262,2.666240399255827,3.807907792881825,1.8616920091816416,1.2209530037942633,2.08430114496868,0.874560617547729,0.9397581637824922,0.8091462006313034,0.9600031997440205,0.9099243002986318,0.8844976532208694,21.690258118234805,-7.473035439137134,9.314285714285711,7.825015403573629,0.7207652799730475,0.4438828408501815,0.7723712396640158,0.6849127120457926,0.4497751124437738,0.0,0.3676470588235346,0.0,0.2020202020202048,0.0,0.8620689655172536,0.0,2217.0,0.0,2.091666666666667,8.43046896177826,7.770961145194274,5.313670411985019,8.307276261303135,4.522568677678651
2006-11-15,12689.0,-2.2343786116033595,2217.0,0.0,2.091666666666667,5.313670411985019,1145.0,1476.0,1495.0,1432.0,1495.0,1450.0,1667.0,1436.0,1814.0,1418.0,1872.0,1613.0,1919.0,1.0,0.0,0.0,3.0,0.0,0.0,0.0,0.0,1.0,0.0,0.0,0.0,0.0,0.0,0.0,0.0,0.0,11.0,13.0,11.0,11.0,12.0,11.0,2695.0,2669.0,2670.0,2223.0,2223.0,2225.0,12979.0,10510.0,12001.0,13102.0,13003.0,12989.0,23.491912464319693,-12.423964669610864,-8.403297206533354,0.7613627624394371,0.1077835091231041,9.14208890009243,43.943665378963146,-6.466831363396857,-15.829464282279815,1.4940931202223822,-15.226918959764904,1.8127340823970013,1288.0,1269.0,1272.0,1086.0,1104.0,1085.0,6.3284317499422595,3.9036877049836014,-13.18147093548163,-2.0542820216311815,5.838732901367891,11.11111111111111,8.377329192546586,2.514506769825919,-11.302410901467503,1.0958151460578045,1.2147731255282723,2.9087287520467315,3.386,3.3802,3.307,3.2296,3.2141,3.134,2737.780029296875,2666.679931640625,2568.860107421875,2521.909912109375,2491.489990234375,2440.6201171875,2.666240399255827,3.807907792881825,1.8616920091816416,1.2209530037942633,2.08430114496868,-0.180770940532112,0.9397581637824922,0.8091462006313034,0.9600031997440205,0.9099243002986318,0.8844976532208694,0.9351331893448525,-7.473035439137134,-15.79630230295167,7.825015403573629,-11.577226913647507,0.4438828408501815,0.1705715408776681,0.6849127120457926,0.5845854907978847,0.0,0.0,0.0,-0.1834862385321127,0.0,-0.8016032064128228,0.0,1.457725947521866,2217.0,0.0,8.43046896177826,7.770961145194274,-4.340940847694457,8.307276261303135,4.522568677678651,-6.983813984060472
2006-11-01,12979.0,23.491912464319693,2217.0,0.0,2.091666666666667,5.313670411985019,1145.0,1476.0,1495.0,1432.0,1495.0,1450.0,1667.0,1436.0,1814.0,1418.0,1872.0,1613.0,1919.0,1.0,0.0,0.0,3.0,0.0,0.0,0.0,0.0,1.0,0.0,0.0,0.0,0.0,0.0,0.0,0.0,0.0,11.0,13.0,11.0,11.0,12.0,11.0,2669.0,2670.0,2223.0,2223.0,2225.0,2222.0,10510.0,12001.0,13102.0,13003.0,12989.0,11901.0,-12.423964669610864,-8.403297206533354,0.7613627624394371,0.1077835091231041,9.14208890009243,10.163843376839766,-6.466831363396857,-15.829464282279815,1.4940931202223822,-15.226918959764904,1.8127340823970013,20.01080691642652,1269.0,1272.0,1086.0,1104.0,1085.0,1084.0,3.9036877049836014,-13.18147093548163,-2.0542820216311815,5.838732901367891,11.11111111111111,17.933962264150942,2.514506769825919,-11.302410901467503,1.0958151460578045,1.2147731255282723,2.9087287520467315,2.9501595691632647,3.3802,3.307,3.2296,3.2141,3.134,3.2222,2666.679931640625,2568.860107421875,2521.909912109375,2491.489990234375,2440.6201171875,2445.0400390625,3.807907792881825,1.8616920091816416,1.2209530037942633,2.08430114496868,-0.180770940532112,3.447779338321127,0.8091462006313034,0.9600031997440205,0.9099243002986318,0.8844976532208694,0.9351331893448525,0.9520038396928245,-7.473035439137134,-15.79630230295167,7.825015403573629,-11.577226913647507,0.4438828408501815,0.1705715408776681,0.6849127120457926,0.5845854907978847,0.0,0.0,0.0,-0.1834862385321127,0.0,-0.8016032064128228,0.0,1.457725947521866,2217.0,0.0,8.43046896177826,7.770961145194274,-4.340940847694457,8.307276261303135,4.522568677678651,-6.983813984060472
2006-10-15,10510.0,-12.423964669610864,2217.0,0.0,8.43046896177826,8.307276261303135,1476.0,1495.0,1432.0,1495.0,1450.0,1667.0,1436.0,1814.0,1418.0,1872.0,1613.0,1919.0,1414.0,1.0,0.0,0.0,3.0,0.0,0.0,0.0,0.0,1.0,0.0,0.0,0.0,0.0,0.0,0.0,0.0,0.0,13.0,11.0,11.0,12.0,11.0,8.0,2670.0,2223.0,2223.0,2225.0,2222.0,2221.0,12001.0,13102.0,13003.0,12989.0,11901.0,10803.0,-8.403297206533354,0.7613627624394371,0.1077835091231041,9.14208890009243,10.163843376839766,5.901382217429664,-15.829464282279815,1.4940931202223822,-15.226918959764904,1.8127340823970013,20.01080691642652,-3.39202780573613,1272.0,1086.0,1104.0,1085.0,1084.0,1089.0,-13.18147093548163,-2.0542820216311815,5.838732901367891,11.11111111111111,17.933962264150942,-1.860938801962781,-11.302410901467503,1.0958151460578045,1.2147731255282723,2.9087287520467315,2.9501595691632647,6.926153025859759,3.307,3.2296,3.2141,3.134,3.2222,3.3218,2568.860107421875,2521.909912109375,2491.489990234375,2440.6201171875,2445.0400390625,2363.550048828125,1.8616920091816416,1.2209530037942633,2.08430114496868,-0.180770940532112,3.447779338321127,-2.949829264255906,0.9600031997440205,0.9099243002986318,0.8844976532208694,0.9351331893448525,0.9520038396928245,1.0191509433962265,-15.79630230295167,4.190604934099358,-11.577226913647507,-7.321383489017924,0.1705715408776681,0.468461287634506,0.5845854907978847,0.6931358979917401,0.0,0.755287009063444,-0.1834862385321127,1.113172541743973,-0.8016032064128228,0.4024144869215205,1.457725947521866,2.8485757121439153,2217.0,1.094391244870041,7.770961145194274,-4.340940847694457,-3.8771489971346704,4.522568677678651,-6.983813984060472,-3.832174462705437
2006-10-01,12001.0,-8.403297206533354,2217.0,0.0,8.43046896177826,8.307276261303135,1476.0,1495.0,1432.0,1495.0,1450.0,1667.0,1436.0,1814.0,1418.0,1872.0,1613.0,1919.0,1414.0,1.0,0.0,0.0,3.0,0.0,0.0,0.0,0.0,1.0,0.0,0.0,0.0,0.0,0.0,0.0,0.0,0.0,13.0,11.0,11.0,12.0,11.0,8.0,2223.0,2223.0,2225.0,2222.0,2221.0,2216.0,13102.0,13003.0,12989.0,11901.0,10803.0,10201.0,0.7613627624394371,0.1077835091231041,9.14208890009243,10.163843376839766,5.901382217429664,9.676378883990967,1.4940931202223822,-15.226918959764904,1.8127340823970013,20.01080691642652,-3.39202780573613,19.861837549652183,1086.0,1104.0,1085.0,1084.0,1089.0,1084.0,-2.0542820216311815,5.838732901367891,11.11111111111111,17.933962264150942,-1.860938801962781,-1.81801654395055,1.0958151460578045,1.2147731255282723,2.9087287520467315,2.9501595691632647,6.926153025859759,-0.9095823442310724,3.2296,3.2141,3.134,3.2222,3.3218,3.2625,2521.909912109375,2491.489990234375,2440.6201171875,2445.0400390625,2363.550048828125,2435.389892578125,1.2209530037942633,2.08430114496868,-0.180770940532112,3.447779338321127,-2.949829264255906,5.774766871743964,0.9099243002986318,0.8844976532208694,0.9351331893448525,0.9520038396928245,1.0191509433962265,0.944449588001111,-15.79630230295167,4.190604934099358,-11.577226913647507,-7.321383489017924,0.1705715408776681,0.468461287634506,0.5845854907978847,0.6931358979917401,0.0,0.755287009063444,-0.1834862385321127,1.113172541743973,-0.8016032064128228,0.4024144869215205,1.457725947521866,2.8485757121439153,2217.0,1.094391244870041,7.770961145194274,-4.340940847694457,-3.8771489971346704,4.522568677678651,-6.983813984060472,-3.832174462705437
2006-09-15,13102.0,0.7613627624394371,2217.0,0.0,7.770961145194274,4.522568677678651,1495.0,1432.0,1495.0,1450.0,1667.0,1436.0,1814.0,1418.0,1872.0,1613.0,1919.0,1414.0,1889.0,1.0,0.0,0.0,3.0,0.0,0.0,0.0,0.0,1.0,0.0,0.0,0.0,0.0,0.0,0.0,0.0,0.0,11.0,11.0,17.0,11.0,8.0,8.0,2223.0,2225.0,2222.0,2221.0,2216.0,2217.0,13003.0,12989.0,11901.0,10803.0,10201.0,9301.0,0.1077835091231041,9.14208890009243,10.163843376839766,5.901382217429664,9.676378883990967,-16.970183895732905,-15.226918959764904,1.8127340823970013,20.01080691642652,-3.39202780573613,19.861837549652183,-10.974702380952383,1104.0,1085.0,1084.0,1089.0,1084.0,1088.0,5.838732901367891,11.11111111111111,17.933962264150942,-1.860938801962781,-1.81801654395055,-9.827868852459016,1.2147731255282723,2.9087287520467315,2.9501595691632647,6.926153025859759,-0.9095823442310724,-11.273822291890118,3.2141,3.134,3.2222,3.3218,3.2625,3.0879,2491.489990234375,2440.6201171875,2445.0400390625,2363.550048828125,2435.389892578125,2302.429931640625,2.08430114496868,-0.180770940532112,3.447779338321127,-2.949829264255906,5.774766871743964,-3.530817499278585,0.8844976532208694,0.9351331893448525,0.9520038396928245,1.0191509433962265,0.944449588001111,0.8454685937642032,4.190604934099358,-4.594551023698211,-7.321383489017924,-4.346776141028736,0.468461287634506,0.5405681064817176,0.6931358979917401,0.9358221264706378,0.755287009063444,-0.6006006006005878,1.113172541743973,-1.1009174311926633,0.4024144869215205,-1.584158415841579,2.8485757121439153,0.0,2217.0,1.094391244870041,-4.340940847694457,-3.8771489971346704,-0.4279600570613409,-6.983813984060472,-3.832174462705437,4.586397818362118
2006-09-01,13003.0,0.1077835091231041,2217.0,0.0,7.770961145194274,4.522568677678651,1495.0,1432.0,1495.0,1450.0,1667.0,1436.0,1814.0,1418.0,1872.0,1613.0,1919.0,1414.0,1889.0,1.0,0.0,0.0,3.0,0.0,0.0,0.0,0.0,1.0,0.0,0.0,0.0,0.0,0.0,0.0,0.0,0.0,11.0,11.0,17.0,11.0,8.0,8.0,2225.0,2222.0,2221.0,2216.0,2217.0,2217.0,12989.0,11901.0,10803.0,10201.0,9301.0,11202.0,9.14208890009243,10.163843376839766,5.901382217429664,9.676378883990967,-16.970183895732905,10.910891089108912,1.8127340823970013,20.01080691642652,-3.39202780573613,19.861837549652183,-10.974702380952383,8.939031390163981,1085.0,1084.0,1089.0,1084.0,1088.0,1096.0,11.11111111111111,17.933962264150942,-1.860938801962781,-1.81801654395055,-9.827868852459016,3.381069400898229,2.9087287520467315,2.9501595691632647,6.926153025859759,-0.9095823442310724,-11.273822291890118,6.170121581708708,3.134,3.2222,3.3218,3.2625,3.0879,3.0519,2440.6201171875,2445.0400390625,2363.550048828125,2435.389892578125,2302.429931640625,2386.699951171875,-0.180770940532112,3.447779338321127,-2.949829264255906,5.774766871743964,-3.530817499278585,-5.843789224037299,0.9351331893448525,0.9520038396928245,1.0191509433962265,0.944449588001111,0.8454685937642032,0.9181967213114755,4.190604934099358,-4.594551023698211,-7.321383489017924,-4.346776141028736,0.468461287634506,0.5405681064817176,0.6931358979917401,0.9358221264706378,0.755287009063444,-0.6006006006005878,1.113172541743973,-1.1009174311926633,0.4024144869215205,-1.584158415841579,2.8485757121439153,0.0,2217.0,1.094391244870041,-4.340940847694457,-3.8771489971346704,-0.4279600570613409,-6.983813984060472,-3.832174462705437,4.586397818362118
2006-08-15,12989.0,9.14208890009243,2217.0,0.0,-4.340940847694457,-6.983813984060472,1432.0,1495.0,1450.0,1667.0,1436.0,1814.0,1418.0,1872.0,1613.0,1919.0,1414.0,1889.0,1624.0,1.0,0.0,0.0,3.0,0.0,0.0,0.0,0.0,1.0,0.0,0.0,0.0,0.0,0.0,0.0,0.0,0.0,11.0,17.0,14.0,8.0,8.0,7.0,2222.0,2221.0,2216.0,2217.0,2217.0,2222.0,11901.0,10803.0,10201.0,9301.0,11202.0,10100.0,10.163843376839766,5.901382217429664,9.676378883990967,-16.970183895732905,10.910891089108912,0.969709087273818,20.01080691642652,-3.39202780573613,19.861837549652183,-10.974702380952383,8.939031390163981,1.98322181764754,1084.0,1089.0,1084.0,1088.0,1096.0,1091.0,17.933962264150942,-1.860938801962781,-1.81801654395055,-9.827868852459016,3.381069400898229,2.4481291778800243,2.9501595691632647,6.926153025859759,-0.9095823442310724,-11.273822291890118,6.170121581708708,3.2133826434804074,3.2222,3.3218,3.2625,3.0879,3.0519,3.082,2445.0400390625,2363.550048828125,2435.389892578125,2302.429931640625,2386.699951171875,2534.830078125,3.447779338321127,-2.949829264255906,5.774766871743964,-3.530817499278585,-5.843789224037299,-2.906484594146632,0.9520038396928245,1.0191509433962265,0.944449588001111,0.8454685937642032,0.9181967213114755,0.8558596729090755,-4.594551023698211,12.618010167029777,-4.346776141028736,10.250266240681576,0.5405681064817176,0.5836597260133439,0.9358221264706378,0.969823313147564,-0.6006006006005878,-0.1499250374812721,-1.1009174311926633,-0.1831501831501857,-1.584158415841579,-0.1976284584980265,0.0,0.0,2217.0,1.094391244870041,-3.8771489971346704,-0.4279600570613409,8.356680513960004,-3.832174462705437,4.586397818362118,7.87127830272776
2006-08-01,11901.0,10.163843376839766,2217.0,0.0,-4.340940847694457,-6.983813984060472,1432.0,1495.0,1450.0,1667.0,1436.0,1814.0,1418.0,1872.0,1613.0,1919.0,1414.0,1889.0,1624.0,1.0,0.0,0.0,3.0,0.0,0.0,0.0,0.0,1.0,0.0,0.0,0.0,0.0,0.0,0.0,0.0,0.0,11.0,17.0,14.0,8.0,8.0,7.0,2221.0,2216.0,2217.0,2217.0,2222.0,2223.0,10803.0,10201.0,9301.0,11202.0,10100.0,10003.0,5.901382217429664,9.676378883990967,-16.970183895732905,10.910891089108912,0.969709087273818,-15.94823964372742,-3.39202780573613,19.861837549652183,-10.974702380952383,8.939031390163981,1.98322181764754,-12.08607400154334,1089.0,1084.0,1088.0,1096.0,1091.0,1089.0,-1.860938801962781,-1.81801654395055,-9.827868852459016,3.381069400898229,2.4481291778800243,-12.07541409052744,6.926153025859759,-0.9095823442310724,-11.273822291890118,6.170121581708708,3.2133826434804074,-0.7361034234853344,3.3218,3.2625,3.0879,3.0519,3.082,3.0918,2363.550048828125,2435.389892578125,2302.429931640625,2386.699951171875,2534.830078125,2610.7099609375,-2.949829264255906,5.774766871743964,-3.530817499278585,-5.843789224037299,-2.906484594146632,2.6069251126007265,1.0191509433962265,0.944449588001111,0.8454685937642032,0.9181967213114755,0.8558596729090755,0.8683913534160952,-4.594551023698211,12.618010167029777,-4.346776141028736,10.250266240681576,0.5405681064817176,0.5836597260133439,0.9358221264706378,0.969823313147564,-0.6006006006005878,-0.1499250374812721,-1.1009174311926633,-0.1831501831501857,-1.584158415841579,-0.1976284584980265,0.0,0.0,2217.0,1.094391244870041,-3.8771489971346704,-0.4279600570613409,8.356680513960004,-3.832174462705437,4.586397818362118,7.87127830272776
2006-07-15,10803.0,5.901382217429664,2217.0,1.094391244870041,-3.8771489971346704,-3.832174462705437,1495.0,1450.0,1667.0,1436.0,1814.0,1418.0,1872.0,1613.0,1919.0,1414.0,1889.0,1624.0,1478.0,1.0,0.0,0.0,3.0,0.0,0.0,0.0,0.0,1.0,0.0,0.0,0.0,0.0,0.0,0.0,0.0,0.0,17.0,14.0,10.0,8.0,7.0,7.0,2216.0,2217.0,2217.0,2222.0,2223.0,2225.0,10201.0,9301.0,11202.0,10100.0,10003.0,11901.0,9.676378883990967,-16.970183895732905,10.910891089108912,0.969709087273818,-15.94823964372742,0.0,19.861837549652183,-10.974702380952383,8.939031390163981,1.98322181764754,-12.08607400154334,-13.34351382167201,1084.0,1088.0,1096.0,1091.0,1089.0,1086.0,-1.81801654395055,-9.827868852459016,3.381069400898229,2.4481291778800243,-12.07541409052744,-2.245933442769736,-0.9095823442310724,-11.273822291890118,6.170121581708708,3.2133826434804074,-0.7361034234853344,-8.689596140378182,3.2625,3.0879,3.0519,3.082,3.0918,3.1392,2435.389892578125,2302.429931640625,2386.699951171875,2534.830078125,2610.7099609375,2544.3798828125,5.774766871743964,-3.530817499278585,-5.843789224037299,-2.906484594146632,2.6069251126007265,0.4334088928712746,0.944449588001111,0.8454685937642032,0.9181967213114755,0.8558596729090755,0.8683913534160952,0.9084039386306388,12.618010167029777,-29.230373891815496,10.250266240681576,-24.350453172205437,0.5836597260133439,0.3116673098480254,0.969823313147564,0.7246500853032974,-0.1499250374812721,0.4518072289156583,-0.1831501831501857,1.4869888475836512,-0.1976284584980265,1.8108651911468785,0.0,0.0,2193.0,0.0,-0.4279600570613409,8.356680513960004,-4.130777067703992,4.586397818362118,7.87127830272776,6.000188982330152
2006-07-01,10201.0,9.676378883990967,2217.0,1.094391244870041,-3.8771489971346704,-3.832174462705437,1495.0,1450.0,1667.0,1436.0,1814.0,1418.0,1872.0,1613.0,1919.0,1414.0,1889.0,1624.0,1478.0,1.0,0.0,0.0,3.0,0.0,0.0,0.0,0.0,1.0,0.0,0.0,0.0,0.0,0.0,0.0,0.0,0.0,17.0,14.0,10.0,8.0,7.0,7.0,2217.0,2217.0,2222.0,2223.0,2225.0,2222.0,9301.0,11202.0,10100.0,10003.0,11901.0,11901.0,-16.970183895732905,10.910891089108912,0.969709087273818,-15.94823964372742,0.0,-0.0252016129032258,-10.974702380952383,8.939031390163981,1.98322181764754,-12.08607400154334,-13.34351382167201,-8.707574706340756,1088.0,1096.0,1091.0,1089.0,1086.0,1084.0,-9.827868852459016,3.381069400898229,2.4481291778800243,-12.07541409052744,-2.245933442769736,-1.1360283269401004,-11.273822291890118,6.170121581708708,3.2133826434804074,-0.7361034234853344,-8.689596140378182,-9.304740588389484,3.0879,3.0519,3.082,3.0918,3.1392,3.1928,2302.429931640625,2386.699951171875,2534.830078125,2610.7099609375,2544.3798828125,2533.39990234375,-3.530817499278585,-5.843789224037299,-2.906484594146632,2.6069251126007265,0.4334088928712746,1.416317024518442,0.8454685937642032,0.9181967213114755,0.8558596729090755,0.8683913534160952,0.9084039386306388,0.8880017907774959,12.618010167029777,-29.230373891815496,10.250266240681576,-24.350453172205437,0.5836597260133439,0.3116673098480254,0.969823313147564,0.7246500853032974,-0.1499250374812721,0.4518072289156583,-0.1831501831501857,1.4869888475836512,-0.1976284584980265,1.8108651911468785,0.0,0.0,2193.0,0.0,-0.4279600570613409,8.356680513960004,-4.130777067703992,4.586397818362118,7.87127830272776,6.000188982330152
2006-06-15,9301.0,-16.970183895732905,2217.0,1.094391244870041,-0.4279600570613409,4.586397818362118,1450.0,1667.0,1436.0,1814.0,1418.0,1872.0,1613.0,1919.0,1414.0,1889.0,1624.0,1478.0,1213.0,1.0,0.0,0.0,3.0,0.0,0.0,0.0,0.0,1.0,0.0,0.0,0.0,0.0,0.0,0.0,0.0,0.0,14.0,10.0,15.0,7.0,7.0,7.0,2217.0,2222.0,2223.0,2225.0,2222.0,2792.0,11202.0,10100.0,10003.0,11901.0,11901.0,11904.0,10.910891089108912,0.969709087273818,-15.94823964372742,0.0,-0.0252016129032258,6.295204929011519,8.939031390163981,1.98322181764754,-12.08607400154334,-13.34351382167201,-8.707574706340756,-12.397520495900814,1096.0,1091.0,1089.0,1086.0,1084.0,1267.0,3.381069400898229,2.4481291778800243,-12.07541409052744,-2.245933442769736,-1.1360283269401004,7.972919155714854,6.170121581708708,3.2133826434804074,-0.7361034234853344,-8.689596140378182,-9.304740588389484,-4.9094311137993785,3.0519,3.082,3.0918,3.1392,3.1928,3.127,2386.699951171875,2534.830078125,2610.7099609375,2544.3798828125,2533.39990234375,2498.02001953125,-5.843789224037299,-2.906484594146632,2.6069251126007265,0.4334088928712746,1.416317024518442,0.6182899112362494,0.9181967213114755,0.8558596729090755,0.8683913534160952,0.9084039386306388,0.8880017907774959,0.8781351431100619,-29.230373891815496,60.20996294771511,-24.350453172205437,71.0299689975887,0.3116673098480254,0.6693158105048173,0.7246500853032974,1.1280885390820647,0.4518072289156583,-0.3003003003002832,1.4869888475836512,0.0,1.8108651911468785,0.2016129032258093,0.0,0.1501501501501629,2193.0,0.0,8.356680513960004,-4.130777067703992,-11.376508249199704,7.87127830272776,6.000188982330152,-13.204297547773312
2006-06-01,11202.0,10.910891089108912,2217.0,1.094391244870041,-0.4279600570613409,4.586397818362118,1450.0,1667.0,1436.0,1814.0,1418.0,1872.0,1613.0,1919.0,1414.0,1889.0,1624.0,1478.0,1213.0,1.0,0.0,0.0,3.0,0.0,0.0,0.0,0.0,1.0,0.0,0.0,0.0,0.0,0.0,0.0,0.0,0.0,14.0,10.0,15.0,7.0,7.0,7.0,2222.0,2223.0,2225.0,2222.0,2792.0,2792.0,10100.0,10003.0,11901.0,11901.0,11904.0,11199.0,0.969709087273818,-15.94823964372742,0.0,-0.0252016129032258,6.295204929011519,10.848262892210236,1.98322181764754,-12.08607400154334,-13.34351382167201,-8.707574706340756,-12.397520495900814,-0.7545913629968158,1091.0,1089.0,1086.0,1084.0,1267.0,1268.0,2.4481291778800243,-12.07541409052744,-2.245933442769736,-1.1360283269401004,7.972919155714854,19.69682524549528,3.2133826434804074,-0.7361034234853344,-8.689596140378182,-9.304740588389484,-4.9094311137993785,3.703835191252408,3.082,3.0918,3.1392,3.1928,3.127,3.055,2534.830078125,2610.7099609375,2544.3798828125,2533.39990234375,2498.02001953125,2482.669921875,-2.906484594146632,2.6069251126007265,0.4334088928712746,1.416317024518442,0.6182899112362494,2.4131971720345637,0.8558596729090755,0.8683913534160952,0.9084039386306388,0.8880017907774959,0.8781351431100619,0.8919952210274791,-29.230373891815496,60.20996294771511,-24.350453172205437,71.0299689975887,0.3116673098480254,0.6693158105048173,0.7246500853032974,1.1280885390820647,0.4518072289156583,-0.3003003003002832,1.4869888475836512,0.0,1.8108651911468785,0.2016129032258093,0.0,0.1501501501501629,2193.0,0.0,8.356680513960004,-4.130777067703992,-11.376508249199704,7.87127830272776,6.000188982330152,-13.204297547773312
2006-05-15,10100.0,0.969709087273818,2217.0,1.094391244870041,8.356680513960004,7.87127830272776,1667.0,1436.0,1814.0,1418.0,1872.0,1613.0,1919.0,1414.0,1889.0,1624.0,1478.0,1213.0,1662.0,1.0,0.0,0.0,3.0,0.0,0.0,0.0,0.0,1.0,0.0,0.0,0.0,0.0,0.0,0.0,0.0,0.0,10.0,15.0,20.0,7.0,7.0,5.0,2223.0,2225.0,2222.0,2792.0,2792.0,2787.0,10003.0,11901.0,11901.0,11904.0,11199.0,10103.0,-15.94823964372742,0.0,-0.0252016129032258,6.295204929011519,10.848262892210236,-1.7600155581485804,-12.08607400154334,-13.34351382167201,-8.707574706340756,-12.397520495900814,-0.7545913629968158,-8.598266154409773,1089.0,1086.0,1084.0,1267.0,1268.0,1274.0,-12.07541409052744,-2.245933442769736,-1.1360283269401004,7.972919155714854,19.69682524549528,10.398905378381224,-0.7361034234853344,-8.689596140378182,-9.304740588389484,-4.9094311137993785,3.703835191252408,7.347502687678159,3.0918,3.1392,3.1928,3.127,3.055,3.1749,2610.7099609375,2544.3798828125,2533.39990234375,2498.02001953125,2482.669921875,2424.169921875,2.6069251126007265,0.4334088928712746,1.416317024518442,0.6182899112362494,2.4131971720345637,-0.3113025401472048,0.8683913534160952,0.9084039386306388,0.8880017907774959,0.8781351431100619,0.8919952210274791,0.9631995423777291,60.20996294771511,-26.726998491704375,71.0299689975887,-32.86308973172988,0.6693158105048173,0.1961096879668726,1.1280885390820647,0.4998840176293203,-0.3003003003002832,0.1503759398496155,0.0,-1.102941176470591,0.2016129032258093,-1.782178217821779,0.1501501501501629,0.0,2193.0,0.0,-4.130777067703992,-11.376508249199704,-9.72880853586248,6.000188982330152,-13.204297547773312,-5.061122790625244
2006-05-01,10003.0,-15.94823964372742,2217.0,1.094391244870041,8.356680513960004,7.87127830272776,1667.0,1436.0,1814.0,1418.0,1872.0,1613.0,1919.0,1414.0,1889.0,1624.0,1478.0,1213.0,1662.0,1.0,0.0,0.0,3.0,0.0,0.0,0.0,0.0,1.0,0.0,0.0,0.0,0.0,0.0,0.0,0.0,0.0,10.0,15.0,20.0,7.0,7.0,5.0,2225.0,2222.0,2792.0,2792.0,2787.0,2794.0,11901.0,11901.0,11904.0,11199.0,10103.0,10284.0,0.0,-0.0252016129032258,6.295204929011519,10.848262892210236,-1.7600155581485804,28.405543763266326,-13.34351382167201,-8.707574706340756,-12.397520495900814,-0.7545913629968158,-8.598266154409773,71.15557747794894,1086.0,1084.0,1267.0,1268.0,1274.0,1265.0,-2.245933442769736,-1.1360283269401004,7.972919155714854,19.69682524549528,10.398905378381224,-1.0621680724773508,-8.689596140378182,-9.304740588389484,-4.9094311137993785,3.703835191252408,7.347502687678159,17.305749748799965,3.1392,3.1928,3.127,3.055,3.1749,3.2662,2544.3798828125,2533.39990234375,2498.02001953125,2482.669921875,2424.169921875,2431.739990234375,0.4334088928712746,1.416317024518442,0.6182899112362494,2.4131971720345637,-0.3113025401472048,1.075701896908417,0.9084039386306388,0.8880017907774959,0.8781351431100619,0.8919952210274791,0.9631995423777291,1.0824123776444585,60.20996294771511,-26.726998491704375,71.0299689975887,-32.86308973172988,0.6693158105048173,0.1961096879668726,1.1280885390820647,0.4998840176293203,-0.3003003003002832,0.1503759398496155,0.0,-1.102941176470591,0.2016129032258093,-1.782178217821779,0.1501501501501629,0.0,2193.0,0.0,-4.130777067703992,-11.376508249199704,-9.72880853586248,6.000188982330152,-13.204297547773312,-5.061122790625244
2006-04-15,11901.0,0.0,2193.0,0.0,-4.130777067703992,6.000188982330152,1436.0,1814.0,1418.0,1872.0,1613.0,1919.0,1414.0,1889.0,1624.0,1478.0,1213.0,1662.0,1608.0,1.0,0.0,0.0,3.0,0.0,0.0,0.0,0.0,1.0,0.0,0.0,0.0,0.0,0.0,0.0,0.0,0.0,15.0,20.0,20.0,7.0,5.0,8.0,2222.0,2792.0,2792.0,2787.0,2794.0,2785.0,11901.0,11904.0,11199.0,10103.0,10284.0,8009.0,-0.0252016129032258,6.295204929011519,10.848262892210236,-1.7600155581485804,28.405543763266326,-24.457649500094323,-8.707574706340756,-12.397520495900814,-0.7545913629968158,-8.598266154409773,71.15557747794894,4.528847882371895,1084.0,1267.0,1268.0,1274.0,1265.0,1275.0,-1.1360283269401004,7.972919155714854,19.69682524549528,10.398905378381224,-1.0621680724773508,-17.229787967591793,-9.304740588389484,-4.9094311137993785,3.703835191252408,7.347502687678159,17.305749748799965,-20.824825452569097,3.1928,3.127,3.055,3.1749,3.2662,3.1874,2533.39990234375,2498.02001953125,2482.669921875,2424.169921875,2431.739990234375,2405.860107421875,1.416317024518442,0.6182899112362494,2.4131971720345637,-0.3113025401472048,1.075701896908417,2.493035407742619,0.8880017907774959,0.8781351431100619,0.8919952210274791,0.9631995423777291,1.0824123776444585,0.8340102051442257,-26.726998491704375,8.050847457627118,-32.86308973172988,25.36967236880255,0.1961096879668726,0.6999611754867996,0.4998840176293203,1.1680913352381064,0.1503759398496155,-0.1501501501501416,-1.102941176470591,-0.7299270072992675,-1.782178217821779,-0.9803921568627452,0.0,0.1503759398496155,2193.0,0.0,-11.376508249199704,-9.72880853586248,-6.8856078377259555,-13.204297547773312,-5.061122790625244,-10.862021099389228
2006-04-01,11901.0,-0.0252016129032258,2193.0,0.0,-4.130777067703992,6.000188982330152,1436.0,1814.0,1418.0,1872.0,1613.0,1919.0,1414.0,1889.0,1624.0,1478.0,1213.0,1662.0,1608.0,1.0,0.0,0.0,3.0,0.0,0.0,0.0,0.0,1.0,0.0,0.0,0.0,0.0,0.0,0.0,0.0,0.0,15.0,20.0,20.0,7.0,5.0,8.0,2792.0,2792.0,2787.0,2794.0,2785.0,2787.0,11904.0,11199.0,10103.0,10284.0,8009.0,10602.0,6.295204929011519,10.848262892210236,-1.7600155581485804,28.405543763266326,-24.457649500094323,-12.242364042711698,-12.397520495900814,-0.7545913629968158,-8.598266154409773,71.15557747794894,4.528847882371895,-4.673242766924044,1267.0,1268.0,1274.0,1265.0,1275.0,1277.0,7.972919155714854,19.69682524549528,10.398905378381224,-1.0621680724773508,-17.229787967591793,28.896789245639376,-4.9094311137993785,3.703835191252408,7.347502687678159,17.305749748799965,-20.824825452569097,34.71757512477951,3.127,3.055,3.1749,3.2662,3.1874,2.9947,2498.02001953125,2482.669921875,2424.169921875,2431.739990234375,2405.860107421875,2347.340087890625,0.6182899112362494,2.4131971720345637,-0.3113025401472048,1.075701896908417,2.493035407742619,0.9291752526456012,0.8781351431100619,0.8919952210274791,0.9631995423777291,1.0824123776444585,0.8340102051442257,0.9138079641441131,-26.726998491704375,8.050847457627118,-32.86308973172988,25.36967236880255,0.1961096879668726,0.6999611754867996,0.4998840176293203,1.1680913352381064,0.1503759398496155,-0.1501501501501416,-1.102941176470591,-0.7299270072992675,-1.782178217821779,-0.9803921568627452,0.0,0.1503759398496155,2193.0,0.0,-11.376508249199704,-9.72880853586248,-6.8856078377259555,-13.204297547773312,-5.061122790625244,-10.862021099389228
2006-03-15,11904.0,6.295204929011519,2193.0,0.0,-11.376508249199704,-13.204297547773312,1814.0,1418.0,1872.0,1613.0,1919.0,1414.0,1889.0,1624.0,1478.0,1213.0,1662.0,1608.0,2146.0,1.0,0.0,0.0,3.0,0.0,0.0,0.0,0.0,1.0,0.0,0.0,0.0,0.0,0.0,0.0,0.0,0.0,20.0,20.0,11.0,5.0,8.0,5.0,2792.0,2787.0,2794.0,2785.0,2787.0,2858.0,11199.0,10103.0,10284.0,8009.0,10602.0,12081.0,10.848262892210236,-1.7600155581485804,28.405543763266326,-24.457649500094323,-12.242364042711698,-11.81751824817518,-0.7545913629968158,-8.598266154409773,71.15557747794894,4.528847882371895,-4.673242766924044,-22.498560908831173,1268.0,1274.0,1265.0,1275.0,1277.0,1271.0,19.69682524549528,10.398905378381224,-1.0621680724773508,-17.229787967591793,28.896789245639376,-32.328396361175855,3.703835191252408,7.347502687678159,17.305749748799965,-20.824825452569097,34.71757512477951,-7.829347548247474,3.055,3.1749,3.2662,3.1874,2.9947,2.7115,2482.669921875,2424.169921875,2431.739990234375,2405.860107421875,2347.340087890625,2325.72998046875,2.4131971720345637,-0.3113025401472048,1.075701896908417,2.493035407742619,0.9291752526456012,0.6378214659804782,0.8919952210274791,0.9631995423777291,1.0824123776444585,0.8340102051442257,0.9138079641441131,1.3421842017553605,8.050847457627118,21.336760925449873,25.36967236880255,1.6804245283018868,0.6999611754867996,0.5050163961489685,1.1680913352381064,0.63171939850867,-0.1501501501501416,0.0,-0.7299270072992675,-0.1821493624772339,-0.9803921568627452,-0.1956947162426642,0.1503759398496155,0.0,2193.0,0.0,-9.72880853586248,-6.8856078377259555,-4.298448332783097,-5.061122790625244,-10.862021099389228,-2.8586839266450914
2006-03-01,11199.0,10.848262892210236,2193.0,0.0,-11.376508249199704,-13.204297547773312,1814.0,1418.0,1872.0,1613.0,1919.0,1414.0,1889.0,1624.0,1478.0,1213.0,1662.0,1608.0,2146.0,1.0,0.0,0.0,3.0,0.0,0.0,0.0,0.0,1.0,0.0,0.0,0.0,0.0,0.0,0.0,0.0,0.0,20.0,20.0,11.0,5.0,8.0,5.0,2787.0,2794.0,2785.0,2787.0,2858.0,2792.0,10103.0,10284.0,8009.0,10602.0,12081.0,13700.0,-1.7600155581485804,28.405543763266326,-24.457649500094323,-12.242364042711698,-11.81751824817518,-2.149846439540033,-8.598266154409773,71.15557747794894,4.528847882371895,-4.673242766924044,-22.498560908831173,-11.44646999914297,1274.0,1265.0,1275.0,1277.0,1271.0,1267.0,10.398905378381224,-1.0621680724773508,-17.229787967591793,28.896789245639376,-32.328396361175855,-10.713566489897294,7.347502687678159,17.305749748799965,-20.824825452569097,34.71757512477951,-7.829347548247474,-10.357763261254505,3.1749,3.2662,3.1874,2.9947,2.7115,2.6697,2424.169921875,2431.739990234375,2405.860107421875,2347.340087890625,2325.72998046875,2310.989990234375,-0.3113025401472048,1.075701896908417,2.493035407742619,0.9291752526456012,0.6378214659804782,3.1466331162954706,0.9631995423777291,1.0824123776444585,0.8340102051442257,0.9138079641441131,1.3421842017553605,1.0299977445304864,8.050847457627118,21.336760925449873,25.36967236880255,1.6804245283018868,0.6999611754867996,0.5050163961489685,1.1680913352381064,0.63171939850867,-0.1501501501501416,0.0,-0.7299270072992675,-0.1821493624772339,-0.9803921568627452,-0.1956947162426642,0.1503759398496155,0.0,2193.0,0.0,-9.72880853586248,-6.8856078377259555,-4.298448332783097,-5.061122790625244,-10.862021099389228,-2.8586839266450914
2006-02-15,10103.0,-1.7600155581485804,2193.0,0.0,-9.72880853586248,-5.061122790625244,1418.0,1872.0,1613.0,1919.0,1414.0,1889.0,1624.0,1478.0,1213.0,1662.0,1608.0,2146.0,1635.0,1.0,0.0,0.0,3.0,0.0,0.0,0.0,0.0,1.0,0.0,0.0,0.0,0.0,0.0,0.0,0.0,0.0,20.0,11.0,10.0,8.0,5.0,3.0,2794.0,2785.0,2787.0,2858.0,2792.0,2834.0,10284.0,8009.0,10602.0,12081.0,13700.0,14001.0,28.405543763266326,-24.457649500094323,-12.242364042711698,-11.81751824817518,-2.149846439540033,-4.755102040816326,71.15557747794894,4.528847882371895,-4.673242766924044,-22.498560908831173,-11.44646999914297,-16.429173388371836,1265.0,1275.0,1277.0,1271.0,1267.0,1282.0,-1.0621680724773508,-17.229787967591793,28.896789245639376,-32.328396361175855,-10.713566489897294,0.9897634058707884,17.305749748799965,-20.824825452569097,34.71757512477951,-7.829347548247474,-10.357763261254505,-19.963414068681637,3.2662,3.1874,2.9947,2.7115,2.6697,2.3958,2431.739990234375,2405.860107421875,2347.340087890625,2325.72998046875,2310.989990234375,2240.489990234375,1.075701896908417,2.493035407742619,0.9291752526456012,0.6378214659804782,3.1466331162954706,1.070023976061384,1.0824123776444585,0.8340102051442257,0.9138079641441131,1.3421842017553605,1.0299977445304864,0.9398536618111029,21.336760925449873,-14.404197698036562,1.6804245283018868,-2.2478386167146973,0.5050163961489685,0.0999023510854052,0.63171939850867,0.4727669620718701,0.0,-0.1499250374812721,-0.1821493624772339,-1.612903225806449,-0.1956947162426642,-2.480916030534346,0.0,0.0,2193.0,0.0,-6.8856078377259555,-4.298448332783097,-6.309928858645221,-10.862021099389228,-2.8586839266450914,-7.195595044424978
2006-02-01,10284.0,28.405543763266326,2193.0,0.0,-9.72880853586248,-5.061122790625244,1418.0,1872.0,1613.0,1919.0,1414.0,1889.0,1624.0,1478.0,1213.0,1662.0,1608.0,2146.0,1635.0,1.0,0.0,0.0,3.0,0.0,0.0,0.0,0.0,1.0,0.0,0.0,0.0,0.0,0.0,0.0,0.0,0.0,20.0,11.0,10.0,8.0,5.0,3.0,2785.0,2787.0,2858.0,2792.0,2834.0,2786.0,8009.0,10602.0,12081.0,13700.0,14001.0,14700.0,-24.457649500094323,-12.242364042711698,-11.81751824817518,-2.149846439540033,-4.755102040816326,1.3723191504034205,4.528847882371895,-4.673242766924044,-22.498560908831173,-11.44646999914297,-16.429173388371836,-4.362904934177025,1275.0,1277.0,1271.0,1267.0,1282.0,1265.0,-17.229787967591793,28.896789245639376,-32.328396361175855,-10.713566489897294,0.9897634058707884,4.60960215587547,-20.824825452569097,34.71757512477951,-7.829347548247474,-10.357763261254505,-19.963414068681637,2.116227943079919,3.1874,2.9947,2.7115,2.6697,2.3958,2.1962,2405.860107421875,2347.340087890625,2325.72998046875,2310.989990234375,2240.489990234375,2216.77001953125,2.493035407742619,0.9291752526456012,0.6378214659804782,3.1466331162954706,1.070023976061384,-3.754275328222567,0.8340102051442257,0.9138079641441131,1.3421842017553605,1.0299977445304864,0.9398536618111029,0.9965426072808623,21.336760925449873,-14.404197698036562,1.6804245283018868,-2.2478386167146973,0.5050163961489685,0.0999023510854052,0.63171939850867,0.4727669620718701,0.0,-0.1499250374812721,-0.1821493624772339,-1.612903225806449,-0.1956947162426642,-2.480916030534346,0.0,0.0,2193.0,0.0,-6.8856078377259555,-4.298448332783097,-6.309928858645221,-10.862021099389228,-2.8586839266450914,-7.195595044424978
2006-01-15,8009.0,-24.457649500094323,2193.0,0.0,-6.8856078377259555,-10.862021099389228,1872.0,1613.0,1919.0,1414.0,1889.0,1624.0,1478.0,1213.0,1662.0,1608.0,2146.0,1635.0,2399.0,1.0,0.0,0.0,3.0,0.0,0.0,0.0,0.0,1.0,0.0,0.0,0.0,0.0,0.0,0.0,0.0,0.0,11.0,10.0,21.0,5.0,3.0,7.0,2787.0,2858.0,2792.0,2834.0,2786.0,2808.0,10602.0,12081.0,13700.0,14001.0,14700.0,14501.0,-12.242364042711698,-11.81751824817518,-2.149846439540033,-4.755102040816326,1.3723191504034205,20.93236594112251,-4.673242766924044,-22.498560908831173,-11.44646999914297,-16.429173388371836,-4.362904934177025,84.39311905042771,1277.0,1271.0,1267.0,1282.0,1265.0,1267.0,28.896789245639376,-32.328396361175855,-10.713566489897294,0.9897634058707884,4.60960215587547,28.16760588983821,34.71757512477951,-7.829347548247474,-10.357763261254505,-19.963414068681637,2.116227943079919,40.06138735420503,2.9947,2.7115,2.6697,2.3958,2.1962,2.2054,2347.340087890625,2325.72998046875,2310.989990234375,2240.489990234375,2216.77001953125,2303.239990234375,0.9291752526456012,0.6378214659804782,3.1466331162954706,1.070023976061384,-3.754275328222567,-0.0824202622091235,0.9138079641441131,1.3421842017553605,1.0299977445304864,0.9398536618111029,0.9965426072808623,1.0283667824976952,-14.404197698036562,9.28597854236034,-2.2478386167146973,4.329524954900782,0.0999023510854052,0.4258272325755947,0.4727669620718701,0.5145511242017899,-0.1499250374812721,0.4518072289156583,-1.612903225806449,-0.711743772242003,-2.480916030534346,-0.945179584120983,0.0,0.0,2193.0,0.0,-4.298448332783097,-6.309928858645221,-3.0003000300030003,-2.8586839266450914,-7.195595044424978,0.7247746896073612
2006-01-01,10602.0,-12.242364042711698,2193.0,0.0,-6.8856078377259555,-10.862021099389228,1872.0,1613.0,1919.0,1414.0,1889.0,1624.0,1478.0,1213.0,1662.0,1608.0,2146.0,1635.0,2399.0,1.0,0.0,0.0,3.0,0.0,0.0,0.0,0.0,1.0,0.0,0.0,0.0,0.0,0.0,0.0,0.0,0.0,11.0,10.0,21.0,5.0,3.0,7.0,2858.0,2792.0,2834.0,2786.0,2808.0,2785.0,12081.0,13700.0,14001.0,14700.0,14501.0,11991.0,-11.81751824817518,-2.149846439540033,-4.755102040816326,1.3723191504034205,20.93236594112251,-21.67352537722908,-22.498560908831173,-11.44646999914297,-16.429173388371836,-4.362904934177025,84.39311905042771,3.815391349870884,1271.0,1267.0,1282.0,1265.0,1267.0,1288.0,-32.328396361175855,-10.713566489897294,0.9897634058707884,4.60960215587547,28.16760588983821,-25.70232306861156,-7.829347548247474,-10.357763261254505,-19.963414068681637,2.116227943079919,40.06138735420503,0.5881058345967551,2.7115,2.6697,2.3958,2.1962,2.2054,2.1452,2325.72998046875,2310.989990234375,2240.489990234375,2216.77001953125,2303.239990234375,2305.139892578125,0.6378214659804782,3.1466331162954706,1.070023976061384,-3.754275328222567,-0.0824202622091235,-0.540630448650694,1.3421842017553605,1.0299977445304864,0.9398536618111029,0.9965426072808623,1.0283667824976952,1.089892746773314,-14.404197698036562,9.28597854236034,-2.2478386167146973,4.329524954900782,0.0999023510854052,0.4258272325755947,0.4727669620718701,0.5145511242017899,-0.1499250374812721,0.4518072289156583,-1.612903225806449,-0.711743772242003,-2.480916030534346,-0.945179584120983,0.0,0.0,2193.0,0.0,-4.298448332783097,-6.309928858645221,-3.0003000300030003,-2.8586839266450914,-7.195595044424978,0.7247746896073612
2005-12-15,12081.0,-11.81751824817518,2193.0,0.0,-4.298448332783097,-2.8586839266450914,1613.0,1919.0,1414.0,1889.0,1624.0,1478.0,1213.0,1662.0,1608.0,2146.0,1635.0,2399.0,1486.0,1.0,0.0,0.0,3.0,0.0,0.0,0.0,0.0,1.0,0.0,0.0,0.0,0.0,0.0,0.0,0.0,0.0,10.0,21.0,13.0,3.0,7.0,4.0,2792.0,2834.0,2786.0,2808.0,2785.0,2202.0,13700.0,14001.0,14700.0,14501.0,11991.0,15309.0,-2.149846439540033,-4.755102040816326,1.3723191504034205,20.93236594112251,-21.67352537722908,-6.998359759431382,-11.44646999914297,-16.429173388371836,-4.362904934177025,84.39311905042771,3.815391349870884,-15.235496557566629,1267.0,1282.0,1265.0,1267.0,1288.0,1108.0,-10.713566489897294,0.9897634058707884,4.60960215587547,28.16760588983821,-25.70232306861156,-12.32162946296406,-10.357763261254505,-19.963414068681637,2.116227943079919,40.06138735420503,0.5881058345967551,-14.343247345937897,2.6697,2.3958,2.1962,2.2054,2.1452,1.8807,2310.989990234375,2240.489990234375,2216.77001953125,2303.239990234375,2305.139892578125,2317.669921875,3.1466331162954706,1.070023976061384,-3.754275328222567,-0.0824202622091235,-0.540630448650694,0.9640381973706657,1.0299977445304864,0.9398536618111029,0.9965426072808623,1.0283667824976952,1.089892746773314,1.0338330632090762,9.28597854236034,10.66530194472876,4.329524954900782,8.69281045751634,0.4258272325755947,0.3094815616333665,0.5145511242017899,0.5648260851316428,0.4518072289156583,0.1508295625942813,-0.711743772242003,1.0791366906474844,-0.945179584120983,1.7307692307692282,0.0,0.0,2193.0,0.0,-6.309928858645221,-3.0003000300030003,-1.6640113294388388,-7.195595044424978,0.7247746896073612,-0.4392294660224634
2005-12-01,13700.0,-2.149846439540033,2193.0,0.0,-4.298448332783097,-2.8586839266450914,1613.0,1919.0,1414.0,1889.0,1624.0,1478.0,1213.0,1662.0,1608.0,2146.0,1635.0,2399.0,1486.0,1.0,0.0,0.0,3.0,0.0,0.0,0.0,0.0,1.0,0.0,0.0,0.0,0.0,0.0,0.0,0.0,0.0,10.0,21.0,13.0,3.0,7.0,4.0,2834.0,2786.0,2808.0,2785.0,2202.0,2194.0,14001.0,14700.0,14501.0,11991.0,15309.0,16461.0,-4.755102040816326,1.3723191504034205,20.93236594112251,-21.67352537722908,-6.998359759431382,2.235885969815539,-16.429173388371836,-4.362904934177025,84.39311905042771,3.815391349870884,-15.235496557566629,18.15382495235964,1282.0,1265.0,1267.0,1288.0,1108.0,1109.0,0.9897634058707884,4.60960215587547,28.16760588983821,-25.70232306861156,-12.32162946296406,3.5944304729190946,-19.963414068681637,2.116227943079919,40.06138735420503,0.5881058345967551,-14.343247345937897,4.340995767311998,2.3958,2.1962,2.2054,2.1452,1.8807,1.7758,2240.489990234375,2216.77001953125,2303.239990234375,2305.139892578125,2317.669921875,2295.5400390625,1.070023976061384,-3.754275328222567,-0.0824202622091235,-0.540630448650694,0.9640381973706657,0.6921794061339508,0.9398536618111029,0.9965426072808623,1.0283667824976952,1.089892746773314,1.0338330632090762,0.974658061460122,9.28597854236034,10.66530194472876,4.329524954900782,8.69281045751634,0.4258272325755947,0.3094815616333665,0.5145511242017899,0.5648260851316428,0.4518072289156583,0.1508295625942813,-0.711743772242003,1.0791366906474844,-0.945179584120983,1.7307692307692282,0.0,0.0,2193.0,0.0,-6.309928858645221,-3.0003000300030003,-1.6640113294388388,-7.195595044424978,0.7247746896073612,-0.4392294660224634
2005-11-15,14001.0,-4.755102040816326,2193.0,0.0,-6.309928858645221,-7.195595044424978,1919.0,1414.0,1889.0,1624.0,1478.0,1213.0,1662.0,1608.0,2146.0,1635.0,2399.0,1486.0,1615.0,1.0,0.0,0.0,3.0,0.0,0.0,0.0,0.0,1.0,0.0,0.0,0.0,0.0,0.0,0.0,0.0,0.0,21.0,13.0,11.0,7.0,4.0,5.0,2786.0,2808.0,2785.0,2202.0,2194.0,2199.0,14700.0,14501.0,11991.0,15309.0,16461.0,16101.0,1.3723191504034205,20.93236594112251,-21.67352537722908,-6.998359759431382,2.235885969815539,-2.430008483820143,-4.362904934177025,84.39311905042771,3.815391349870884,-15.235496557566629,18.15382495235964,-14.998375656635403,1265.0,1267.0,1288.0,1108.0,1109.0,1101.0,4.60960215587547,28.16760588983821,-25.70232306861156,-12.32162946296406,3.5944304729190946,2.6055761847819245,2.116227943079919,40.06138735420503,0.5881058345967551,-14.343247345937897,4.340995767311998,8.20236534864843,2.1962,2.2054,2.1452,1.8807,1.7758,1.7592,2216.77001953125,2303.239990234375,2305.139892578125,2317.669921875,2295.5400390625,2279.760009765625,-3.754275328222567,-0.0824202622091235,-0.540630448650694,0.9640381973706657,0.6921794061339508,-3.6335644963064455,0.9965426072808623,1.0283667824976952,1.089892746773314,1.0338330632090762,0.974658061460122,0.9876096423971048,10.66530194472876,-17.871553463349024,8.69281045751634,-11.586246749494364,0.3094815616333665,0.1462525622615344,0.5648260851316428,0.465651430086022,0.1508295625942813,0.4545454545454502,1.0791366906474844,1.459854014598548,1.7307692307692282,2.161100196463657,0.0,0.0,2193.0,0.0,-3.0003000300030003,-1.6640113294388388,-3.57325746799431,0.7247746896073612,-0.4392294660224634,-1.859720426134614
2005-11-01,14700.0,1.3723191504034205,2193.0,0.0,-6.309928858645221,-7.195595044424978,1919.0,1414.0,1889.0,1624.0,1478.0,1213.0,1662.0,1608.0,2146.0,1635.0,2399.0,1486.0,1615.0,1.0,0.0,0.0,3.0,0.0,0.0,0.0,0.0,1.0,0.0,0.0,0.0,0.0,0.0,0.0,0.0,0.0,21.0,13.0,11.0,7.0,4.0,5.0,2808.0,2785.0,2202.0,2194.0,2199.0,2195.0,14501.0,11991.0,15309.0,16461.0,16101.0,16502.0,20.93236594112251,-21.67352537722908,-6.998359759431382,2.235885969815539,-2.430008483820143,0.0121212121212121,84.39311905042771,3.815391349870884,-15.235496557566629,18.15382495235964,-14.998375656635403,3.457640725427457,1267.0,1288.0,1108.0,1109.0,1101.0,1112.0,28.16760588983821,-25.70232306861156,-12.32162946296406,3.5944304729190946,2.6055761847819245,-3.708866129325496,40.06138735420503,0.5881058345967551,-14.343247345937897,4.340995767311998,8.20236534864843,-6.621605120429834,2.2054,2.1452,1.8807,1.7758,1.7592,1.7611,2303.239990234375,2305.139892578125,2317.669921875,2295.5400390625,2279.760009765625,2365.719970703125,-0.0824202622091235,-0.540630448650694,0.9640381973706657,0.6921794061339508,-3.6335644963064455,5.129557951948034,1.0283667824976952,1.089892746773314,1.0338330632090762,0.974658061460122,0.9876096423971048,1.0385801497891622,10.66530194472876,-17.871553463349024,8.69281045751634,-11.586246749494364,0.3094815616333665,0.1462525622615344,0.5648260851316428,0.465651430086022,0.1508295625942813,0.4545454545454502,1.0791366906474844,1.459854014598548,1.7307692307692282,2.161100196463657,0.0,0.0,2193.0,0.0,-3.0003000300030003,-1.6640113294388388,-3.57325746799431,0.7247746896073612,-0.4392294660224634,-1.859720426134614
2005-10-15,14501.0,20.93236594112251,2193.0,0.0,-3.0003000300030003,0.7247746896073612,1414.0,1889.0,1624.0,1478.0,1213.0,1662.0,1608.0,2146.0,1635.0,2399.0,1486.0,1615.0,1652.0,1.0,0.0,0.0,3.0,0.0,0.0,0.0,0.0,1.0,0.0,0.0,0.0,0.0,0.0,0.0,0.0,0.0,13.0,11.0,16.0,4.0,5.0,0.0,2785.0,2202.0,2194.0,2199.0,2195.0,2203.0,11991.0,15309.0,16461.0,16101.0,16502.0,16500.0,-21.67352537722908,-6.998359759431382,2.235885969815539,-2.430008483820143,0.0121212121212121,2.4081429990069516,3.815391349870884,-15.235496557566629,18.15382495235964,-14.998375656635403,3.457640725427457,13.672098003559013,1288.0,1108.0,1109.0,1101.0,1112.0,1114.0,-25.70232306861156,-12.32162946296406,3.5944304729190946,2.6055761847819245,-3.708866129325496,6.4511966969872905,0.5881058345967551,-14.343247345937897,4.340995767311998,8.20236534864843,-6.621605120429834,2.9112081513828345,2.1452,1.8807,1.7758,1.7592,1.7611,,2305.139892578125,2317.669921875,2295.5400390625,2279.760009765625,2365.719970703125,2250.2900390625,-0.540630448650694,0.9640381973706657,0.6921794061339508,-3.6335644963064455,5.129557951948034,1.8253846820935364,1.089892746773314,1.0338330632090762,0.974658061460122,0.9876096423971048,1.0385801497891622,0.9999393976122659,-17.871553463349024,-0.0336134453781512,-11.586246749494364,-3.13462076686258,0.1462525622615344,0.3669731748313444,0.465651430086022,0.5615561222944444,0.4545454545454502,1.071975497702914,1.459854014598548,0.3663003663003585,2.161100196463657,-0.1960784313725518,0.0,1.371951219512204,2193.0,13.450594930160372,-1.6640113294388388,-3.57325746799431,-4.338123231003702,-0.4392294660224634,-1.859720426134614,-8.202374222724703
2005-10-01,11991.0,-21.67352537722908,2193.0,0.0,-3.0003000300030003,0.7247746896073612,1414.0,1889.0,1624.0,1478.0,1213.0,1662.0,1608.0,2146.0,1635.0,2399.0,1486.0,1615.0,1652.0,1.0,0.0,0.0,3.0,0.0,0.0,0.0,0.0,1.0,0.0,0.0,0.0,0.0,0.0,0.0,0.0,0.0,13.0,11.0,16.0,4.0,5.0,0.0,2202.0,2194.0,2199.0,2195.0,2203.0,2220.0,15309.0,16461.0,16101.0,16502.0,16500.0,16112.0,-6.998359759431382,2.235885969815539,-2.430008483820143,0.0121212121212121,2.4081429990069516,-6.807796865058707,-15.235496557566629,18.15382495235964,-14.998375656635403,3.457640725427457,13.672098003559013,-8.248574826723546,1108.0,1109.0,1101.0,1112.0,1114.0,1114.0,-12.32162946296406,3.5944304729190946,2.6055761847819245,-3.708866129325496,6.4511966969872905,3.333111125924938,-14.343247345937897,4.340995767311998,8.20236534864843,-6.621605120429834,2.9112081513828345,5.678722619111784,1.8807,1.7758,1.7592,1.7611,,,2317.669921875,2295.5400390625,2279.760009765625,2365.719970703125,2250.2900390625,2209.949951171875,0.9640381973706657,0.6921794061339508,-3.6335644963064455,5.129557951948034,1.8253846820935364,0.3651393282842277,1.0338330632090762,0.974658061460122,0.9876096423971048,1.0385801497891622,0.9999393976122659,1.0394168118185922,-17.871553463349024,-0.0336134453781512,-11.586246749494364,-3.13462076686258,0.1462525622615344,0.3669731748313444,0.465651430086022,0.5615561222944444,0.4545454545454502,1.071975497702914,1.459854014598548,0.3663003663003585,2.161100196463657,-0.1960784313725518,0.0,1.371951219512204,2193.0,13.450594930160372,-1.6640113294388388,-3.57325746799431,-4.338123231003702,-0.4392294660224634,-1.859720426134614,-8.202374222724703
2005-09-15,15309.0,-6.998359759431382,2193.0,0.0,-1.6640113294388388,-0.4392294660224634,1889.0,1624.0,1478.0,1213.0,1662.0,1608.0,2146.0,1635.0,2399.0,1486.0,1615.0,1652.0,1663.0,1.0,0.0,0.0,3.0,0.0,0.0,0.0,0.0,1.0,0.0,0.0,0.0,0.0,0.0,0.0,0.0,0.0,11.0,16.0,16.0,5.0,0.0,0.0,2194.0,2199.0,2195.0,2203.0,2220.0,2196.0,16461.0,16101.0,16502.0,16500.0,16112.0,17289.0,2.235885969815539,-2.430008483820143,0.0121212121212121,2.4081429990069516,-6.807796865058707,-1.098335335507122,18.15382495235964,-14.998375656635403,3.457640725427457,13.672098003559013,-8.248574826723546,-8.040312513274449,1109.0,1101.0,1112.0,1114.0,1114.0,1113.0,3.5944304729190946,2.6055761847819245,-3.708866129325496,6.4511966969872905,3.333111125924938,-6.255468066491689,4.340995767311998,8.20236534864843,-6.621605120429834,2.9112081513828345,5.678722619111784,-3.491827637444276,1.7758,1.7592,1.7611,,,,2295.5400390625,2279.760009765625,2365.719970703125,2250.2900390625,2209.949951171875,2201.909912109375,0.6921794061339508,-3.6335644963064455,5.129557951948034,1.8253846820935364,0.3651393282842277,1.1474866556648449,0.974658061460122,0.9876096423971048,1.0385801497891622,0.9999393976122659,1.0394168118185922,1.152523165122325,-0.0336134453781512,9.395109395109396,-3.13462076686258,14.592687620269404,0.3669731748313444,0.4189181448456265,0.5615561222944444,0.7371742062257046,1.071975497702914,-0.9104704097116972,0.3663003663003585,-0.5464480874316888,-0.1960784313725518,-0.9708737864077668,1.371951219512204,0.0,2193.0,13.450594930160372,-3.57325746799431,-4.338123231003702,-1.837999572558239,-1.859720426134614,-8.202374222724703,-0.7573632538569425
2005-09-01,16461.0,2.235885969815539,2193.0,0.0,-1.6640113294388388,-0.4392294660224634,1889.0,1624.0,1478.0,1213.0,1662.0,1608.0,2146.0,1635.0,2399.0,1486.0,1615.0,1652.0,1663.0,1.0,0.0,0.0,3.0,0.0,0.0,0.0,0.0,1.0,0.0,0.0,0.0,0.0,0.0,0.0,0.0,0.0,11.0,16.0,16.0,5.0,0.0,0.0,2199.0,2195.0,2203.0,2220.0,2196.0,2201.0,16101.0,16502.0,16500.0,16112.0,17289.0,17481.0,-2.430008483820143,0.0121212121212121,2.4081429990069516,-6.807796865058707,-1.098335335507122,3.4562348345860214,-14.998375656635403,3.457640725427457,13.672098003559013,-8.248574826723546,-8.040312513274449,15.470240799636532,1101.0,1112.0,1114.0,1114.0,1113.0,1113.0,2.6055761847819245,-3.708866129325496,6.4511966969872905,3.333111125924938,-6.255468066491689,-0.6580581077725354,8.20236534864843,-6.621605120429834,2.9112081513828345,5.678722619111784,-3.491827637444276,0.6262122923556351,1.7592,1.7611,,,,,2279.760009765625,2365.719970703125,2250.2900390625,2209.949951171875,2201.909912109375,2176.929931640625,-3.6335644963064455,5.129557951948034,1.8253846820935364,0.3651393282842277,1.1474866556648449,0.2422103705835533,0.9876096423971048,1.0385801497891622,0.9999393976122659,1.0394168118185922,1.152523165122325,1.0924259467566555,-0.0336134453781512,9.395109395109396,-3.13462076686258,14.592687620269404,0.3669731748313444,0.4189181448456265,0.5615561222944444,0.7371742062257046,1.071975497702914,-0.9104704097116972,0.3663003663003585,-0.5464480874316888,-0.1960784313725518,-0.9708737864077668,1.371951219512204,0.0,2193.0,13.450594930160372,-3.57325746799431,-4.338123231003702,-1.837999572558239,-1.859720426134614,-8.202374222724703,-0.7573632538569425
2005-08-15,16101.0,-2.430008483820143,2193.0,0.0,-3.57325746799431,-1.859720426134614,1624.0,1478.0,1213.0,1662.0,1608.0,2146.0,1635.0,2399.0,1486.0,1615.0,1652.0,1663.0,1429.0,1.0,0.0,0.0,3.0,0.0,0.0,0.0,0.0,1.0,0.0,0.0,0.0,0.0,0.0,0.0,0.0,0.0,16.0,16.0,14.0,0.0,0.0,4.0,2195.0,2203.0,2220.0,2196.0,2201.0,2254.0,16502.0,16500.0,16112.0,17289.0,17481.0,16897.0,0.0121212121212121,2.4081429990069516,-6.807796865058707,-1.098335335507122,3.4562348345860214,-2.879641338084838,3.457640725427457,13.672098003559013,-8.248574826723546,-8.040312513274449,15.470240799636532,-4.4316315242533015,1112.0,1114.0,1114.0,1113.0,1113.0,1100.0,-3.708866129325496,6.4511966969872905,3.333111125924938,-6.255468066491689,-0.6580581077725354,-2.42306760358614,-6.621605120429834,2.9112081513828345,5.678722619111784,-3.491827637444276,0.6262122923556351,-1.269604182225536,1.7611,,,,,,2365.719970703125,2250.2900390625,2209.949951171875,2201.909912109375,2176.929931640625,2171.669921875,5.129557951948034,1.8253846820935364,0.3651393282842277,1.1474866556648449,0.2422103705835533,2.184209945888719,1.0385801497891622,0.9999393976122659,1.0394168118185922,1.152523165122325,1.0924259467566555,1.0489818723615594,9.395109395109396,-11.272430668841762,14.592687620269404,-8.750365817968978,0.4189181448456265,0.2511398918107722,0.7371742062257046,0.5460826241417606,-0.9104704097116972,-0.1515151515151429,-0.5464480874316888,-0.7233273056057841,-0.9708737864077668,-0.7707129094412304,0.0,0.0,2193.0,13.450594930160372,-4.338123231003702,-1.837999572558239,-1.3389562467053242,-8.202374222724703,-0.7573632538569425,0.2869359738944526
2005-08-01,16502.0,0.0121212121212121,2193.0,0.0,-3.57325746799431,-1.859720426134614,1624.0,1478.0,1213.0,1662.0,1608.0,2146.0,1635.0,2399.0,1486.0,1615.0,1652.0,1663.0,1429.0,1.0,0.0,0.0,3.0,0.0,0.0,0.0,0.0,1.0,0.0,0.0,0.0,0.0,0.0,0.0,0.0,0.0,16.0,16.0,14.0,0.0,0.0,4.0,2203.0,2220.0,2196.0,2201.0,2254.0,2193.0,16500.0,16112.0,17289.0,17481.0,16897.0,17398.0,2.4081429990069516,-6.807796865058707,-1.098335335507122,3.4562348345860214,-2.879641338084838,-3.883763327992928,13.672098003559013,-8.248574826723546,-8.040312513274449,15.470240799636532,-4.4316315242533015,4.48625330232629,1114.0,1114.0,1113.0,1113.0,1100.0,1100.0,6.4511966969872905,3.333111125924938,-6.255468066491689,-0.6580581077725354,-2.42306760358614,-6.739732218518728,2.9112081513828345,5.678722619111784,-3.491827637444276,0.6262122923556351,-1.269604182225536,-0.6985328599182715,,,,,,,2250.2900390625,2209.949951171875,2201.909912109375,2176.929931640625,2171.669921875,2125.25,1.8253846820935364,0.3651393282842277,1.1474866556648449,0.2422103705835533,2.184209945888719,-1.1617352885808223,0.9999393976122659,1.0394168118185922,1.152523165122325,1.0924259467566555,1.0489818723615594,1.0539132541797915,9.395109395109396,-11.272430668841762,14.592687620269404,-8.750365817968978,0.4189181448456265,0.2511398918107722,0.7371742062257046,0.5460826241417606,-0.9104704097116972,-0.1515151515151429,-0.5464480874316888,-0.7233273056057841,-0.9708737864077668,-0.7707129094412304,0.0,0.0,2193.0,13.450594930160372,-4.338123231003702,-1.837999572558239,-1.3389562467053242,-8.202374222724703,-0.7573632538569425,0.2869359738944526
2005-07-15,16500.0,2.4081429990069516,2193.0,13.450594930160372,-4.338123231003702,-8.202374222724703,1478.0,1213.0,1662.0,1608.0,2146.0,1635.0,2399.0,1486.0,1615.0,1652.0,1663.0,1429.0,1591.0,1.0,0.0,0.0,3.0,0.0,0.0,0.0,0.0,1.0,0.0,0.0,0.0,0.0,0.0,0.0,0.0,0.0,16.0,14.0,15.0,0.0,4.0,0.0,2220.0,2196.0,2201.0,2254.0,2193.0,2264.0,16112.0,17289.0,17481.0,16897.0,17398.0,18101.0,-6.807796865058707,-1.098335335507122,3.4562348345860214,-2.879641338084838,-3.883763327992928,-0.9737950653755676,-8.248574826723546,-8.040312513274449,15.470240799636532,-4.4316315242533015,4.48625330232629,-7.242171203716495,1114.0,1113.0,1113.0,1100.0,1100.0,1107.0,3.333111125924938,-6.255468066491689,-0.6580581077725354,-2.42306760358614,-6.739732218518728,9.875853507138425,5.678722619111784,-3.491827637444276,0.6262122923556351,-1.269604182225536,-0.6985328599182715,-1.0902225579193066,,,,,,,2209.949951171875,2201.909912109375,2176.929931640625,2171.669921875,2125.25,2150.22998046875,0.3651393282842277,1.1474866556648449,0.2422103705835533,2.184209945888719,-1.1617352885808223,0.3022731413994169,1.0394168118185922,1.152523165122325,1.0924259467566555,1.0489818723615594,1.0539132541797915,1.0225975933563076,-11.272430668841762,-11.531245489969692,-8.750365817968978,-14.059356136820924,0.2511398918107722,0.3122167775234642,0.5460826241417606,0.4839883102950787,-0.1515151515151429,0.6097560975609843,-0.7233273056057841,1.65441176470588,-0.7707129094412304,2.165354330708664,0.0,0.0,1933.0,0.0,-1.837999572558239,-1.3389562467053242,-2.5880661394680087,-0.7573632538569425,0.2869359738944526,-0.2749256578578241
2005-07-01,16112.0,-6.807796865058707,2193.0,13.450594930160372,-4.338123231003702,-8.202374222724703,1478.0,1213.0,1662.0,1608.0,2146.0,1635.0,2399.0,1486.0,1615.0,1652.0,1663.0,1429.0,1591.0,1.0,0.0,0.0,3.0,0.0,0.0,0.0,0.0,1.0,0.0,0.0,0.0,0.0,0.0,0.0,0.0,0.0,16.0,14.0,15.0,0.0,4.0,0.0,2196.0,2201.0,2254.0,2193.0,2264.0,2200.0,17289.0,17481.0,16897.0,17398.0,18101.0,18279.0,-1.098335335507122,3.4562348345860214,-2.879641338084838,-3.883763327992928,-0.9737950653755676,-3.290831172953812,-8.040312513274449,15.470240799636532,-4.4316315242533015,4.48625330232629,-7.242171203716495,-3.1629264941607476,1113.0,1113.0,1100.0,1100.0,1107.0,1103.0,-6.255468066491689,-0.6580581077725354,-2.42306760358614,-6.739732218518728,9.875853507138425,-10.504971946003,-3.491827637444276,0.6262122923556351,-1.269604182225536,-0.6985328599182715,-1.0902225579193066,4.269804257426069,,,,,,,2201.909912109375,2176.929931640625,2171.669921875,2125.25,2150.22998046875,2143.75,1.1474866556648449,0.2422103705835533,2.184209945888719,-1.1617352885808223,0.3022731413994169,-0.9325593839965602,1.152523165122325,1.0924259467566555,1.0489818723615594,1.0539132541797915,1.0225975933563076,1.1346368715083799,-11.272430668841762,-11.531245489969692,-8.750365817968978,-14.059356136820924,0.2511398918107722,0.3122167775234642,0.5460826241417606,0.4839883102950787,-0.1515151515151429,0.6097560975609843,-0.7233273056057841,1.65441176470588,-0.7707129094412304,2.165354330708664,0.0,0.0,1933.0,0.0,-1.837999572558239,-1.3389562467053242,-2.5880661394680087,-0.7573632538569425,0.2869359738944526,-0.2749256578578241
2005-06-15,17289.0,-1.098335335507122,2193.0,13.450594930160372,-1.837999572558239,-0.7573632538569425,1213.0,1662.0,1608.0,2146.0,1635.0,2399.0,1486.0,1615.0,1652.0,1663.0,1429.0,1591.0,1623.0,1.0,0.0,0.0,3.0,0.0,0.0,0.0,0.0,1.0,0.0,0.0,0.0,0.0,0.0,0.0,0.0,0.0,14.0,15.0,17.0,4.0,0.0,0.0,2201.0,2254.0,2193.0,2264.0,2200.0,2520.0,17481.0,16897.0,17398.0,18101.0,18279.0,18901.0,3.4562348345860214,-2.879641338084838,-3.883763327992928,-0.9737950653755676,-3.290831172953812,-8.487460056163455,15.470240799636532,-4.4316315242533015,4.48625330232629,-7.242171203716495,-3.1629264941607476,-16.200879224135043,1113.0,1100.0,1100.0,1107.0,1103.0,1140.0,-0.6580581077725354,-2.42306760358614,-6.739732218518728,9.875853507138425,-10.504971946003,-17.084292952556428,0.6262122923556351,-1.269604182225536,-0.6985328599182715,-1.0902225579193066,4.269804257426069,-18.391653953724894,,,,,,,2176.929931640625,2171.669921875,2125.25,2150.22998046875,2143.75,2163.929931640625,0.2422103705835533,2.184209945888719,-1.1617352885808223,0.3022731413994169,-0.9325593839965602,1.8267206053546627,1.0924259467566555,1.0489818723615594,1.0539132541797915,1.0225975933563076,1.1346368715083799,1.0499972223765346,-11.531245489969692,74.18300653594771,-14.059356136820924,50.03773584905661,0.3122167775234642,0.1422934629613961,0.4839883102950787,0.7772938245217251,0.6097560975609843,-0.3039513677811593,1.65441176470588,-0.5484460694698432,2.165354330708664,-0.7812500000000111,0.0,0.1526717557251821,1933.0,0.0,-1.3389562467053242,-2.5880661394680087,-6.509841574651944,0.2869359738944526,-0.2749256578578241,-7.104138434274993
2005-06-01,17481.0,3.4562348345860214,2193.0,13.450594930160372,-1.837999572558239,-0.7573632538569425,1213.0,1662.0,1608.0,2146.0,1635.0,2399.0,1486.0,1615.0,1652.0,1663.0,1429.0,1591.0,1623.0,1.0,0.0,0.0,3.0,0.0,0.0,0.0,0.0,1.0,0.0,0.0,0.0,0.0,0.0,0.0,0.0,0.0,14.0,15.0,17.0,4.0,0.0,0.0,2254.0,2193.0,2264.0,2200.0,2520.0,2516.0,16897.0,17398.0,18101.0,18279.0,18901.0,20654.0,-2.879641338084838,-3.883763327992928,-0.9737950653755676,-3.290831172953812,-8.487460056163455,13.739743377939314,-4.4316315242533015,4.48625330232629,-7.242171203716495,-3.1629264941607476,-16.200879224135043,20.6053486982674,1100.0,1100.0,1107.0,1103.0,1140.0,1137.0,-2.42306760358614,-6.739732218518728,9.875853507138425,-10.504971946003,-17.084292952556428,28.529986383281035,-1.269604182225536,-0.6985328599182715,-1.0902225579193066,4.269804257426069,-18.391653953724894,15.06371400830504,,,,,,,2171.669921875,2125.25,2150.22998046875,2143.75,2163.929931640625,2125.110107421875,2.184209945888719,-1.1617352885808223,0.3022731413994169,-0.9325593839965602,1.8267206053546627,-1.7694353332968449,1.0489818723615594,1.0539132541797915,1.0225975933563076,1.1346368715083799,1.0499972223765346,0.9513588208198986,-11.531245489969692,74.18300653594771,-14.059356136820924,50.03773584905661,0.3122167775234642,0.1422934629613961,0.4839883102950787,0.7772938245217251,0.6097560975609843,-0.3039513677811593,1.65441176470588,-0.5484460694698432,2.165354330708664,-0.7812500000000111,0.0,0.1526717557251821,1933.0,0.0,-1.3389562467053242,-2.5880661394680087,-6.509841574651944,0.2869359738944526,-0.2749256578578241,-7.104138434274993
2005-05-15,16897.0,-2.879641338084838,2193.0,13.450594930160372,-1.3389562467053242,0.2869359738944526,1662.0,1608.0,2146.0,1635.0,2399.0,1486.0,1615.0,1652.0,1663.0,1429.0,1591.0,1623.0,1763.0,1.0,0.0,0.0,3.0,0.0,0.0,0.0,0.0,1.0,0.0,0.0,0.0,0.0,0.0,0.0,0.0,0.0,15.0,17.0,14.0,0.0,0.0,0.0,2193.0,2264.0,2200.0,2520.0,2516.0,2518.0,17398.0,18101.0,18279.0,18901.0,20654.0,18159.0,-3.883763327992928,-0.9737950653755676,-3.290831172953812,-8.487460056163455,13.739743377939314,-0.2252747252747252,4.48625330232629,-7.242171203716495,-3.1629264941607476,-16.200879224135043,20.6053486982674,-7.630762692468088,1100.0,1107.0,1103.0,1140.0,1137.0,1140.0,-6.739732218518728,9.875853507138425,-10.504971946003,-17.084292952556428,28.529986383281035,2.165366237222525,-0.6985328599182715,-1.0902225579193066,4.269804257426069,-18.391653953724894,15.06371400830504,-0.7446460980036256,,,,,,,2125.25,2150.22998046875,2143.75,2163.929931640625,2125.110107421875,2163.389892578125,-1.1617352885808223,0.3022731413994169,-0.9325593839965602,1.8267206053546627,-1.7694353332968449,3.2816935258469835,1.0539132541797915,1.0225975933563076,1.1346368715083799,1.0499972223765346,0.9513588208198986,1.075069563672962,74.18300653594771,-40.644583706356315,50.03773584905661,-30.39138429209351,0.1422934629613961,-0.0088444870005268,0.7772938245217251,0.4826122245114566,-0.3039513677811593,0.7656967840735069,-0.5484460694698432,-1.2635379061371763,-0.7812500000000111,-1.7274472168905923,0.1526717557251821,0.0,1933.0,0.0,-2.5880661394680087,-6.509841574651944,-6.637981264846937,-0.2749256578578241,-7.104138434274993,-9.797837329572168
2005-05-01,17398.0,-3.883763327992928,2193.0,13.450594930160372,-1.3389562467053242,0.2869359738944526,1662.0,1608.0,2146.0,1635.0,2399.0,1486.0,1615.0,1652.0,1663.0,1429.0,1591.0,1623.0,1763.0,1.0,0.0,0.0,3.0,0.0,0.0,0.0,0.0,1.0,0.0,0.0,0.0,0.0,0.0,0.0,0.0,0.0,15.0,17.0,14.0,0.0,0.0,0.0,2264.0,2200.0,2520.0,2516.0,2518.0,2514.0,18101.0,18279.0,18901.0,20654.0,18159.0,18200.0,-0.9737950653755676,-3.290831172953812,-8.487460056163455,13.739743377939314,-0.2252747252747252,-6.671452746013025,-7.242171203716495,-3.1629264941607476,-16.200879224135043,20.6053486982674,-7.630762692468088,-10.554970729692789,1107.0,1103.0,1140.0,1137.0,1140.0,1137.0,9.875853507138425,-10.504971946003,-17.084292952556428,28.529986383281035,2.165366237222525,-15.224079581581377,-1.0902225579193066,4.269804257426069,-18.391653953724894,15.06371400830504,-0.7446460980036256,-20.172947424251586,,,,,,,2150.22998046875,2143.75,2163.929931640625,2125.110107421875,2163.389892578125,2094.64990234375,0.3022731413994169,-0.9325593839965602,1.8267206053546627,-1.7694353332968449,3.2816935258469835,0.8920453235883887,1.0225975933563076,1.1346368715083799,1.0499972223765346,0.9513588208198986,1.075069563672962,1.1008286457388254,74.18300653594771,-40.644583706356315,50.03773584905661,-30.39138429209351,0.1422934629613961,-0.0088444870005268,0.7772938245217251,0.4826122245114566,-0.3039513677811593,0.7656967840735069,-0.5484460694698432,-1.2635379061371763,-0.7812500000000111,-1.7274472168905923,0.1526717557251821,0.0,1933.0,0.0,-2.5880661394680087,-6.509841574651944,-6.637981264846937,-0.2749256578578241,-7.104138434274993,-9.797837329572168
2005-04-15,18101.0,-0.9737950653755676,1933.0,0.0,-2.5880661394680087,-0.2749256578578241,1608.0,2146.0,1635.0,2399.0,1486.0,1615.0,1652.0,1663.0,1429.0,1591.0,1623.0,1763.0,1432.0,1.0,0.0,0.0,3.0,0.0,0.0,0.0,0.0,1.0,0.0,0.0,0.0,0.0,0.0,0.0,0.0,0.0,17.0,14.0,31.0,0.0,0.0,0.0,2200.0,2520.0,2516.0,2518.0,2514.0,2513.0,18279.0,18901.0,20654.0,18159.0,18200.0,19501.0,-3.290831172953812,-8.487460056163455,13.739743377939314,-0.2252747252747252,-6.671452746013025,5.983695652173913,-3.1629264941607476,-16.200879224135043,20.6053486982674,-7.630762692468088,-10.554970729692789,41.68845722824057,1103.0,1140.0,1137.0,1140.0,1137.0,1148.0,-10.504971946003,-17.084292952556428,28.529986383281035,2.165366237222525,-15.224079581581377,39.28010284245108,4.269804257426069,-18.391653953724894,15.06371400830504,-0.7446460980036256,-20.172947424251586,38.79648750720917,,,,,,,2143.75,2163.929931640625,2125.110107421875,2163.389892578125,2094.64990234375,2076.1298828125,-0.9325593839965602,1.8267206053546627,-1.7694353332968449,3.2816935258469835,0.8920453235883887,0.4835098664064566,1.1346368715083799,1.0499972223765346,0.9513588208198986,1.075069563672962,1.1008286457388254,0.9999487232078761,-40.644583706356315,36.13650213284583,-30.39138429209351,11.674977999413318,-0.0088444870005268,0.5490490238913656,0.4826122245114566,0.9841812255294466,0.7656967840735069,-0.7598784194528876,-1.2635379061371763,0.0,-1.7274472168905923,,0.0,,1933.0,0.0,-6.509841574651944,-6.637981264846937,-5.908400809716599,-7.104138434274993,-9.797837329572168,-9.81556073775705
2005-04-01,18279.0,-3.290831172953812,1933.0,0.0,-2.5880661394680087,-0.2749256578578241,1608.0,2146.0,1635.0,2399.0,1486.0,1615.0,1652.0,1663.0,1429.0,1591.0,1623.0,1763.0,1432.0,1.0,0.0,0.0,3.0,0.0,0.0,0.0,0.0,1.0,0.0,0.0,0.0,0.0,0.0,0.0,0.0,0.0,17.0,14.0,31.0,0.0,0.0,0.0,2520.0,2516.0,2518.0,2514.0,2513.0,2513.0,18901.0,20654.0,18159.0,18200.0,19501.0,18400.0,-8.487460056163455,13.739743377939314,-0.2252747252747252,-6.671452746013025,5.983695652173913,-8.535069841427648,-16.200879224135043,20.6053486982674,-7.630762692468088,-10.554970729692789,41.68845722824057,-0.90598654438779,1140.0,1137.0,1140.0,1137.0,1148.0,1139.0,-17.084292952556428,28.529986383281035,2.165366237222525,-15.224079581581377,39.28010284245108,-25.155013897797733,-18.391653953724894,15.06371400830504,-0.7446460980036256,-20.172947424251586,38.79648750720917,3.228346456692922,,,,,,,2163.929931640625,2125.110107421875,2163.389892578125,2094.64990234375,2076.1298828125,2066.139892578125,1.8267206053546627,-1.7694353332968449,3.2816935258469835,0.8920453235883887,0.4835098664064566,0.8468341403867852,1.0499972223765346,0.9513588208198986,1.075069563672962,1.1008286457388254,0.9999487232078761,1.3140979860019997,-40.644583706356315,36.13650213284583,-30.39138429209351,11.674977999413318,-0.0088444870005268,0.5490490238913656,0.4826122245114566,0.9841812255294466,0.7656967840735069,-0.7598784194528876,-1.2635379061371763,0.0,-1.7274472168905923,,0.0,,1933.0,0.0,-6.509841574651944,-6.637981264846937,-5.908400809716599,-7.104138434274993,-9.797837329572168,-9.81556073775705
2005-03-15,18901.0,-8.487460056163455,1933.0,0.0,-6.509841574651944,-7.104138434274993,2146.0,1635.0,2399.0,1486.0,1615.0,1652.0,1663.0,1429.0,1591.0,1623.0,1763.0,1432.0,2549.0,1.0,0.0,0.0,3.0,0.0,0.0,0.0,0.0,1.0,0.0,0.0,0.0,0.0,0.0,0.0,0.0,0.0,14.0,31.0,15.0,0.0,0.0,0.0,2516.0,2518.0,2514.0,2513.0,2513.0,2520.0,20654.0,18159.0,18200.0,19501.0,18400.0,20117.0,13.739743377939314,-0.2252747252747252,-6.671452746013025,5.983695652173913,-8.535069841427648,-10.44384098294974,20.6053486982674,-7.630762692468088,-10.554970729692789,41.68845722824057,-0.90598654438779,-15.973945409429277,1137.0,1140.0,1137.0,1148.0,1139.0,1139.0,28.529986383281035,2.165366237222525,-15.224079581581377,39.28010284245108,-25.155013897797733,-12.177260351140738,15.06371400830504,-0.7446460980036256,-20.172947424251586,38.79648750720917,3.228346456692922,-9.097000522269076,,,,,,,2125.110107421875,2163.389892578125,2094.64990234375,2076.1298828125,2066.139892578125,2048.7900390625,-1.7694353332968449,3.2816935258469835,0.8920453235883887,0.4835098664064566,0.8468341403867852,0.4880262016143165,0.9513588208198986,1.075069563672962,1.1008286457388254,0.9999487232078761,1.3140979860019997,1.075315373102416,36.13650213284583,-8.917668825161886,11.674977999413318,3.1779661016949152,0.5490490238913656,-0.0795873819228466,0.9841812255294466,0.7565843804393398,-0.7598784194528876,-0.1517450682852936,0.0,-1.2477718360071353,,,,,1933.0,0.0,-6.637981264846937,-5.908400809716599,-5.072260698987149,-9.797837329572168,-9.81556073775705,-7.687189322478375
2005-03-01,20654.0,13.739743377939314,1933.0,0.0,-6.509841574651944,-7.104138434274993,2146.0,1635.0,2399.0,1486.0,1615.0,1652.0,1663.0,1429.0,1591.0,1623.0,1763.0,1432.0,2549.0,1.0,0.0,0.0,3.0,0.0,0.0,0.0,0.0,1.0,0.0,0.0,0.0,0.0,0.0,0.0,0.0,0.0,14.0,31.0,15.0,0.0,0.0,0.0,2518.0,2514.0,2513.0,2513.0,2520.0,2520.0,18159.0,18200.0,19501.0,18400.0,20117.0,22463.0,-0.2252747252747252,-6.671452746013025,5.983695652173913,-8.535069841427648,-10.44384098294974,2.099904549793191,-7.630762692468088,-10.554970729692789,41.68845722824057,-0.90598654438779,-15.973945409429277,3.9199938456804313,1140.0,1137.0,1148.0,1139.0,1139.0,1143.0,2.165366237222525,-15.224079581581377,39.28010284245108,-25.155013897797733,-12.177260351140738,4.9359605911330044,-0.7446460980036256,-20.172947424251586,38.79648750720917,3.228346456692922,-9.097000522269076,5.176502258484656,,,,,,,2163.389892578125,2094.64990234375,2076.1298828125,2066.139892578125,2048.7900390625,2038.8399658203125,3.2816935258469835,0.8920453235883887,0.4835098664064566,0.8468341403867852,0.4880262016143165,0.0186417633946429,1.075069563672962,1.1008286457388254,0.9999487232078761,1.3140979860019997,1.075315373102416,1.0545019247019058,36.13650213284583,-8.917668825161886,11.674977999413318,3.1779661016949152,0.5490490238913656,-0.0795873819228466,0.9841812255294466,0.7565843804393398,-0.7598784194528876,-0.1517450682852936,0.0,-1.2477718360071353,,,,,1933.0,0.0,-6.637981264846937,-5.908400809716599,-5.072260698987149,-9.797837329572168,-9.81556073775705,-7.687189322478375
2005-02-15,18159.0,-0.2252747252747252,1933.0,0.0,-6.637981264846937,-9.797837329572168,1635.0,2399.0,1486.0,1615.0,1652.0,1663.0,1429.0,1591.0,1623.0,1763.0,1432.0,2549.0,1111.0,1.0,0.0,0.0,3.0,0.0,0.0,0.0,0.0,1.0,0.0,0.0,0.0,0.0,0.0,0.0,0.0,0.0,31.0,15.0,20.0,0.0,0.0,0.0,2514.0,2513.0,2513.0,2520.0,2520.0,2514.0,18200.0,19501.0,18400.0,20117.0,22463.0,22001.0,-6.671452746013025,5.983695652173913,-8.535069841427648,-10.44384098294974,2.099904549793191,-2.2003911806543384,-10.554970729692789,41.68845722824057,-0.90598654438779,-15.973945409429277,3.9199938456804313,-0.6420545746388397,1137.0,1148.0,1139.0,1139.0,1143.0,1137.0,-15.224079581581377,39.28010284245108,-25.155013897797733,-12.177260351140738,4.9359605911330044,-4.699309891554387,-20.172947424251586,38.79648750720917,3.228346456692922,-9.097000522269076,5.176502258484656,0.2267573696145061,,,,,,,2094.64990234375,2076.1298828125,2066.139892578125,2048.7900390625,2038.8399658203125,2038.4599609375,0.8920453235883887,0.4835098664064566,0.8468341403867852,0.4880262016143165,0.0186417633946429,3.0154751488071003,1.1008286457388254,0.9999487232078761,1.3140979860019997,1.075315373102416,1.0545019247019058,1.083793103448276,-8.917668825161886,0.2039302929180571,3.1779661016949152,5.122494432071269,-0.0795873819228466,0.168343653250774,0.7565843804393398,0.7307584018019402,-0.1517450682852936,-0.1515151515151429,-1.2477718360071353,-0.7079646017699089,,,,,1933.0,0.0,-5.908400809716599,-5.072260698987149,-5.069737392163569,-9.81556073775705,-7.687189322478375,-6.114724580163893
2005-02-01,18200.0,-6.671452746013025,1933.0,0.0,-6.637981264846937,-9.797837329572168,1635.0,2399.0,1486.0,1615.0,1652.0,1663.0,1429.0,1591.0,1623.0,1763.0,1432.0,2549.0,1111.0,1.0,0.0,0.0,3.0,0.0,0.0,0.0,0.0,1.0,0.0,0.0,0.0,0.0,0.0,0.0,0.0,0.0,31.0,15.0,20.0,0.0,0.0,0.0,2513.0,2513.0,2520.0,2520.0,2514.0,2514.0,19501.0,18400.0,20117.0,22463.0,22001.0,22496.0,5.983695652173913,-8.535069841427648,-10.44384098294974,2.099904549793191,-2.2003911806543384,-5.415405314497141,41.68845722824057,-0.90598654438779,-15.973945409429277,3.9199938456804313,-0.6420545746388397,-18.101470137793417,1148.0,1139.0,1139.0,1143.0,1137.0,1137.0,39.28010284245108,-25.155013897797733,-12.177260351140738,4.9359605911330044,-4.699309891554387,-7.407085416213867,38.79648750720917,3.228346456692922,-9.097000522269076,5.176502258484656,0.2267573696145061,-7.740585774058573,,,,,,,2076.1298828125,2066.139892578125,2048.7900390625,2038.8399658203125,2038.4599609375,1978.7900390625,0.4835098664064566,0.8468341403867852,0.4880262016143165,0.0186417633946429,3.0154751488071003,0.8280085846178497,0.9999487232078761,1.3140979860019997,1.075315373102416,1.0545019247019058,1.083793103448276,1.0561006525515233,-8.917668825161886,0.2039302929180571,3.1779661016949152,5.122494432071269,-0.0795873819228466,0.168343653250774,0.7565843804393398,0.7307584018019402,-0.1517450682852936,-0.1515151515151429,-1.2477718360071353,-0.7079646017699089,,,,,1933.0,0.0,-5.908400809716599,-5.072260698987149,-5.069737392163569,-9.81556073775705,-7.687189322478375,-6.114724580163893
2005-01-15,19501.0,5.983695652173913,1933.0,0.0,-5.908400809716599,-9.81556073775705,2399.0,1486.0,1615.0,1652.0,1663.0,1429.0,1591.0,1623.0,1763.0,1432.0,2549.0,1111.0,1935.0,1.0,0.0,0.0,3.0,0.0,0.0,0.0,0.0,1.0,0.0,0.0,0.0,0.0,0.0,0.0,0.0,0.0,15.0,20.0,19.0,0.0,0.0,0.0,2513.0,2520.0,2520.0,2514.0,2514.0,2515.0,18400.0,20117.0,22463.0,22001.0,22496.0,23784.0,-8.535069841427648,-10.44384098294974,2.099904549793191,-2.2003911806543384,-5.415405314497141,3.4041998173992436,-0.90598654438779,-15.973945409429277,3.9199938456804313,-0.6420545746388397,-18.101470137793417,22.8945067521465,1139.0,1139.0,1143.0,1137.0,1137.0,1137.0,-25.155013897797733,-12.177260351140738,4.9359605911330044,-4.699309891554387,-7.407085416213867,0.0173905482370331,3.228346456692922,-9.097000522269076,5.176502258484656,0.2267573696145061,-7.740585774058573,-4.047195364615752,,,,,,,2066.139892578125,2048.7900390625,2038.8399658203125,2038.4599609375,1978.7900390625,1962.5400390625,0.8468341403867852,0.4880262016143165,0.0186417633946429,3.0154751488071003,0.8280085846178497,-0.9388521481778336,1.3140979860019997,1.075315373102416,1.0545019247019058,1.083793103448276,1.0561006525515233,1.0338622038687242,0.2039302929180571,16.87973997833153,5.122494432071269,5.117056856187291,0.168343653250774,0.2047527455481789,0.7307584018019402,0.5908932916232186,-0.1515151515151429,0.0,-0.7079646017699089,-0.5281690140845021,,,,,1933.0,0.0,-5.072260698987149,-5.069737392163569,-3.742317822651449,-7.687189322478375,-6.114724580163893,-4.0004233252196
2005-01-01,18400.0,-8.535069841427648,1933.0,0.0,-5.908400809716599,-9.81556073775705,2399.0,1486.0,1615.0,1652.0,1663.0,1429.0,1591.0,1623.0,1763.0,1432.0,2549.0,1111.0,1935.0,1.0,0.0,0.0,3.0,0.0,0.0,0.0,0.0,1.0,0.0,0.0,0.0,0.0,0.0,0.0,0.0,0.0,15.0,20.0,19.0,0.0,0.0,0.0,2520.0,2520.0,2514.0,2514.0,2515.0,2523.0,20117.0,22463.0,22001.0,22496.0,23784.0,23001.0,-10.44384098294974,2.099904549793191,-2.2003911806543384,-5.415405314497141,3.4041998173992436,-4.911323328785812,-15.973945409429277,3.9199938456804313,-0.6420545746388397,-18.101470137793417,22.8945067521465,12.2790552691345,1139.0,1143.0,1137.0,1137.0,1137.0,1145.0,-12.177260351140738,4.9359605911330044,-4.699309891554387,-7.407085416213867,0.0173905482370331,-11.876939580858972,-9.097000522269076,5.176502258484656,0.2267573696145061,-7.740585774058573,-4.047195364615752,8.738652670176107,,,,,,,2048.7900390625,2038.8399658203125,2038.4599609375,1978.7900390625,1962.5400390625,1981.1400146484375,0.4880262016143165,0.0186417633946429,3.0154751488071003,0.8280085846178497,-0.9388521481778336,-1.1402240379087472,1.075315373102416,1.0545019247019058,1.083793103448276,1.0561006525515233,1.0338622038687242,1.0,0.2039302929180571,16.87973997833153,5.122494432071269,5.117056856187291,0.168343653250774,0.2047527455481789,0.7307584018019402,0.5908932916232186,-0.1515151515151429,0.0,-0.7079646017699089,-0.5281690140845021,,,,,1933.0,0.0,-5.072260698987149,-5.069737392163569,-3.742317822651449,-7.687189322478375,-6.114724580163893,-4.0004233252196
2004-12-15,20117.0,-10.44384098294974,1933.0,0.0,-5.072260698987149,-7.687189322478375,1486.0,1615.0,1652.0,1663.0,1429.0,1591.0,1623.0,1763.0,1432.0,2549.0,1111.0,1935.0,1421.0,1.0,0.0,0.0,3.0,0.0,0.0,0.0,0.0,1.0,0.0,0.0,0.0,0.0,0.0,0.0,0.0,0.0,20.0,19.0,14.0,0.0,0.0,0.0,2520.0,2514.0,2514.0,2515.0,2523.0,1939.0,22463.0,22001.0,22496.0,23784.0,23001.0,24189.0,2.099904549793191,-2.2003911806543384,-5.415405314497141,3.4041998173992436,-4.911323328785812,-9.745905003544644,3.9199938456804313,-0.6420545746388397,-18.101470137793417,22.8945067521465,12.2790552691345,-19.227143241781494,1143.0,1137.0,1137.0,1137.0,1145.0,934.0,4.9359605911330044,-4.699309891554387,-7.407085416213867,0.0173905482370331,-11.876939580858972,-6.108133386093026,5.176502258484656,0.2267573696145061,-7.740585774058573,-4.047195364615752,8.738652670176107,-7.001647446457991,,,,,,,2038.8399658203125,2038.4599609375,1978.7900390625,1962.5400390625,1981.1400146484375,2003.989990234375,0.0186417633946429,3.0154751488071003,0.8280085846178497,-0.9388521481778336,-1.1402240379087472,3.861662754724382,1.0545019247019058,1.083793103448276,1.0561006525515233,1.0338622038687242,1.0,0.926746101681928,16.87973997833153,6.189599631845375,5.117056856187291,1.8739352640545144,0.2047527455481789,0.0912136067412677,0.5908932916232186,0.5111019098390353,0.0,0.1517450682852721,-0.5281690140845021,-0.175746924428825,,,,,1933.0,0.0,-5.069737392163569,-3.742317822651449,-1.7432874447359907,-6.114724580163893,-4.0004233252196,-0.7596975213555525
2004-12-01,22463.0,2.099904549793191,1933.0,0.0,-5.072260698987149,-7.687189322478375,1486.0,1615.0,1652.0,1663.0,1429.0,1591.0,1623.0,1763.0,1432.0,2549.0,1111.0,1935.0,1421.0,1.0,0.0,0.0,3.0,0.0,0.0,0.0,0.0,1.0,0.0,0.0,0.0,0.0,0.0,0.0,0.0,0.0,20.0,19.0,14.0,0.0,0.0,0.0,2514.0,2514.0,2515.0,2523.0,1939.0,1936.0,22001.0,22496.0,23784.0,23001.0,24189.0,26801.0,-2.2003911806543384,-5.415405314497141,3.4041998173992436,-4.911323328785812,-9.745905003544644,3.891925417684227,-0.6420545746388397,-18.101470137793417,22.8945067521465,12.2790552691345,-19.227143241781494,17.600128566520258,1137.0,1137.0,1137.0,1145.0,934.0,934.0,-4.699309891554387,-7.407085416213867,0.0173905482370331,-11.876939580858972,-6.108133386093026,5.6956009277213795,0.2267573696145061,-7.740585774058573,-4.047195364615752,8.738652670176107,-7.001647446457991,15.821294648691577,,,,,,,2038.4599609375,1978.7900390625,1962.5400390625,1981.1400146484375,2003.989990234375,1929.47998046875,3.0154751488071003,0.8280085846178497,-0.9388521481778336,-1.1402240379087472,3.861662754724382,3.0220823244615183,1.083793103448276,1.0561006525515233,1.0338622038687242,1.0,0.926746101681928,0.9640994280369798,16.87973997833153,6.189599631845375,5.117056856187291,1.8739352640545144,0.2047527455481789,0.0912136067412677,0.5908932916232186,0.5111019098390353,0.0,0.1517450682852721,-0.5281690140845021,-0.175746924428825,,,,,1933.0,0.0,-5.069737392163569,-3.742317822651449,-1.7432874447359907,-6.114724580163893,-4.0004233252196,-0.7596975213555525
2004-11-15,22001.0,-2.2003911806543384,1933.0,0.0,-5.069737392163569,-6.114724580163893,1615.0,1652.0,1663.0,1429.0,1591.0,1623.0,1763.0,1432.0,2549.0,1111.0,1935.0,1421.0,1608.0,1.0,0.0,0.0,3.0,0.0,0.0,0.0,0.0,1.0,0.0,0.0,0.0,0.0,0.0,0.0,0.0,0.0,19.0,14.0,13.0,0.0,0.0,0.0,2514.0,2515.0,2523.0,1939.0,1936.0,1938.0,22496.0,23784.0,23001.0,24189.0,26801.0,25797.0,-5.415405314497141,3.4041998173992436,-4.911323328785812,-9.745905003544644,3.891925417684227,-1.9050878393794208,-18.101470137793417,22.8945067521465,12.2790552691345,-19.227143241781494,17.600128566520258,4.073793423638626,1137.0,1137.0,1145.0,934.0,934.0,949.0,-7.407085416213867,0.0173905482370331,-11.876939580858972,-6.108133386093026,5.6956009277213795,-2.898176179576165,-7.740585774058573,-4.047195364615752,8.738652670176107,-7.001647446457991,15.821294648691577,-3.662110079824476,,,,,,,1978.7900390625,1962.5400390625,1981.1400146484375,2003.989990234375,1929.47998046875,1872.8800048828125,0.8280085846178497,-0.9388521481778336,-1.1402240379087472,3.861662754724382,3.0220823244615183,-0.9953933976937822,1.0561006525515233,1.0338622038687242,1.0,0.926746101681928,0.9640994280369798,0.9808372305235542,6.189599631845375,-14.934429438246234,1.8739352640545144,-6.259980836793357,0.0912136067412677,0.0442678906350112,0.5111019098390353,0.5634279319722579,0.1517450682852721,0.0,-0.175746924428825,-0.5244755244755319,,,,,1933.0,0.0,-3.742317822651449,-1.7432874447359907,0.3209288908120583,-4.0004233252196,-0.7596975213555525,-0.0175014876264482
2004-11-01,22496.0,-5.415405314497141,1933.0,0.0,-5.069737392163569,-6.114724580163893,1615.0,1652.0,1663.0,1429.0,1591.0,1623.0,1763.0,1432.0,2549.0,1111.0,1935.0,1421.0,1608.0,1.0,0.0,0.0,3.0,0.0,0.0,0.0,0.0,1.0,0.0,0.0,0.0,0.0,0.0,0.0,0.0,0.0,19.0,14.0,13.0,0.0,0.0,0.0,2515.0,2523.0,1939.0,1936.0,1938.0,1934.0,23784.0,23001.0,24189.0,26801.0,25797.0,26298.0,3.4041998173992436,-4.911323328785812,-9.745905003544644,3.891925417684227,-1.9050878393794208,-2.6684925422850587,22.8945067521465,12.2790552691345,-19.227143241781494,17.600128566520258,4.073793423638626,1.8959553084487637,1137.0,1145.0,934.0,934.0,949.0,940.0,0.0173905482370331,-11.876939580858972,-6.108133386093026,5.6956009277213795,-2.898176179576165,0.3148031554386874,-4.047195364615752,8.738652670176107,-7.001647446457991,15.821294648691577,-3.662110079824476,-1.9258490457244883,,,,,,,1962.5400390625,1981.1400146484375,2003.989990234375,1929.47998046875,1872.8800048828125,1891.7099609375,-0.9388521481778336,-1.1402240379087472,3.861662754724382,3.0220823244615183,-0.9953933976937822,1.2931258747274017,1.0338622038687242,1.0,0.926746101681928,0.9640994280369798,0.9808372305235542,0.9709074798789042,6.189599631845375,-14.934429438246234,1.8739352640545144,-6.259980836793357,0.0912136067412677,0.0442678906350112,0.5111019098390353,0.5634279319722579,0.1517450682852721,0.0,-0.175746924428825,-0.5244755244755319,,,,,1933.0,0.0,-3.742317822651449,-1.7432874447359907,0.3209288908120583,-4.0004233252196,-0.7596975213555525,-0.0175014876264482
2004-10-15,23784.0,3.4041998173992436,1933.0,0.0,-3.742317822651449,-4.0004233252196,1652.0,1663.0,1429.0,1591.0,1623.0,1763.0,1432.0,2549.0,1111.0,1935.0,1421.0,1608.0,1787.0,1.0,0.0,0.0,3.0,0.0,0.0,0.0,0.0,1.0,0.0,0.0,0.0,0.0,0.0,0.0,0.0,0.0,14.0,13.0,0.0,0.0,0.0,0.0,2523.0,1939.0,1936.0,1938.0,1934.0,1933.0,23001.0,24189.0,26801.0,25797.0,26298.0,27019.0,-4.911323328785812,-9.745905003544644,3.891925417684227,-1.9050878393794208,-2.6684925422850587,-2.700853469696424,12.2790552691345,-19.227143241781494,17.600128566520258,4.073793423638626,1.8959553084487637,-3.661299214520916,1145.0,934.0,934.0,949.0,940.0,932.0,-11.876939580858972,-6.108133386093026,5.6956009277213795,-2.898176179576165,0.3148031554386874,-6.860986547085202,8.738652670176107,-7.001647446457991,15.821294648691577,-3.662110079824476,-1.9258490457244883,-3.249380769259385,,,,,,,1981.1400146484375,2003.989990234375,1929.47998046875,1872.8800048828125,1891.7099609375,1867.56005859375,-1.1402240379087472,3.861662754724382,3.0220823244615183,-0.9953933976937822,1.2931258747274017,1.267772354210548,1.0,0.926746101681928,0.9640994280369798,0.9808372305235542,0.9709074798789042,1.0006666419762231,-14.934429438246234,19.007686932215233,-6.259980836793357,-9.14103308183401,0.0442678906350112,0.2159801998692444,0.5634279319722579,0.6548702701994735,0.0,0.7645259938837919,-0.5244755244755319,0.7042253521126861,,,,,1933.0,31.49659863945578,-1.7432874447359907,0.3209288908120583,4.779536781652624,-0.7596975213555525,-0.0175014876264482,6.157104637336505
2004-10-01,23001.0,-4.911323328785812,1933.0,0.0,-3.742317822651449,-4.0004233252196,1652.0,1663.0,1429.0,1591.0,1623.0,1763.0,1432.0,2549.0,1111.0,1935.0,1421.0,1608.0,1787.0,1.0,0.0,0.0,3.0,0.0,0.0,0.0,0.0,1.0,0.0,0.0,0.0,0.0,0.0,0.0,0.0,0.0,14.0,13.0,0.0,0.0,0.0,0.0,1939.0,1936.0,1938.0,1934.0,1933.0,1941.0,24189.0,26801.0,25797.0,26298.0,27019.0,27769.0,-9.745905003544644,3.891925417684227,-1.9050878393794208,-2.6684925422850587,-2.700853469696424,-1.9836927746990929,-19.227143241781494,17.600128566520258,4.073793423638626,1.8959553084487637,-3.661299214520916,-4.587771939459955,934.0,934.0,949.0,940.0,932.0,940.0,-6.108133386093026,5.6956009277213795,-2.898176179576165,0.3148031554386874,-6.860986547085202,-4.638157894736842,-7.001647446457991,15.821294648691577,-3.662110079824476,-1.9258490457244883,-3.249380769259385,-5.9836710432000535,,,,,,,2003.989990234375,1929.47998046875,1872.8800048828125,1891.7099609375,1867.56005859375,1844.1800537109375,3.861662754724382,3.0220823244615183,-0.9953933976937822,1.2931258747274017,1.267772354210548,1.3007445048578687,0.926746101681928,0.9640994280369798,0.9808372305235542,0.9709074798789042,1.0006666419762231,0.9578820282856157,-14.934429438246234,19.007686932215233,-6.259980836793357,-9.14103308183401,0.0442678906350112,0.2159801998692444,0.5634279319722579,0.6548702701994735,0.0,0.7645259938837919,-0.5244755244755319,0.7042253521126861,,,,,1933.0,31.49659863945578,-1.7432874447359907,0.3209288908120583,4.779536781652624,-0.7596975213555525,-0.0175014876264482,6.157104637336505
2004-09-15,24189.0,-9.745905003544644,1933.0,0.0,-1.7432874447359907,-0.7596975213555525,1663.0,1429.0,1591.0,1623.0,1763.0,1432.0,2549.0,1111.0,1935.0,1421.0,1608.0,1787.0,1956.0,1.0,0.0,0.0,3.0,0.0,0.0,0.0,0.0,1.0,0.0,0.0,0.0,0.0,0.0,0.0,0.0,0.0,13.0,0.0,0.0,0.0,0.0,0.0,1936.0,1938.0,1934.0,1933.0,1941.0,1944.0,26801.0,25797.0,26298.0,27019.0,27769.0,28331.0,3.891925417684227,-1.9050878393794208,-2.6684925422850587,-2.700853469696424,-1.9836927746990929,-1.6216403916938675,17.600128566520258,4.073793423638626,1.8959553084487637,-3.661299214520916,-4.587771939459955,-15.864862740117864,934.0,949.0,940.0,932.0,940.0,932.0,5.6956009277213795,-2.898176179576165,0.3148031554386874,-6.860986547085202,-4.638157894736842,0.33003300330033,15.821294648691577,-3.662110079824476,-1.9258490457244883,-3.249380769259385,-5.9836710432000535,-10.951312230197852,,,,,,,1929.47998046875,1872.8800048828125,1891.7099609375,1867.56005859375,1844.1800537109375,1820.5,3.0220823244615183,-0.9953933976937822,1.2931258747274017,1.267772354210548,1.3007445048578687,1.5921042072864935,0.9640994280369798,0.9808372305235542,0.9709074798789042,1.0006666419762231,0.9578820282856157,0.9319407894736842,19.007686932215233,-1.2876523338698551,-9.14103308183401,11.125443405353112,0.2159801998692444,-0.1647292845154472,0.6548702701994735,0.7960606220626286,0.7645259938837919,-0.7587253414264036,0.7042253521126861,-0.175746924428825,,,,,1933.0,31.49659863945578,0.3209288908120583,4.779536781652624,4.0165061898211825,-0.0175014876264482,6.157104637336505,6.0278937829958235
2004-09-01,26801.0,3.891925417684227,1933.0,0.0,-1.7432874447359907,-0.7596975213555525,1663.0,1429.0,1591.0,1623.0,1763.0,1432.0,2549.0,1111.0,1935.0,1421.0,1608.0,1787.0,1956.0,1.0,0.0,0.0,3.0,0.0,0.0,0.0,0.0,1.0,0.0,0.0,0.0,0.0,0.0,0.0,0.0,0.0,13.0,0.0,0.0,0.0,0.0,0.0,1938.0,1934.0,1933.0,1941.0,1944.0,1934.0,25797.0,26298.0,27019.0,27769.0,28331.0,28798.0,-1.9050878393794208,-2.6684925422850587,-2.700853469696424,-1.9836927746990929,-1.6216403916938675,4.716192138467692,4.073793423638626,1.8959553084487637,-3.661299214520916,-4.587771939459955,-15.864862740117864,21.672296703561,949.0,940.0,932.0,940.0,932.0,937.0,-2.898176179576165,0.3148031554386874,-6.860986547085202,-4.638157894736842,0.33003300330033,8.252947481243302,-3.662110079824476,-1.9258490457244883,-3.249380769259385,-5.9836710432000535,-10.951312230197852,16.31217784236699,,,,,,,1872.8800048828125,1891.7099609375,1867.56005859375,1844.1800537109375,1820.5,1791.969970703125,-0.9953933976937822,1.2931258747274017,1.267772354210548,1.3007445048578687,1.5921042072864935,2.1088805778710897,0.9808372305235542,0.9709074798789042,1.0006666419762231,0.9578820282856157,0.9319407894736842,0.9504290429042904,19.007686932215233,-1.2876523338698551,-9.14103308183401,11.125443405353112,0.2159801998692444,-0.1647292845154472,0.6548702701994735,0.7960606220626286,0.7645259938837919,-0.7587253414264036,0.7042253521126861,-0.175746924428825,,,,,1933.0,31.49659863945578,0.3209288908120583,4.779536781652624,4.0165061898211825,-0.0175014876264482,6.157104637336505,6.0278937829958235
2004-08-15,25797.0,-1.9050878393794208,1933.0,0.0,0.3209288908120583,-0.0175014876264482,1429.0,1591.0,1623.0,1763.0,1432.0,2549.0,1111.0,1935.0,1421.0,1608.0,1787.0,1956.0,2028.0,1.0,0.0,0.0,3.0,0.0,0.0,0.0,0.0,1.0,0.0,0.0,0.0,0.0,0.0,0.0,0.0,0.0,0.0,0.0,0.0,0.0,0.0,0.0,1934.0,1933.0,1941.0,1944.0,1934.0,1933.0,26298.0,27019.0,27769.0,28331.0,28798.0,27501.0,-2.6684925422850587,-2.700853469696424,-1.9836927746990929,-1.6216403916938675,4.716192138467692,-0.0218126295124877,1.8959553084487637,-3.661299214520916,-4.587771939459955,-15.864862740117864,21.672296703561,-12.37553560857942,940.0,932.0,940.0,932.0,937.0,932.0,0.3148031554386874,-6.860986547085202,-4.638157894736842,0.33003300330033,8.252947481243302,4.831460674157303,-1.9258490457244883,-3.249380769259385,-5.9836710432000535,-10.951312230197852,16.31217784236699,-1.2146426822594103,,,,,,,1891.7099609375,1867.56005859375,1844.1800537109375,1820.5,1791.969970703125,1754.9599609375,1.2931258747274017,1.267772354210548,1.3007445048578687,1.5921042072864935,2.1088805778710897,-4.726853904363909,0.9709074798789042,1.0006666419762231,0.9578820282856157,0.9319407894736842,0.9504290429042904,0.982529474812433,-1.2876523338698551,-0.9565019357777272,11.125443405353112,1.2736773350751145,-0.1647292845154472,-0.2089706161725422,0.7960606220626286,0.6223473854103707,-0.7587253414264036,0.1519756838905904,-0.175746924428825,1.24555160142348,,,,,1933.0,31.49659863945578,4.779536781652624,4.0165061898211825,4.411161263848995,6.157104637336505,6.0278937829958235,6.822103446824629
2004-08-01,26298.0,-2.6684925422850587,1933.0,0.0,0.3209288908120583,-0.0175014876264482,1429.0,1591.0,1623.0,1763.0,1432.0,2549.0,1111.0,1935.0,1421.0,1608.0,1787.0,1956.0,2028.0,1.0,0.0,0.0,3.0,0.0,0.0,0.0,0.0,1.0,0.0,0.0,0.0,0.0,0.0,0.0,0.0,0.0,0.0,0.0,0.0,0.0,0.0,0.0,1933.0,1941.0,1944.0,1934.0,1933.0,1943.0,27019.0,27769.0,28331.0,28798.0,27501.0,27507.0,-2.700853469696424,-1.9836927746990929,-1.6216403916938675,4.716192138467692,-0.0218126295124877,-0.2067914671310405,-3.661299214520916,-4.587771939459955,-15.864862740117864,21.672296703561,-12.37553560857942,-15.506887111067796,932.0,940.0,932.0,937.0,932.0,934.0,-6.860986547085202,-4.638157894736842,0.33003300330033,8.252947481243302,4.831460674157303,-4.717721790022125,-3.249380769259385,-5.9836710432000535,-10.951312230197852,16.31217784236699,-1.2146426822594103,-11.033321728513997,,,,,,,1867.56005859375,1844.1800537109375,1820.5,1791.969970703125,1754.9599609375,1842.030029296875,1.267772354210548,1.3007445048578687,1.5921042072864935,2.1088805778710897,-4.726853904363909,-0.1274127663342789,1.0006666419762231,0.9578820282856157,0.9319407894736842,0.9504290429042904,0.982529474812433,1.0302247191011236,-1.2876523338698551,-0.9565019357777272,11.125443405353112,1.2736773350751145,-0.1647292845154472,-0.2089706161725422,0.7960606220626286,0.6223473854103707,-0.7587253414264036,0.1519756838905904,-0.175746924428825,1.24555160142348,,,,,1933.0,31.49659863945578,4.779536781652624,4.0165061898211825,4.411161263848995,6.157104637336505,6.0278937829958235,6.822103446824629
2004-07-15,27019.0,-2.700853469696424,1933.0,31.49659863945578,4.779536781652624,6.157104637336505,1591.0,1623.0,1763.0,1432.0,2549.0,1111.0,1935.0,1421.0,1608.0,1787.0,1956.0,2028.0,2390.0,1.0,0.0,0.0,3.0,0.0,0.0,0.0,0.0,1.0,0.0,0.0,0.0,0.0,0.0,0.0,0.0,0.0,0.0,0.0,0.0,0.0,0.0,0.0,1941.0,1944.0,1934.0,1933.0,1943.0,1947.0,27769.0,28331.0,28798.0,27501.0,27507.0,27564.0,-1.9836927746990929,-1.6216403916938675,4.716192138467692,-0.0218126295124877,-0.2067914671310405,3.278504252688373,-4.587771939459955,-15.864862740117864,21.672296703561,-12.37553560857942,-15.506887111067796,-10.620910720022726,940.0,932.0,937.0,932.0,934.0,939.0,-4.638157894736842,0.33003300330033,8.252947481243302,4.831460674157303,-4.717721790022125,0.0749973215242312,-5.9836710432000535,-10.951312230197852,16.31217784236699,-1.2146426822594103,-11.033321728513997,0.840373920246135,,,,,,,1844.1800537109375,1820.5,1791.969970703125,1754.9599609375,1842.030029296875,1844.3800048828125,1.3007445048578687,1.5921042072864935,2.1088805778710897,-4.726853904363909,-0.1274127663342789,-1.4069571270675836,0.9578820282856157,0.9319407894736842,0.9504290429042904,0.982529474812433,1.0302247191011236,0.9836556990935693,-0.9565019357777272,-16.69512426484538,1.2736773350751145,-11.960897067280046,-0.2089706161725422,-0.2324663871396964,0.6223473854103707,0.6403700510023329,0.1519756838905904,0.7656967840735069,1.24555160142348,0.1782531194295925,,,,,1470.0,0.0,4.0165061898211825,4.411161263848995,0.6110147799521096,6.0278937829958235,6.822103446824629,3.1472477860739714
2004-07-01,27769.0,-1.9836927746990929,1933.0,31.49659863945578,4.779536781652624,6.157104637336505,1591.0,1623.0,1763.0,1432.0,2549.0,1111.0,1935.0,1421.0,1608.0,1787.0,1956.0,2028.0,2390.0,1.0,0.0,0.0,3.0,0.0,0.0,0.0,0.0,1.0,0.0,0.0,0.0,0.0,0.0,0.0,0.0,0.0,0.0,0.0,0.0,0.0,0.0,0.0,1944.0,1934.0,1933.0,1943.0,1947.0,1937.0,28331.0,28798.0,27501.0,27507.0,27564.0,26689.0,-1.6216403916938675,4.716192138467692,-0.0218126295124877,-0.2067914671310405,3.278504252688373,7.012830793905373,-15.864862740117864,21.672296703561,-12.37553560857942,-15.506887111067796,-10.620910720022726,28.378677677100395,932.0,937.0,932.0,934.0,939.0,949.0,0.33003300330033,8.252947481243302,4.831460674157303,-4.717721790022125,0.0749973215242312,11.744752174954106,-10.951312230197852,16.31217784236699,-1.2146426822594103,-11.033321728513997,0.840373920246135,14.197789696675796,,,,,,,1820.5,1791.969970703125,1754.9599609375,1842.030029296875,1844.3800048828125,1870.699951171875,1.5921042072864935,2.1088805778710897,-4.726853904363909,-0.1274127663342789,-1.4069571270675836,1.7663715121676522,0.9319407894736842,0.9504290429042904,0.982529474812433,1.0302247191011236,0.9836556990935693,0.9531445305524803,-0.9565019357777272,-16.69512426484538,1.2736773350751145,-11.960897067280046,-0.2089706161725422,-0.2324663871396964,0.6223473854103707,0.6403700510023329,0.1519756838905904,0.7656967840735069,1.24555160142348,0.1782531194295925,,,,,1470.0,0.0,4.0165061898211825,4.411161263848995,0.6110147799521096,6.0278937829958235,6.822103446824629,3.1472477860739714
2004-06-15,28331.0,-1.6216403916938675,1933.0,31.49659863945578,4.0165061898211825,6.0278937829958235,1623.0,1763.0,1432.0,2549.0,1111.0,1935.0,1421.0,1608.0,1787.0,1956.0,2028.0,2390.0,2351.0,1.0,0.0,0.0,3.0,0.0,0.0,0.0,0.0,1.0,0.0,0.0,0.0,0.0,0.0,0.0,0.0,0.0,0.0,0.0,0.0,0.0,0.0,0.0,1934.0,1933.0,1943.0,1947.0,1937.0,1919.0,28798.0,27501.0,27507.0,27564.0,26689.0,24940.0,4.716192138467692,-0.0218126295124877,-0.2067914671310405,3.278504252688373,7.012830793905373,1.3944790015042483,21.672296703561,-12.37553560857942,-15.506887111067796,-10.620910720022726,28.378677677100395,3.129050286094502,937.0,932.0,934.0,939.0,949.0,1160.0,8.252947481243302,4.831460674157303,-4.717721790022125,0.0749973215242312,11.744752174954106,-2.4942604770613643,16.31217784236699,-1.2146426822594103,-11.033321728513997,0.840373920246135,14.197789696675796,-4.436868801746889,,,,,,,1791.969970703125,1754.9599609375,1842.030029296875,1844.3800048828125,1870.699951171875,1838.22998046875,2.1088805778710897,-4.726853904363909,-0.1274127663342789,-1.4069571270675836,1.7663715121676522,-2.8280991765401575,0.9504290429042904,0.982529474812433,1.0302247191011236,0.9836556990935693,0.9531445305524803,0.9952909250538751,-16.69512426484538,2.7685708715149153,-11.960897067280046,14.671941971645236,-0.2324663871396964,-0.4117857789453815,0.6403700510023329,0.6722655145960351,0.7656967840735069,-0.7598784194528876,0.1782531194295925,-1.2323943661971757,,,,,1470.0,0.0,4.411161263848995,0.6110147799521096,-2.8009630818619584,6.822103446824629,3.1472477860739714,-4.1404852066081315
2004-06-01,28798.0,4.716192138467692,1933.0,31.49659863945578,4.0165061898211825,6.0278937829958235,1623.0,1763.0,1432.0,2549.0,1111.0,1935.0,1421.0,1608.0,1787.0,1956.0,2028.0,2390.0,2351.0,1.0,0.0,0.0,3.0,0.0,0.0,0.0,0.0,1.0,0.0,0.0,0.0,0.0,0.0,0.0,0.0,0.0,0.0,0.0,0.0,0.0,0.0,0.0,1933.0,1943.0,1947.0,1937.0,1919.0,1923.0,27501.0,27507.0,27564.0,26689.0,24940.0,24597.0,-0.0218126295124877,-0.2067914671310405,3.278504252688373,7.012830793905373,1.3944790015042483,0.852843495018246,-12.37553560857942,-15.506887111067796,-10.620910720022726,28.378677677100395,3.129050286094502,0.3015258731896202,932.0,934.0,939.0,949.0,1160.0,1163.0,4.831460674157303,-4.717721790022125,0.0749973215242312,11.744752174954106,-2.4942604770613643,16.80832689423208,-1.2146426822594103,-11.033321728513997,0.840373920246135,14.197789696675796,-4.436868801746889,7.884364290211231,,,,,,,1754.9599609375,1842.030029296875,1844.3800048828125,1870.699951171875,1838.22998046875,1891.72998046875,-4.726853904363909,-0.1274127663342789,-1.4069571270675836,1.7663715121676522,-2.8280991765401575,1.483851731784653,0.982529474812433,1.0302247191011236,0.9836556990935693,0.9531445305524803,0.9952909250538751,0.9571189540449044,-16.69512426484538,2.7685708715149153,-11.960897067280046,14.671941971645236,-0.2324663871396964,-0.4117857789453815,0.6403700510023329,0.6722655145960351,0.7656967840735069,-0.7598784194528876,0.1782531194295925,-1.2323943661971757,,,,,1470.0,0.0,4.411161263848995,0.6110147799521096,-2.8009630818619584,6.822103446824629,3.1472477860739714,-4.1404852066081315
2004-05-15,27501.0,-0.0218126295124877,1933.0,31.49659863945578,4.411161263848995,6.822103446824629,1763.0,1432.0,2549.0,1111.0,1935.0,1421.0,1608.0,1787.0,1956.0,2028.0,2390.0,2351.0,1935.0,1.0,0.0,0.0,3.0,0.0,0.0,0.0,0.0,1.0,0.0,0.0,0.0,0.0,0.0,0.0,0.0,0.0,0.0,0.0,20.0,0.0,0.0,0.0,1943.0,1947.0,1937.0,1919.0,1923.0,1925.0,27507.0,27564.0,26689.0,24940.0,24597.0,24389.0,-0.2067914671310405,3.278504252688373,7.012830793905373,1.3944790015042483,0.852843495018246,-0.4083466045979828,-15.506887111067796,-10.620910720022726,28.378677677100395,3.129050286094502,0.3015258731896202,-6.572784490592711,934.0,939.0,949.0,1160.0,1163.0,1162.0,-4.717721790022125,0.0749973215242312,11.744752174954106,-2.4942604770613643,16.80832689423208,-6.410583631104306,-11.033321728513997,0.840373920246135,14.197789696675796,-4.436868801746889,7.884364290211231,-5.240812056133046,,,,,,,1842.030029296875,1844.3800048828125,1870.699951171875,1838.22998046875,1891.72998046875,1864.0699462890625,-0.1274127663342789,-1.4069571270675836,1.7663715121676522,-2.8280991765401575,1.483851731784653,0.8499405452402676,1.0302247191011236,0.9836556990935693,0.9531445305524803,0.9952909250538751,0.9571189540449044,1.1085405208854142,2.7685708715149153,3.741909385113269,14.671941971645236,-13.46647646219686,-0.4117857789453815,-0.137714024134575,0.6722655145960351,0.6945526741971988,-0.7598784194528876,1.0752688172043054,-1.2323943661971757,0.3533568904593564,,,,,1470.0,0.0,0.6110147799521096,-2.8009630818619584,-5.923213409339726,3.1472477860739714,-4.1404852066081315,-6.4213395638629285
2004-05-01,27507.0,-0.2067914671310405,1933.0,31.49659863945578,4.411161263848995,6.822103446824629,1763.0,1432.0,2549.0,1111.0,1935.0,1421.0,1608.0,1787.0,1956.0,2028.0,2390.0,2351.0,1935.0,1.0,0.0,0.0,3.0,0.0,0.0,0.0,0.0,1.0,0.0,0.0,0.0,0.0,0.0,0.0,0.0,0.0,0.0,0.0,20.0,0.0,0.0,0.0,1947.0,1937.0,1919.0,1923.0,1925.0,1917.0,27564.0,26689.0,24940.0,24597.0,24389.0,24489.0,3.278504252688373,7.012830793905373,1.3944790015042483,0.852843495018246,-0.4083466045979828,2.0332486146410567,-10.620910720022726,28.378677677100395,3.129050286094502,0.3015258731896202,-6.572784490592711,2.9799364769429793,939.0,949.0,1160.0,1163.0,1162.0,1156.0,0.0749973215242312,11.744752174954106,-2.4942604770613643,16.80832689423208,-6.410583631104306,6.84483228797382,0.840373920246135,14.197789696675796,-4.436868801746889,7.884364290211231,-5.240812056133046,0.7561543610872887,,,,,,,1844.3800048828125,1870.699951171875,1838.22998046875,1891.72998046875,1864.0699462890625,1848.3599853515625,-1.4069571270675836,1.7663715121676522,-2.8280991765401575,1.483851731784653,0.8499405452402676,1.0043828391010297,0.9836556990935693,0.9531445305524803,0.9952909250538751,0.9571189540449044,1.1085405208854142,1.0417304747320062,2.7685708715149153,3.741909385113269,14.671941971645236,-13.46647646219686,-0.4117857789453815,-0.137714024134575,0.6722655145960351,0.6945526741971988,-0.7598784194528876,1.0752688172043054,-1.2323943661971757,0.3533568904593564,,,,,1470.0,0.0,0.6110147799521096,-2.8009630818619584,-5.923213409339726,3.1472477860739714,-4.1404852066081315,-6.4213395638629285
2004-04-15,27564.0,3.278504252688373,1470.0,0.0,0.6110147799521096,3.1472477860739714,1432.0,2549.0,1111.0,1935.0,1421.0,1608.0,1787.0,1956.0,2028.0,2390.0,2351.0,1935.0,1778.0,1.0,0.0,0.0,3.0,0.0,0.0,0.0,0.0,1.0,0.0,0.0,0.0,0.0,0.0,0.0,0.0,0.0,0.0,20.0,22.0,0.0,0.0,0.0,1937.0,1919.0,1923.0,1925.0,1917.0,1912.0,26689.0,24940.0,24597.0,24389.0,24489.0,24001.0,7.012830793905373,1.3944790015042483,0.852843495018246,-0.4083466045979828,2.0332486146410567,0.8403008276963152,28.378677677100395,3.129050286094502,0.3015258731896202,-6.572784490592711,2.9799364769429793,3.0042136468317344,949.0,1160.0,1163.0,1162.0,1156.0,1160.0,11.744752174954106,-2.4942604770613643,16.80832689423208,-6.410583631104306,6.84483228797382,-9.430700201704196,14.197789696675796,-4.436868801746889,7.884364290211231,-5.240812056133046,0.7561543610872887,-3.3331816941133607,,,,,,,1870.699951171875,1838.22998046875,1891.72998046875,1864.0699462890625,1848.3599853515625,1829.97998046875,1.7663715121676522,-2.8280991765401575,1.483851731784653,0.8499405452402676,1.0043828391010297,3.709788509789174,0.9531445305524803,0.9952909250538751,0.9571189540449044,1.1085405208854142,1.0417304747320062,1.0908553767839286,3.741909385113269,13.290559120073327,-13.46647646219686,2.876430877604931,-0.137714024134575,0.1571945398014263,0.6945526741971988,1.1334745036765963,1.0752688172043054,0.3081664098613075,0.3533568904593564,1.6157989228007157,,,,,1470.0,0.0,-2.8009630818619584,-5.923213409339726,-4.209308212490508,-4.1404852066081315,-6.4213395638629285,-7.023895727733527
2004-04-01,26689.0,7.012830793905373,1470.0,0.0,0.6110147799521096,3.1472477860739714,1432.0,2549.0,1111.0,1935.0,1421.0,1608.0,1787.0,1956.0,2028.0,2390.0,2351.0,1935.0,1778.0,1.0,0.0,0.0,3.0,0.0,0.0,0.0,0.0,1.0,0.0,0.0,0.0,0.0,0.0,0.0,0.0,0.0,0.0,20.0,22.0,0.0,0.0,0.0,1919.0,1923.0,1925.0,1917.0,1912.0,1919.0,24940.0,24597.0,24389.0,24489.0,24001.0,23801.0,1.3944790015042483,0.852843495018246,-0.4083466045979828,2.0332486146410567,0.8403008276963152,-1.8555935837697417,3.129050286094502,0.3015258731896202,-6.572784490592711,2.9799364769429793,3.0042136468317344,6.833907074918017,1160.0,1163.0,1162.0,1156.0,1160.0,1158.0,-2.4942604770613643,16.80832689423208,-6.410583631104306,6.84483228797382,-9.430700201704196,8.961650594303656,-4.436868801746889,7.884364290211231,-5.240812056133046,0.7561543610872887,-3.3331816941133607,16.8634511639693,,,,,,,1838.22998046875,1891.72998046875,1864.0699462890625,1848.3599853515625,1829.97998046875,1764.52001953125,-2.8280991765401575,1.483851731784653,0.8499405452402676,1.0043828391010297,3.709788509789174,1.2247787104932204,0.9952909250538751,0.9571189540449044,1.1085405208854142,1.0417304747320062,1.0908553767839286,0.9797472522948998,3.741909385113269,13.290559120073327,-13.46647646219686,2.876430877604931,-0.137714024134575,0.1571945398014263,0.6945526741971988,1.1334745036765963,1.0752688172043054,0.3081664098613075,0.3533568904593564,1.6157989228007157,,,,,1470.0,0.0,-2.8009630818619584,-5.923213409339726,-4.209308212490508,-4.1404852066081315,-6.4213395638629285,-7.023895727733527
2004-03-15,24940.0,1.3944790015042483,1470.0,0.0,-2.8009630818619584,-4.1404852066081315,2549.0,1111.0,1935.0,1421.0,1608.0,1787.0,1956.0,2028.0,2390.0,2351.0,1935.0,1778.0,2677.0,1.0,0.0,0.0,3.0,0.0,0.0,0.0,0.0,1.0,0.0,0.0,0.0,0.0,0.0,0.0,0.0,0.0,20.0,22.0,,0.0,0.0,,1923.0,1925.0,1917.0,1912.0,1919.0,1911.0,24597.0,24389.0,24489.0,24001.0,23801.0,24251.0,0.852843495018246,-0.4083466045979828,2.0332486146410567,0.8403008276963152,-1.8555935837697417,-0.6147289045530921,0.3015258731896202,-6.572784490592711,2.9799364769429793,3.0042136468317344,6.833907074918017,17.62376237623763,1163.0,1162.0,1156.0,1160.0,1158.0,1156.0,16.80832689423208,-6.410583631104306,6.84483228797382,-9.430700201704196,8.961650594303656,-7.535666887856669,7.884364290211231,-5.240812056133046,0.7561543610872887,-3.3331816941133607,16.8634511639693,-5.567019602903528,,,,,,,1891.72998046875,1864.0699462890625,1848.3599853515625,1829.97998046875,1764.52001953125,1743.1700439453125,1.483851731784653,0.8499405452402676,1.0043828391010297,3.709788509789174,1.2247787104932204,0.3119000975579054,0.9571189540449044,1.1085405208854142,1.0417304747320062,1.0908553767839286,0.9797472522948998,1.0877326754877776,13.290559120073327,-2.8495102404274264,2.876430877604931,23.39731981166244,0.1571945398014263,-0.2685878962536023,1.1334745036765963,0.7894736842105263,0.3081664098613075,0.1543209876543341,1.6157989228007157,0.1798561151079162,,,,,1470.0,0.0,-5.923213409339726,-4.209308212490508,-4.831882162645834,-6.4213395638629285,-7.023895727733527,-5.378554299417608
2004-03-01,24597.0,0.852843495018246,1470.0,0.0,-2.8009630818619584,-4.1404852066081315,2549.0,1111.0,1935.0,1421.0,1608.0,1787.0,1956.0,2028.0,2390.0,2351.0,1935.0,1778.0,2677.0,1.0,0.0,0.0,3.0,0.0,0.0,0.0,0.0,1.0,0.0,0.0,0.0,0.0,0.0,0.0,0.0,0.0,20.0,22.0,,0.0,0.0,,1925.0,1917.0,1912.0,1919.0,1911.0,1911.0,24389.0,24489.0,24001.0,23801.0,24251.0,24401.0,-0.4083466045979828,2.0332486146410567,0.8403008276963152,-1.8555935837697417,-0.6147289045530921,-8.69597754911132,-6.572784490592711,2.9799364769429793,3.0042136468317344,6.833907074918017,17.62376237623763,-12.742980561555084,1162.0,1156.0,1160.0,1158.0,1156.0,1181.0,-6.410583631104306,6.84483228797382,-9.430700201704196,8.961650594303656,-7.535666887856669,-5.372630587496566,-5.240812056133046,0.7561543610872887,-3.3331816941133607,16.8634511639693,-5.567019602903528,2.1227092657554123,,,,,,,1864.0699462890625,1848.3599853515625,1829.97998046875,1764.52001953125,1743.1700439453125,1737.75,0.8499405452402676,1.0043828391010297,3.709788509789174,1.2247787104932204,0.3119000975579054,0.0593088876877476,1.1085405208854142,1.0417304747320062,1.0908553767839286,0.9797472522948998,1.0877326754877776,1.0119857332448574,13.290559120073327,-2.8495102404274264,2.876430877604931,23.39731981166244,0.1571945398014263,-0.2685878962536023,1.1334745036765963,0.7894736842105263,0.3081664098613075,0.1543209876543341,1.6157989228007157,0.1798561151079162,,,,,1470.0,0.0,-5.923213409339726,-4.209308212490508,-4.831882162645834,-6.4213395638629285,-7.023895727733527,-5.378554299417608
2004-02-15,24389.0,-0.4083466045979828,1470.0,0.0,-5.923213409339726,-6.4213395638629285,1111.0,1935.0,1421.0,1608.0,1787.0,1956.0,2028.0,2390.0,2351.0,1935.0,1778.0,2677.0,1859.0,1.0,0.0,0.0,3.0,0.0,0.0,0.0,0.0,1.0,0.0,0.0,0.0,0.0,0.0,0.0,0.0,0.0,22.0,,,0.0,,,1917.0,1912.0,1919.0,1911.0,1911.0,1911.0,24489.0,24001.0,23801.0,24251.0,24401.0,26725.0,2.0332486146410567,0.8403008276963152,-1.8555935837697417,-0.6147289045530921,-8.69597754911132,1.4693598602779254,2.9799364769429793,3.0042136468317344,6.833907074918017,17.62376237623763,-12.742980561555084,10.499243893627296,1156.0,1160.0,1158.0,1156.0,1181.0,1157.0,6.84483228797382,-9.430700201704196,8.961650594303656,-7.535666887856669,-5.372630587496566,-1.999923079881543,0.7561543610872887,-3.3331816941133607,16.8634511639693,-5.567019602903528,2.1227092657554123,-1.4996436640434117,,,,,,,1848.3599853515625,1829.97998046875,1764.52001953125,1743.1700439453125,1737.75,1736.719970703125,1.0043828391010297,3.709788509789174,1.2247787104932204,0.3119000975579054,0.0593088876877476,0.754767916903436,1.0417304747320062,1.0908553767839286,0.9797472522948998,1.0877326754877776,1.0119857332448574,1.048820689925827,-2.8495102404274264,6.118592015119301,23.39731981166244,1.1725906925613778,-0.2685878962536023,-0.1297066633920211,0.7894736842105263,0.691305134018611,0.1543209876543341,0.1545595054095739,0.1798561151079162,0.1801801801801827,,,,,1470.0,0.0,-4.209308212490508,-4.831882162645834,-3.522810279567036,-7.023895727733527,-5.378554299417608,-4.6171943927065975
2004-02-01,24489.0,2.0332486146410567,1470.0,0.0,-5.923213409339726,-6.4213395638629285,1111.0,1935.0,1421.0,1608.0,1787.0,1956.0,2028.0,2390.0,2351.0,1935.0,1778.0,2677.0,1859.0,1.0,0.0,0.0,3.0,0.0,0.0,0.0,0.0,1.0,0.0,0.0,0.0,0.0,0.0,0.0,0.0,0.0,22.0,,,0.0,,,1912.0,1919.0,1911.0,1911.0,1911.0,1921.0,24001.0,23801.0,24251.0,24401.0,26725.0,26338.0,0.8403008276963152,-1.8555935837697417,-0.6147289045530921,-8.69597754911132,1.4693598602779254,-6.93286219081272,3.0042136468317344,6.833907074918017,17.62376237623763,-12.742980561555084,10.499243893627296,-17.49862329815029,1160.0,1158.0,1156.0,1181.0,1157.0,1160.0,-9.430700201704196,8.961650594303656,-7.535666887856669,-5.372630587496566,-1.999923079881543,-7.10279038193576,-3.3331816941133607,16.8634511639693,-5.567019602903528,2.1227092657554123,-1.4996436640434117,-0.1791898810420107,,,,,,,1829.97998046875,1764.52001953125,1743.1700439453125,1737.75,1736.719970703125,1723.7099609375,3.709788509789174,1.2247787104932204,0.3119000975579054,0.0593088876877476,0.754767916903436,-1.4437151543746702,1.0908553767839286,0.9797472522948998,1.0877326754877776,1.0119857332448574,1.048820689925827,1.0129610399600015,-2.8495102404274264,6.118592015119301,23.39731981166244,1.1725906925613778,-0.2685878962536023,-0.1297066633920211,0.7894736842105263,0.691305134018611,0.1543209876543341,0.1545595054095739,0.1798561151079162,0.1801801801801827,,,,,1470.0,0.0,-4.209308212490508,-4.831882162645834,-3.522810279567036,-7.023895727733527,-5.378554299417608,-4.6171943927065975
2004-01-15,24001.0,0.8403008276963152,1470.0,0.0,-4.209308212490508,-7.023895727733527,1935.0,1421.0,1608.0,1787.0,1956.0,2028.0,2390.0,2351.0,1935.0,1778.0,2677.0,1859.0,2983.0,1.0,0.0,0.0,3.0,0.0,0.0,0.0,0.0,1.0,0.0,0.0,0.0,0.0,0.0,0.0,0.0,0.0,,,,,,,1919.0,1911.0,1911.0,1911.0,1921.0,1925.0,23801.0,24251.0,24401.0,26725.0,26338.0,28300.0,-1.8555935837697417,-0.6147289045530921,-8.69597754911132,1.4693598602779254,-6.93286219081272,-2.126923742002421,6.833907074918017,17.62376237623763,-12.742980561555084,10.499243893627296,-17.49862329815029,-16.30856014666478,1158.0,1156.0,1181.0,1157.0,1160.0,1163.0,8.961650594303656,-7.535666887856669,-5.372630587496566,-1.999923079881543,-7.10279038193576,-0.744707259122664,16.8634511639693,-5.567019602903528,2.1227092657554123,-1.4996436640434117,-0.1791898810420107,-11.298586062815412,,,,,,,1764.52001953125,1743.1700439453125,1737.75,1736.719970703125,1723.7099609375,1748.9599609375,1.2247787104932204,0.3119000975579054,0.0593088876877476,0.754767916903436,-1.4437151543746702,7.25078446076753,0.9797472522948998,1.0877326754877776,1.0119857332448574,1.048820689925827,1.0129610399600015,1.0111115080924649,6.118592015119301,-2.195009242144178,1.1725906925613778,0.552689756816507,-0.1297066633920211,-0.2797347303487308,0.691305134018611,0.6263515546815405,0.1545595054095739,-0.1543209876543122,0.1801801801801827,0.0,,,,,1470.0,0.0,-4.831882162645834,-3.522810279567036,-4.036960331368488,-5.378554299417608,-4.6171943927065975,-2.6312440343620747
2004-01-01,23801.0,-1.8555935837697417,1470.0,0.0,-4.209308212490508,-7.023895727733527,1935.0,1421.0,1608.0,1787.0,1956.0,2028.0,2390.0,2351.0,1935.0,1778.0,2677.0,1859.0,2983.0,1.0,0.0,0.0,3.0,0.0,0.0,0.0,0.0,1.0,0.0,0.0,0.0,0.0,0.0,0.0,0.0,0.0,,,,,,,1911.0,1911.0,1911.0,1921.0,1925.0,1914.0,24251.0,24401.0,26725.0,26338.0,28300.0,28915.0,-0.6147289045530921,-8.69597754911132,1.4693598602779254,-6.93286219081272,-2.126923742002421,-5.59600378726044,17.62376237623763,-12.742980561555084,10.499243893627296,-17.49862329815029,-16.30856014666478,-16.412025159036574,1156.0,1181.0,1157.0,1160.0,1163.0,1175.0,-7.535666887856669,-5.372630587496566,-1.999923079881543,-7.10279038193576,-0.744707259122664,-6.153487752928648,-5.567019602903528,2.1227092657554123,-1.4996436640434117,-0.1791898810420107,-11.298586062815412,-9.322758358662607,,,,,,,1743.1700439453125,1737.75,1736.719970703125,1723.7099609375,1748.9599609375,1630.719970703125,0.3119000975579054,0.0593088876877476,0.754767916903436,-1.4437151543746702,7.25078446076753,3.2212336810934534,1.0877326754877776,1.0119857332448574,1.048820689925827,1.0129610399600015,1.0111115080924649,1.0253909713110394,6.118592015119301,-2.195009242144178,1.1725906925613778,0.552689756816507,-0.1297066633920211,-0.2797347303487308,0.691305134018611,0.6263515546815405,0.1545595054095739,-0.1543209876543122,0.1801801801801827,0.0,,,,,1470.0,0.0,-4.831882162645834,-3.522810279567036,-4.036960331368488,-5.378554299417608,-4.6171943927065975,-2.6312440343620747
2003-12-15,24251.0,-0.6147289045530921,1470.0,0.0,-4.831882162645834,-5.378554299417608,1421.0,1608.0,1787.0,1956.0,2028.0,2390.0,2351.0,1935.0,1778.0,2677.0,1859.0,2983.0,1796.0,1.0,0.0,0.0,3.0,0.0,0.0,0.0,0.0,1.0,0.0,0.0,0.0,0.0,0.0,0.0,0.0,0.0,,,,,,,1911.0,1911.0,1921.0,1925.0,1914.0,1473.0,24401.0,26725.0,26338.0,28300.0,28915.0,30629.0,-8.69597754911132,1.4693598602779254,-6.93286219081272,-2.126923742002421,-5.59600378726044,22.46211666866579,-12.742980561555084,10.499243893627296,-17.49862329815029,-16.30856014666478,-16.412025159036574,74.38840153173007,1181.0,1157.0,1160.0,1163.0,1175.0,915.0,-5.372630587496566,-1.999923079881543,-7.10279038193576,-0.744707259122664,-6.153487752928648,7.310453198100069,2.1227092657554123,-1.4996436640434117,-0.1791898810420107,-11.298586062815412,-9.322758358662607,16.068392935173296,,,,,,,1737.75,1736.719970703125,1723.7099609375,1748.9599609375,1630.719970703125,1579.8299560546875,0.0593088876877476,0.754767916903436,-1.4437151543746702,7.25078446076753,3.2212336810934534,-1.6050087146921916,1.0119857332448574,1.048820689925827,1.0129610399600015,1.0111115080924649,1.0253909713110394,1.0193357294994676,-2.195009242144178,21.573033707865168,0.552689756816507,2.453756134390336,-0.2797347303487308,-0.2081233006446094,0.6263515546815405,0.4725107053206674,-0.1543209876543122,0.1545595054095739,0.0,-0.3590664272890536,,,,,1470.0,0.0,-3.522810279567036,-4.036960331368488,0.5832772489824697,-4.6171943927065975,-2.6312440343620747,0.4859645757401368
2003-12-01,24401.0,-8.69597754911132,1470.0,0.0,-4.831882162645834,-5.378554299417608,1421.0,1608.0,1787.0,1956.0,2028.0,2390.0,2351.0,1935.0,1778.0,2677.0,1859.0,2983.0,1796.0,1.0,0.0,0.0,3.0,0.0,0.0,0.0,0.0,1.0,0.0,0.0,0.0,0.0,0.0,0.0,0.0,0.0,,,,,,,1911.0,1921.0,1925.0,1914.0,1473.0,1479.0,26725.0,26338.0,28300.0,28915.0,30629.0,25011.0,1.4693598602779254,-6.93286219081272,-2.126923742002421,-5.59600378726044,22.46211666866579,-19.290716060537612,10.499243893627296,-17.49862329815029,-16.30856014666478,-16.412025159036574,74.38840153173007,-9.259926620744585,1157.0,1160.0,1163.0,1175.0,915.0,919.0,-1.999923079881543,-7.10279038193576,-0.744707259122664,-6.153487752928648,7.310453198100069,-6.351170568561873,-1.4996436640434117,-0.1791898810420107,-11.298586062815412,-9.322758358662607,16.068392935173296,2.1266571822303515,,,,,,,1736.719970703125,1723.7099609375,1748.9599609375,1630.719970703125,1579.8299560546875,1605.5999755859375,0.754767916903436,-1.4437151543746702,7.25078446076753,3.2212336810934534,-1.6050087146921916,0.7075135278292406,1.048820689925827,1.0129610399600015,1.0111115080924649,1.0253909713110394,1.0193357294994676,0.8932180993535945,-2.195009242144178,21.573033707865168,0.552689756816507,2.453756134390336,-0.2797347303487308,-0.2081233006446094,0.6263515546815405,0.4725107053206674,-0.1543209876543122,0.1545595054095739,0.0,-0.3590664272890536,,,,,1470.0,0.0,-3.522810279567036,-4.036960331368488,0.5832772489824697,-4.6171943927065975,-2.6312440343620747,0.4859645757401368
2003-11-15,26725.0,1.4693598602779254,1470.0,0.0,-3.522810279567036,-4.6171943927065975,1608.0,1787.0,1956.0,2028.0,2390.0,2351.0,1935.0,1778.0,2677.0,1859.0,2983.0,1796.0,1457.0,1.0,0.0,0.0,3.0,0.0,0.0,0.0,0.0,1.0,0.0,0.0,0.0,0.0,0.0,0.0,0.0,0.0,,,,,,,1921.0,1925.0,1914.0,1473.0,1479.0,1477.0,26338.0,28300.0,28915.0,30629.0,25011.0,30989.0,-6.93286219081272,-2.126923742002421,-5.59600378726044,22.46211666866579,-19.290716060537612,1.6132734367314816,-17.49862329815029,-16.30856014666478,-16.412025159036574,74.38840153173007,-9.259926620744585,-2.8774172616146196,1160.0,1163.0,1175.0,915.0,919.0,945.0,-7.10279038193576,-0.744707259122664,-6.153487752928648,7.310453198100069,-6.351170568561873,-3.5514983387632655,-0.1791898810420107,-11.298586062815412,-9.322758358662607,16.068392935173296,2.1266571822303515,-2.4928441321883916,,,,,,,1723.7099609375,1748.9599609375,1630.719970703125,1579.8299560546875,1605.5999755859375,1594.3199462890625,-1.4437151543746702,7.25078446076753,3.2212336810934534,-1.6050087146921916,0.7075135278292406,2.3916556172705024,1.0129610399600015,1.0111115080924649,1.0253909713110394,1.0193357294994676,0.8932180993535945,1.0364214046822742,21.573033707865168,-22.927040484953455,2.453756134390336,-11.993355481727574,-0.2081233006446094,-0.2358247962725205,0.4725107053206674,0.5969938107869143,0.1545595054095739,0.1547987616099203,-0.3590664272890536,0.0,,,,,1470.0,0.0,-4.036960331368488,0.5832772489824697,4.48365925529065,-2.6312440343620747,0.4859645757401368,6.232381211153755
2003-11-01,26338.0,-6.93286219081272,1470.0,0.0,-3.522810279567036,-4.6171943927065975,1608.0,1787.0,1956.0,2028.0,2390.0,2351.0,1935.0,1778.0,2677.0,1859.0,2983.0,1796.0,1457.0,1.0,0.0,0.0,3.0,0.0,0.0,0.0,0.0,1.0,0.0,0.0,0.0,0.0,0.0,0.0,0.0,0.0,,,,,,,1925.0,1914.0,1473.0,1479.0,1477.0,1479.0,28300.0,28915.0,30629.0,25011.0,30989.0,30497.0,-2.126923742002421,-5.59600378726044,22.46211666866579,-19.290716060537612,1.6132734367314816,-3.187200406336306,-16.30856014666478,-16.412025159036574,74.38840153173007,-9.259926620744585,-2.8774172616146196,-2.949066480613399,1163.0,1175.0,915.0,919.0,945.0,912.0,-0.744707259122664,-6.153487752928648,7.310453198100069,-6.351170568561873,-3.5514983387632655,-2.7846592869014395,-11.298586062815412,-9.322758358662607,16.068392935173296,2.1266571822303515,-2.4928441321883916,-3.5049627791563323,,,,,,,1748.9599609375,1630.719970703125,1579.8299560546875,1605.5999755859375,1594.3199462890625,1557.0799560546875,7.25078446076753,3.2212336810934534,-1.6050087146921916,0.7075135278292406,2.3916556172705024,-1.988461229631673,1.0111115080924649,1.0253909713110394,1.0193357294994676,0.8932180993535945,1.0364214046822742,0.9837424599206477,21.573033707865168,-22.927040484953455,2.453756134390336,-11.993355481727574,-0.2081233006446094,-0.2358247962725205,0.4725107053206674,0.5969938107869143,0.1545595054095739,0.1547987616099203,-0.3590664272890536,0.0,,,,,1470.0,0.0,-4.036960331368488,0.5832772489824697,4.48365925529065,-2.6312440343620747,0.4859645757401368,6.232381211153755
2003-10-15,28300.0,-2.126923742002421,1470.0,0.0,-4.036960331368488,-2.6312440343620747,1787.0,1956.0,2028.0,2390.0,2351.0,1935.0,1778.0,2677.0,1859.0,2983.0,1796.0,1457.0,1322.0,1.0,0.0,0.0,3.0,0.0,0.0,0.0,0.0,1.0,0.0,0.0,0.0,0.0,0.0,0.0,0.0,0.0,,,,,,,1914.0,1473.0,1479.0,1477.0,1479.0,1477.0,28915.0,30629.0,25011.0,30989.0,30497.0,31501.0,-5.59600378726044,22.46211666866579,-19.290716060537612,1.6132734367314816,-3.187200406336306,-1.8018018018018016,-16.412025159036574,74.38840153173007,-9.259926620744585,-2.8774172616146196,-2.949066480613399,-19.976128343557512,1175.0,915.0,919.0,945.0,912.0,918.0,-6.153487752928648,7.310453198100069,-6.351170568561873,-3.5514983387632655,-2.7846592869014395,-2.715152994295128,-9.322758358662607,16.068392935173296,2.1266571822303515,-2.4928441321883916,-3.5049627791563323,-11.134436605154695,,,,,,,1630.719970703125,1579.8299560546875,1605.5999755859375,1594.3199462890625,1557.0799560546875,1588.6700439453125,3.2212336810934534,-1.6050087146921916,0.7075135278292406,2.3916556172705024,-1.988461229631673,9.023592513465656,1.0253909713110394,1.0193357294994676,0.8932180993535945,1.0364214046822742,0.9837424599206477,0.987832795007683,-22.927040484953455,35.295840656121854,-11.993355481727574,15.680245964642584,-0.2358247962725205,-0.2079610690795726,0.5969938107869143,0.6077383451583749,0.1547987616099203,0.6230529595015444,0.0,0.3603603603603655,,,,,1470.0,32.432432432432435,0.5832772489824697,4.48365925529065,4.631770723845561,0.4859645757401368,6.232381211153755,5.371841672034929
2003-10-01,28915.0,-5.59600378726044,1470.0,0.0,-4.036960331368488,-2.6312440343620747,1787.0,1956.0,2028.0,2390.0,2351.0,1935.0,1778.0,2677.0,1859.0,2983.0,1796.0,1457.0,1322.0,1.0,0.0,0.0,3.0,0.0,0.0,0.0,0.0,1.0,0.0,0.0,0.0,0.0,0.0,0.0,0.0,0.0,,,,,,,1473.0,1479.0,1477.0,1479.0,1477.0,1471.0,30629.0,25011.0,30989.0,30497.0,31501.0,32079.0,22.46211666866579,-19.290716060537612,1.6132734367314816,-3.187200406336306,-1.8018018018018016,2.032442748091603,74.38840153173007,-9.259926620744585,-2.8774172616146196,-2.949066480613399,-19.976128343557512,3.755625972147297,915.0,919.0,945.0,912.0,918.0,917.0,7.310453198100069,-6.351170568561873,-3.5514983387632655,-2.7846592869014395,-2.715152994295128,4.043802571020473,16.068392935173296,2.1266571822303515,-2.4928441321883916,-3.5049627791563323,-11.134436605154695,5.741918842371143,,,,,,,1579.8299560546875,1605.5999755859375,1594.3199462890625,1557.0799560546875,1588.6700439453125,1457.1800537109375,-1.6050087146921916,0.7075135278292406,2.3916556172705024,-1.988461229631673,9.023592513465656,-1.495301452515368,1.0193357294994676,0.8932180993535945,1.0364214046822742,0.9837424599206477,0.987832795007683,0.9786448640898135,-22.927040484953455,35.295840656121854,-11.993355481727574,15.680245964642584,-0.2358247962725205,-0.2079610690795726,0.5969938107869143,0.6077383451583749,0.1547987616099203,0.6230529595015444,0.0,0.3603603603603655,,,,,1470.0,32.432432432432435,0.5832772489824697,4.48365925529065,4.631770723845561,0.4859645757401368,6.232381211153755,5.371841672034929
2003-09-15,30629.0,22.46211666866579,1470.0,0.0,0.5832772489824697,0.4859645757401368,1956.0,2028.0,2390.0,2351.0,1935.0,1778.0,2677.0,1859.0,2983.0,1796.0,1457.0,1322.0,1547.0,1.0,0.0,0.0,3.0,0.0,0.0,0.0,0.0,1.0,0.0,0.0,0.0,0.0,0.0,0.0,0.0,0.0,,,,,,,1479.0,1477.0,1479.0,1477.0,1471.0,1478.0,25011.0,30989.0,30497.0,31501.0,32079.0,31440.0,-19.290716060537612,1.6132734367314816,-3.187200406336306,-1.8018018018018016,2.032442748091603,-1.128966319695588,-9.259926620744585,-2.8774172616146196,-2.949066480613399,-19.976128343557512,3.755625972147297,-5.580847403458423,919.0,945.0,912.0,918.0,917.0,914.0,-6.351170568561873,-3.5514983387632655,-2.7846592869014395,-2.715152994295128,4.043802571020473,0.0126980095869972,2.1266571822303515,-2.4928441321883916,-3.5049627791563323,-11.134436605154695,5.741918842371143,-11.629940036510035,,,,,,,1605.5999755859375,1594.3199462890625,1557.0799560546875,1588.6700439453125,1457.1800537109375,1479.300048828125,0.7075135278292406,2.3916556172705024,-1.988461229631673,9.023592513465656,-1.495301452515368,9.659010291187917,0.8932180993535945,1.0364214046822742,0.9837424599206477,0.987832795007683,0.9786448640898135,0.9979368354229488,35.295840656121854,-23.00405953991881,15.680245964642584,-16.76263595649392,-0.2079610690795726,-0.4247554438353675,0.6077383451583749,0.4216363779291222,0.6230529595015444,-0.3105590062111845,0.3603603603603655,0.1805054151624574,,,,,1470.0,32.432432432432435,4.48365925529065,4.631770723845561,-0.3560955173858399,6.232381211153755,5.371841672034929,-2.539239623299616
2003-09-01,25011.0,-19.290716060537612,1470.0,0.0,0.5832772489824697,0.4859645757401368,1956.0,2028.0,2390.0,2351.0,1935.0,1778.0,2677.0,1859.0,2983.0,1796.0,1457.0,1322.0,1547.0,1.0,0.0,0.0,3.0,0.0,0.0,0.0,0.0,1.0,0.0,0.0,0.0,0.0,0.0,0.0,0.0,0.0,,,,,,,1477.0,1479.0,1477.0,1471.0,1478.0,1470.0,30989.0,30497.0,31501.0,32079.0,31440.0,31799.0,1.6132734367314816,-3.187200406336306,-1.8018018018018016,2.032442748091603,-1.128966319695588,2.2640295867502815,-2.8774172616146196,-2.949066480613399,-19.976128343557512,3.755625972147297,-5.580847403458423,-8.827756970777626,945.0,912.0,918.0,917.0,914.0,913.0,-3.5514983387632655,-2.7846592869014395,-2.715152994295128,4.043802571020473,0.0126980095869972,0.321656050955414,-2.4928441321883916,-3.5049627791563323,-11.134436605154695,5.741918842371143,-11.629940036510035,-8.845982376284482,,,,,,,1594.3199462890625,1557.0799560546875,1588.6700439453125,1457.1800537109375,1479.300048828125,1349.0,2.3916556172705024,-1.988461229631673,9.023592513465656,-1.495301452515368,9.659010291187917,2.898550724637681,1.0364214046822742,0.9837424599206477,0.987832795007683,0.9786448640898135,0.9979368354229488,1.009460017142313,35.295840656121854,-23.00405953991881,15.680245964642584,-16.76263595649392,-0.2079610690795726,-0.4247554438353675,0.6077383451583749,0.4216363779291222,0.6230529595015444,-0.3105590062111845,0.3603603603603655,0.1805054151624574,,,,,1470.0,32.432432432432435,4.48365925529065,4.631770723845561,-0.3560955173858399,6.232381211153755,5.371841672034929,-2.539239623299616
2003-08-15,30989.0,1.6132734367314816,1470.0,0.0,4.48365925529065,6.232381211153755,2028.0,2390.0,2351.0,1935.0,1778.0,2677.0,1859.0,2983.0,1796.0,1457.0,1322.0,1547.0,1576.0,1.0,0.0,0.0,3.0,0.0,0.0,0.0,0.0,1.0,0.0,0.0,0.0,0.0,0.0,0.0,0.0,0.0,,,,,,,1479.0,1477.0,1471.0,1478.0,1470.0,1471.0,30497.0,31501.0,32079.0,31440.0,31799.0,31095.0,-3.187200406336306,-1.8018018018018016,2.032442748091603,-1.128966319695588,2.2640295867502815,6.129902044438377,-2.949066480613399,-19.976128343557512,3.755625972147297,-5.580847403458423,-8.827756970777626,-19.754742728065384,912.0,918.0,917.0,914.0,913.0,915.0,-2.7846592869014395,-2.715152994295128,4.043802571020473,0.0126980095869972,0.321656050955414,9.832453041379551,-3.5049627791563323,-11.134436605154695,5.741918842371143,-11.629940036510035,-8.845982376284482,-11.059278003936384,,,,,,,1557.0799560546875,1588.6700439453125,1457.1800537109375,1479.300048828125,1349.0,1311.0,-1.988461229631673,9.023592513465656,-1.495301452515368,9.659010291187917,2.898550724637681,2.3155662446750895,0.9837424599206477,0.987832795007683,0.9786448640898135,0.9979368354229488,1.009460017142313,0.9902866242038216,-23.00405953991881,11.435033928122644,-16.76263595649392,18.409090909090907,-0.4247554438353675,-0.2111736950863394,0.4216363779291222,0.745161847713397,-0.3105590062111845,-0.6172839506172708,0.1805054151624574,-0.7168458781361982,,,,,1470.0,32.432432432432435,4.631770723845561,-0.3560955173858399,0.329246935201401,5.371841672034929,-2.539239623299616,-0.2713232224850424
2003-08-01,30497.0,-3.187200406336306,1470.0,0.0,4.48365925529065,6.232381211153755,2028.0,2390.0,2351.0,1935.0,1778.0,2677.0,1859.0,2983.0,1796.0,1457.0,1322.0,1547.0,1576.0,1.0,0.0,0.0,3.0,0.0,0.0,0.0,0.0,1.0,0.0,0.0,0.0,0.0,0.0,0.0,0.0,0.0,,,,,,,1477.0,1471.0,1478.0,1470.0,1471.0,1479.0,31501.0,32079.0,31440.0,31799.0,31095.0,29299.0,-1.8018018018018016,2.032442748091603,-1.128966319695588,2.2640295867502815,6.129902044438377,4.437869822485207,-19.976128343557512,3.755625972147297,-5.580847403458423,-8.827756970777626,-19.754742728065384,19.97426334271195,918.0,917.0,914.0,913.0,915.0,914.0,-2.715152994295128,4.043802571020473,0.0126980095869972,0.321656050955414,9.832453041379551,5.65821568482519,-11.134436605154695,5.741918842371143,-11.629940036510035,-8.845982376284482,-11.059278003936384,4.140162983679282,,,,,,,1588.6700439453125,1457.1800537109375,1479.300048828125,1349.0,1311.0,1281.3299560546875,9.023592513465656,-1.495301452515368,9.659010291187917,2.898550724637681,2.3155662446750895,-0.8128004735288473,0.987832795007683,0.9786448640898135,0.9979368354229488,1.009460017142313,0.9902866242038216,1.0248347266431146,-23.00405953991881,11.435033928122644,-16.76263595649392,18.409090909090907,-0.4247554438353675,-0.2111736950863394,0.4216363779291222,0.745161847713397,-0.3105590062111845,-0.6172839506172708,0.1805054151624574,-0.7168458781361982,,,,,1470.0,32.432432432432435,4.631770723845561,-0.3560955173858399,0.329246935201401,5.371841672034929,-2.539239623299616,-0.2713232224850424
2003-07-15,31501.0,-1.8018018018018016,1470.0,32.432432432432435,4.631770723845561,5.371841672034929,2390.0,2351.0,1935.0,1778.0,2677.0,1859.0,2983.0,1796.0,1457.0,1322.0,1547.0,1576.0,1429.0,1.0,0.0,0.0,3.0,0.0,0.0,0.0,0.0,1.0,0.0,0.0,0.0,0.0,0.0,0.0,0.0,0.0,,,,,,,1471.0,1478.0,1470.0,1471.0,1479.0,1474.0,32079.0,31440.0,31799.0,31095.0,29299.0,28054.0,2.032442748091603,-1.128966319695588,2.2640295867502815,6.129902044438377,4.437869822485207,2.0256755282394443,3.755625972147297,-5.580847403458423,-8.827756970777626,-19.754742728065384,19.97426334271195,-3.1907225237449115,917.0,914.0,913.0,915.0,914.0,938.0,4.043802571020473,0.0126980095869972,0.321656050955414,9.832453041379551,5.65821568482519,1.7179805270478552,5.741918842371143,-11.629940036510035,-8.845982376284482,-11.059278003936384,4.140162983679282,-3.5581470143297955,,,,,,,1457.1800537109375,1479.300048828125,1349.0,1311.0,1281.3299560546875,1291.8299560546875,-1.495301452515368,9.659010291187917,2.898550724637681,2.3155662446750895,-0.8128004735288473,0.7212026007683525,0.9786448640898135,0.9979368354229488,1.009460017142313,0.9902866242038216,1.0248347266431146,1.0368098159509203,11.435033928122644,-3.702807357212004,18.409090909090907,17.02127659574468,-0.2111736950863394,-0.2772681552249601,0.745161847713397,0.4585497099709247,-0.6172839506172708,0.1545595054095739,-0.7168458781361982,-0.8880994671403198,,,,,1110.0,0.0,-0.3560955173858399,0.329246935201401,-0.1084636646723347,-2.539239623299616,-0.2713232224850424,1.6656646744704178
2003-07-01,32079.0,2.032442748091603,1470.0,32.432432432432435,4.631770723845561,5.371841672034929,2390.0,2351.0,1935.0,1778.0,2677.0,1859.0,2983.0,1796.0,1457.0,1322.0,1547.0,1576.0,1429.0,1.0,0.0,0.0,3.0,0.0,0.0,0.0,0.0,1.0,0.0,0.0,0.0,0.0,0.0,0.0,0.0,0.0,,,,,,,1478.0,1470.0,1471.0,1479.0,1474.0,1473.0,31440.0,31799.0,31095.0,29299.0,28054.0,27497.0,-1.128966319695588,2.2640295867502815,6.129902044438377,4.437869822485207,2.0256755282394443,1.8445127597318416,-5.580847403458423,-8.827756970777626,-19.754742728065384,19.97426334271195,-3.1907225237449115,32.91745790673446,914.0,913.0,915.0,914.0,938.0,919.0,0.0126980095869972,0.321656050955414,9.832453041379551,5.65821568482519,1.7179805270478552,2.307603553709473,-11.629940036510035,-8.845982376284482,-11.059278003936384,4.140162983679282,-3.5581470143297955,37.41677578797883,,,,,,,1479.300048828125,1349.0,1311.0,1281.3299560546875,1291.8299560546875,1282.5799560546875,9.659010291187917,2.898550724637681,2.3155662446750895,-0.8128004735288473,0.7212026007683525,2.5342119986037175,0.9979368354229488,1.009460017142313,0.9902866242038216,1.0248347266431146,1.0368098159509203,1.0336829442502162,11.435033928122644,-3.702807357212004,18.409090909090907,17.02127659574468,-0.2111736950863394,-0.2772681552249601,0.745161847713397,0.4585497099709247,-0.6172839506172708,0.1545595054095739,-0.7168458781361982,-0.8880994671403198,,,,,1110.0,0.0,-0.3560955173858399,0.329246935201401,-0.1084636646723347,-2.539239623299616,-0.2713232224850424,1.6656646744704178
2003-06-15,31440.0,-1.128966319695588,1470.0,32.432432432432435,-0.3560955173858399,-2.539239623299616,2351.0,1935.0,1778.0,2677.0,1859.0,2983.0,1796.0,1457.0,1322.0,1547.0,1576.0,1429.0,1690.0,1.0,0.0,0.0,3.0,0.0,0.0,0.0,0.0,1.0,0.0,0.0,0.0,0.0,0.0,0.0,0.0,0.0,,,,,,,1470.0,1471.0,1479.0,1474.0,1473.0,1337.0,31799.0,31095.0,29299.0,28054.0,27497.0,26999.0,2.2640295867502815,6.129902044438377,4.437869822485207,2.0256755282394443,1.8445127597318416,-4.624134520276954,-8.827756970777626,-19.754742728065384,19.97426334271195,-3.1907225237449115,32.91745790673446,-3.728214746131546,913.0,915.0,914.0,938.0,919.0,666.0,0.321656050955414,9.832453041379551,5.65821568482519,1.7179805270478552,2.307603553709473,-7.135969141755062,-8.845982376284482,-11.059278003936384,4.140162983679282,-3.5581470143297955,37.41677578797883,-1.5886352673917457,,,,,,,1349.0,1311.0,1281.3299560546875,1291.8299560546875,1282.5799560546875,1250.8800048828125,2.898550724637681,2.3155662446750895,-0.8128004735288473,0.7212026007683525,2.5342119986037175,-1.803192773353033,1.009460017142313,0.9902866242038216,1.0248347266431146,1.0368098159509203,1.0336829442502162,1.0383831391100342,-3.702807357212004,52.81065088757396,17.02127659574468,26.670409882088713,-0.2772681552249601,-0.3655867968365857,0.4585497099709247,0.2705074371414688,0.1545595054095739,0.3100775193798494,-0.8880994671403198,0.7155635062611782,,,,,1110.0,0.0,0.329246935201401,-0.1084636646723347,1.7081242660403544,-0.2713232224850424,1.6656646744704178,5.397144880539714
2003-06-01,31799.0,2.2640295867502815,1470.0,32.432432432432435,-0.3560955173858399,-2.539239623299616,2351.0,1935.0,1778.0,2677.0,1859.0,2983.0,1796.0,1457.0,1322.0,1547.0,1576.0,1429.0,1690.0,1.0,0.0,0.0,3.0,0.0,0.0,0.0,0.0,1.0,0.0,0.0,0.0,0.0,0.0,0.0,0.0,0.0,,,,,,,1471.0,1479.0,1474.0,1473.0,1337.0,1332.0,31095.0,29299.0,28054.0,27497.0,26999.0,28308.0,6.129902044438377,4.437869822485207,2.0256755282394443,1.8445127597318416,-4.624134520276954,-5.636854561818727,-19.754742728065384,19.97426334271195,-3.1907225237449115,32.91745790673446,-3.728214746131546,-11.06388485331178,915.0,914.0,938.0,919.0,666.0,670.0,9.832453041379551,5.65821568482519,1.7179805270478552,2.307603553709473,-7.135969141755062,-8.795074758135444,-11.059278003936384,4.140162983679282,-3.5581470143297955,37.41677578797883,-1.5886352673917457,-16.818997347755992,,,,,,,1311.0,1281.3299560546875,1291.8299560546875,1282.5799560546875,1250.8800048828125,1273.8499755859375,2.3155662446750895,-0.8128004735288473,0.7212026007683525,2.5342119986037175,-1.803192773353033,0.0290538620835884,0.9902866242038216,1.0248347266431146,1.0368098159509203,1.0336829442502162,1.0383831391100342,1.011036108432444,-3.702807357212004,52.81065088757396,17.02127659574468,26.670409882088713,-0.2772681552249601,-0.3655867968365857,0.4585497099709247,0.2705074371414688,0.1545595054095739,0.3100775193798494,-0.8880994671403198,0.7155635062611782,,,,,1110.0,0.0,0.329246935201401,-0.1084636646723347,1.7081242660403544,-0.2713232224850424,1.6656646744704178,5.397144880539714
2003-05-15,31095.0,6.129902044438377,1470.0,32.432432432432435,0.329246935201401,-0.2713232224850424,1935.0,1778.0,2677.0,1859.0,2983.0,1796.0,1457.0,1322.0,1547.0,1576.0,1429.0,1690.0,1775.0,1.0,0.0,0.0,3.0,0.0,0.0,0.0,0.0,1.0,0.0,0.0,0.0,0.0,0.0,0.0,0.0,0.0,,,,,,,1479.0,1474.0,1473.0,1337.0,1332.0,1340.0,29299.0,28054.0,27497.0,26999.0,28308.0,29999.0,4.437869822485207,2.0256755282394443,1.8445127597318416,-4.624134520276954,-5.636854561818727,-3.238396284230558,19.97426334271195,-3.1907225237449115,32.91745790673446,-3.728214746131546,-11.06388485331178,-6.473174667204523,914.0,938.0,919.0,666.0,670.0,663.0,5.65821568482519,1.7179805270478552,2.307603553709473,-7.135969141755062,-8.795074758135444,-8.788662091095462,4.140162983679282,-3.5581470143297955,37.41677578797883,-1.5886352673917457,-16.818997347755992,-14.456035767511173,,,,,,,1281.3299560546875,1291.8299560546875,1282.5799560546875,1250.8800048828125,1273.8499755859375,1273.47998046875,-0.8128004735288473,0.7212026007683525,2.5342119986037175,-1.803192773353033,0.0290538620835884,-1.3906926959331445,1.0248347266431146,1.0368098159509203,1.0336829442502162,1.0383831391100342,1.011036108432444,0.97719795433076,52.81065088757396,-37.072376076332326,26.670409882088713,-41.873368146214105,-0.3655867968365857,-0.4576941183503583,0.2705074371414688,0.169262509443831,0.3100775193798494,-0.1547987616098983,0.7155635062611782,0.3590664272890408,,,,,1110.0,0.0,-0.1084636646723347,1.7081242660403544,-4.043025439644869,1.6656646744704178,5.397144880539714,-5.006550295648479
2003-05-01,29299.0,4.437869822485207,1470.0,32.432432432432435,0.329246935201401,-0.2713232224850424,1935.0,1778.0,2677.0,1859.0,2983.0,1796.0,1457.0,1322.0,1547.0,1576.0,1429.0,1690.0,1775.0,1.0,0.0,0.0,3.0,0.0,0.0,0.0,0.0,1.0,0.0,0.0,0.0,0.0,0.0,0.0,0.0,0.0,,,,,,,1474.0,1473.0,1337.0,1332.0,1340.0,1339.0,28054.0,27497.0,26999.0,28308.0,29999.0,31003.0,2.0256755282394443,1.8445127597318416,-4.624134520276954,-5.636854561818727,-3.238396284230558,16.996867806332315,-3.1907225237449115,32.91745790673446,-3.728214746131546,-11.06388485331178,-6.473174667204523,45.01655366268165,938.0,919.0,666.0,670.0,663.0,663.0,1.7179805270478552,2.307603553709473,-7.135969141755062,-8.795074758135444,-8.788662091095462,34.477385328432156,-3.5581470143297955,37.41677578797883,-1.5886352673917457,-16.818997347755992,-14.456035767511173,45.8080377878112,,,,,,,1291.8299560546875,1282.5799560546875,1250.8800048828125,1273.8499755859375,1273.47998046875,1291.43994140625,0.7212026007683525,2.5342119986037175,-1.803192773353033,0.0290538620835884,-1.3906926959331445,-6.864177211211608,1.0368098159509203,1.0336829442502162,1.0383831391100342,1.011036108432444,0.97719795433076,0.9211456754909826,52.81065088757396,-37.072376076332326,26.670409882088713,-41.873368146214105,-0.3655867968365857,-0.4576941183503583,0.2705074371414688,0.169262509443831,0.3100775193798494,-0.1547987616098983,0.7155635062611782,0.3590664272890408,,,,,1110.0,0.0,-0.1084636646723347,1.7081242660403544,-4.043025439644869,1.6656646744704178,5.397144880539714,-5.006550295648479
2003-04-15,28054.0,2.0256755282394443,1110.0,0.0,-0.1084636646723347,1.6656646744704178,1778.0,2677.0,1859.0,2983.0,1796.0,1457.0,1322.0,1547.0,1576.0,1429.0,1690.0,1775.0,1394.0,1.0,0.0,0.0,3.0,0.0,0.0,0.0,0.0,1.0,0.0,0.0,0.0,0.0,0.0,0.0,0.0,0.0,,,,,,,1473.0,1337.0,1332.0,1340.0,1339.0,1333.0,27497.0,26999.0,28308.0,29999.0,31003.0,26499.0,1.8445127597318416,-4.624134520276954,-5.636854561818727,-3.238396284230558,16.996867806332315,-6.985152163993121,32.91745790673446,-3.728214746131546,-11.06388485331178,-6.473174667204523,45.01655366268165,-22.79855844128241,919.0,666.0,670.0,663.0,663.0,662.0,2.307603553709473,-7.135969141755062,-8.795074758135444,-8.788662091095462,34.477385328432156,-13.990171483556136,37.41677578797883,-1.5886352673917457,-16.818997347755992,-14.456035767511173,45.8080377878112,-12.99026697520945,,,,,,,1282.5799560546875,1250.8800048828125,1273.8499755859375,1273.47998046875,1291.43994140625,1386.6199951171875,2.5342119986037175,-1.803192773353033,0.0290538620835884,-1.3906926959331445,-6.864177211211608,3.399623037838765,1.0336829442502162,1.0383831391100342,1.011036108432444,0.97719795433076,0.9211456754909826,1.0587741729263225,-37.072376076332326,18.17931793179318,-41.873368146214105,17.03590527119939,-0.4576941183503583,-0.0716851230967973,0.169262509443831,0.7826513504213432,-0.1547987616098983,0.3105590062111624,0.3590664272890408,0.5415162454873723,,,,,1110.0,0.0,1.7081242660403544,-4.043025439644869,-1.9059422522945,5.397144880539714,-5.006550295648479,-4.745362563237774
2003-04-01,27497.0,1.8445127597318416,1110.0,0.0,-0.1084636646723347,1.6656646744704178,1778.0,2677.0,1859.0,2983.0,1796.0,1457.0,1322.0,1547.0,1576.0,1429.0,1690.0,1775.0,1394.0,1.0,0.0,0.0,3.0,0.0,0.0,0.0,0.0,1.0,0.0,0.0,0.0,0.0,0.0,0.0,0.0,0.0,,,,,,,1337.0,1332.0,1340.0,1339.0,1333.0,1342.0,26999.0,28308.0,29999.0,31003.0,26499.0,28489.0,-4.624134520276954,-5.636854561818727,-3.238396284230558,16.996867806332315,-6.985152163993121,5.5421776016004145,-3.728214746131546,-11.06388485331178,-6.473174667204523,45.01655366268165,-22.79855844128241,38.84752343917191,666.0,670.0,663.0,663.0,662.0,707.0,-7.135969141755062,-8.795074758135444,-8.788662091095462,34.477385328432156,-13.990171483556136,21.80410213478443,-1.5886352673917457,-16.818997347755992,-14.456035767511173,45.8080377878112,-12.99026697520945,18.884846519452367,,,,,,,1250.8800048828125,1273.8499755859375,1273.47998046875,1291.43994140625,1386.6199951171875,1341.030029296875,-1.803192773353033,0.0290538620835884,-1.3906926959331445,-6.864177211211608,3.399623037838765,-1.934211216957515,1.0383831391100342,1.011036108432444,0.97719795433076,0.9211456754909826,1.0587741729263225,0.9790370803120382,-37.072376076332326,18.17931793179318,-41.873368146214105,17.03590527119939,-0.4576941183503583,-0.0716851230967973,0.169262509443831,0.7826513504213432,-0.1547987616098983,0.3105590062111624,0.3590664272890408,0.5415162454873723,,,,,1110.0,0.0,1.7081242660403544,-4.043025439644869,-1.9059422522945,5.397144880539714,-5.006550295648479,-4.745362563237774
2003-03-15,26999.0,-4.624134520276954,1110.0,0.0,1.7081242660403544,5.397144880539714,2677.0,1859.0,2983.0,1796.0,1457.0,1322.0,1547.0,1576.0,1429.0,1690.0,1775.0,1394.0,1401.0,1.0,0.0,0.0,3.0,0.0,0.0,0.0,0.0,1.0,0.0,0.0,0.0,0.0,0.0,0.0,0.0,0.0,,,,,,,1332.0,1340.0,1339.0,1333.0,1342.0,1338.0,28308.0,29999.0,31003.0,26499.0,28489.0,26993.0,-5.636854561818727,-3.238396284230558,16.996867806332315,-6.985152163993121,5.5421776016004145,-5.291042419564226,-11.06388485331178,-6.473174667204523,45.01655366268165,-22.79855844128241,38.84752343917191,-16.85211968806099,670.0,663.0,663.0,662.0,707.0,728.0,-8.795074758135444,-8.788662091095462,34.477385328432156,-13.990171483556136,21.80410213478443,-12.455568177654,-16.818997347755992,-14.456035767511173,45.8080377878112,-12.99026697520945,18.884846519452367,8.24426485922835,,,,,,,1273.8499755859375,1273.47998046875,1291.43994140625,1386.6199951171875,1341.030029296875,1367.47998046875,0.0290538620835884,-1.3906926959331445,-6.864177211211608,3.399623037838765,-1.934211216957515,-1.7283169117289714,1.011036108432444,0.97719795433076,0.9211456754909826,1.0587741729263225,0.9790370803120382,1.1298869820008373,18.17931793179318,17.176925555913634,17.03590527119939,13.529921942758024,-0.0716851230967973,-0.1543324933271699,0.7826513504213432,0.6944598031626672,0.3105590062111624,0.0,0.5415162454873723,-0.7168458781361982,,,,,1110.0,0.0,-4.043025439644869,-1.9059422522945,-1.8928688793953337,-5.006550295648479,-4.745362563237774,-4.419586731568937
2003-03-01,28308.0,-5.636854561818727,1110.0,0.0,1.7081242660403544,5.397144880539714,2677.0,1859.0,2983.0,1796.0,1457.0,1322.0,1547.0,1576.0,1429.0,1690.0,1775.0,1394.0,1401.0,1.0,0.0,0.0,3.0,0.0,0.0,0.0,0.0,1.0,0.0,0.0,0.0,0.0,0.0,0.0,0.0,0.0,,,,,,,1340.0,1339.0,1333.0,1342.0,1338.0,1332.0,29999.0,31003.0,26499.0,28489.0,26993.0,28501.0,-3.238396284230558,16.996867806332315,-6.985152163993121,5.5421776016004145,-5.291042419564226,-1.7477937120794262,-6.473174667204523,45.01655366268165,-22.79855844128241,38.84752343917191,-16.85211968806099,-4.542776556164817,663.0,663.0,662.0,707.0,728.0,663.0,-8.788662091095462,34.477385328432156,-13.990171483556136,21.80410213478443,-12.455568177654,-2.542766329773937,-14.456035767511173,45.8080377878112,-12.99026697520945,18.884846519452367,8.24426485922835,-6.484641638225249,,,,,,,1273.47998046875,1291.43994140625,1386.6199951171875,1341.030029296875,1367.47998046875,1391.530029296875,-1.3906926959331445,-6.864177211211608,3.399623037838765,-1.934211216957515,-1.7283169117289714,-1.6482274934771737,0.97719795433076,0.9211456754909826,1.0587741729263225,0.9790370803120382,1.1298869820008373,1.0444134999450327,18.17931793179318,17.176925555913634,17.03590527119939,13.529921942758024,-0.0716851230967973,-0.1543324933271699,0.7826513504213432,0.6944598031626672,0.3105590062111624,0.0,0.5415162454873723,-0.7168458781361982,,,,,1110.0,0.0,-4.043025439644869,-1.9059422522945,-1.8928688793953337,-5.006550295648479,-4.745362563237774,-4.419586731568937
2003-02-15,29999.0,-3.238396284230558,1110.0,0.0,-4.043025439644869,-5.006550295648479,1859.0,2983.0,1796.0,1457.0,1322.0,1547.0,1576.0,1429.0,1690.0,1775.0,1394.0,1401.0,1298.0,1.0,0.0,0.0,3.0,0.0,0.0,0.0,0.0,1.0,0.0,0.0,0.0,0.0,0.0,0.0,0.0,0.0,,,,,,,1339.0,1333.0,1342.0,1338.0,1332.0,1334.0,31003.0,26499.0,28489.0,26993.0,28501.0,29008.0,16.996867806332315,-6.985152163993121,5.5421776016004145,-5.291042419564226,-1.7477937120794262,-0.3606636210627554,45.01655366268165,-22.79855844128241,38.84752343917191,-16.85211968806099,-4.542776556164817,13.65831005610884,663.0,662.0,707.0,728.0,663.0,663.0,34.477385328432156,-13.990171483556136,21.80410213478443,-12.455568177654,-2.542766329773937,1.2072143709111938,45.8080377878112,-12.99026697520945,18.884846519452367,8.24426485922835,-6.484641638225249,1.50115473441108,,,,,,,1291.43994140625,1386.6199951171875,1341.030029296875,1367.47998046875,1391.530029296875,1414.8499755859375,-6.864177211211608,3.399623037838765,-1.934211216957515,-1.7283169117289714,-1.6482274934771737,-0.8931073282462721,0.9211456754909826,1.0587741729263225,0.9790370803120382,1.1298869820008373,1.0444134999450327,1.0359630013213814,17.176925555913634,29.778335424508573,13.529921942758024,2.808738296923763,-0.1543324933271699,-0.1644993933619656,0.6944598031626672,0.5060683748017961,0.0,0.1555209953343834,-0.7168458781361982,0.0,,,,,1110.0,0.0,-1.9059422522945,-1.8928688793953337,-0.0623994219843016,-4.745362563237774,-4.419586731568937,0.5477764812653961
2003-02-01,31003.0,16.996867806332315,1110.0,0.0,-4.043025439644869,-5.006550295648479,1859.0,2983.0,1796.0,1457.0,1322.0,1547.0,1576.0,1429.0,1690.0,1775.0,1394.0,1401.0,1298.0,1.0,0.0,0.0,3.0,0.0,0.0,0.0,0.0,1.0,0.0,0.0,0.0,0.0,0.0,0.0,0.0,0.0,,,,,,,1333.0,1342.0,1338.0,1332.0,1334.0,1346.0,26499.0,28489.0,26993.0,28501.0,29008.0,29113.0,-6.985152163993121,5.5421776016004145,-5.291042419564226,-1.7477937120794262,-0.3606636210627554,-5.348202093764224,-22.79855844128241,38.84752343917191,-16.85211968806099,-4.542776556164817,13.65831005610884,-12.297703833288203,662.0,707.0,728.0,663.0,663.0,663.0,-13.990171483556136,21.80410213478443,-12.455568177654,-2.542766329773937,1.2072143709111938,-10.20414786926747,-12.99026697520945,18.884846519452367,8.24426485922835,-6.484641638225249,1.50115473441108,-15.174873569337231,,,,,,,1386.6199951171875,1341.030029296875,1367.47998046875,1391.530029296875,1414.8499755859375,1427.5999755859375,3.399623037838765,-1.934211216957515,-1.7283169117289714,-1.6482274934771737,-0.8931073282462721,-0.1454925610524439,1.0587741729263225,0.9790370803120382,1.1298869820008373,1.0444134999450327,1.0359630013213814,1.0522644305490296,17.176925555913634,29.778335424508573,13.529921942758024,2.808738296923763,-0.1543324933271699,-0.1644993933619656,0.6944598031626672,0.5060683748017961,0.0,0.1555209953343834,-0.7168458781361982,0.0,,,,,1110.0,0.0,-1.9059422522945,-1.8928688793953337,-0.0623994219843016,-4.745362563237774,-4.419586731568937,0.5477764812653961
2003-01-15,26499.0,-6.985152163993121,1110.0,0.0,-1.9059422522945,-4.745362563237774,2983.0,1796.0,1457.0,1322.0,1547.0,1576.0,1429.0,1690.0,1775.0,1394.0,1401.0,1298.0,2017.0,1.0,0.0,0.0,3.0,0.0,0.0,0.0,0.0,1.0,0.0,0.0,0.0,0.0,0.0,0.0,0.0,0.0,,,,,,,1342.0,1338.0,1332.0,1334.0,1346.0,1112.0,28489.0,26993.0,28501.0,29008.0,29113.0,30758.0,5.5421776016004145,-5.291042419564226,-1.7477937120794262,-0.3606636210627554,-5.348202093764224,-1.8382587604519052,38.84752343917191,-16.85211968806099,-4.542776556164817,13.65831005610884,-12.297703833288203,-13.796649287240395,707.0,728.0,663.0,663.0,663.0,552.0,21.80410213478443,-12.455568177654,-2.542766329773937,1.2072143709111938,-10.20414786926747,-3.0948262305393928,18.884846519452367,8.24426485922835,-6.484641638225249,1.50115473441108,-15.174873569337231,-7.138510897223144,,,,,,,1341.030029296875,1367.47998046875,1391.530029296875,1414.8499755859375,1427.5999755859375,1429.6800537109375,-1.934211216957515,-1.7283169117289714,-1.6482274934771737,-0.8931073282462721,-0.1454925610524439,5.474859983015145,0.9790370803120382,1.1298869820008373,1.0444134999450327,1.0359630013213814,1.0522644305490296,0.9982798351238195,29.778335424508573,5.052724077328647,2.808738296923763,-4.634353741496599,-0.1644993933619656,-0.4047652583899832,0.5060683748017961,0.4779630732578916,0.1555209953343834,0.0,0.0,0.179533213644514,,,,,1110.0,0.0,-1.8928688793953337,-0.0623994219843016,-2.341319477853683,-4.419586731568937,0.5477764812653961,-3.0756181081335803
2003-01-01,28489.0,5.5421776016004145,1110.0,0.0,-1.9059422522945,-4.745362563237774,2983.0,1796.0,1457.0,1322.0,1547.0,1576.0,1429.0,1690.0,1775.0,1394.0,1401.0,1298.0,2017.0,1.0,0.0,0.0,3.0,0.0,0.0,0.0,0.0,1.0,0.0,0.0,0.0,0.0,0.0,0.0,0.0,0.0,,,,,,,1338.0,1332.0,1334.0,1346.0,1112.0,1115.0,26993.0,28501.0,29008.0,29113.0,30758.0,31334.0,-5.291042419564226,-1.7477937120794262,-0.3606636210627554,-5.348202093764224,-1.8382587604519052,10.29603294730543,-16.85211968806099,-4.542776556164817,13.65831005610884,-12.297703833288203,-13.796649287240395,47.54827776189248,728.0,663.0,663.0,663.0,552.0,553.0,-12.455568177654,-2.542766329773937,1.2072143709111938,-10.20414786926747,-3.0948262305393928,13.517083794494628,8.24426485922835,-6.484641638225249,1.50115473441108,-15.174873569337231,-7.138510897223144,24.805773223494743,,,,,,,1367.47998046875,1391.530029296875,1414.8499755859375,1427.5999755859375,1429.6800537109375,1355.469970703125,-1.7283169117289714,-1.6482274934771737,-0.8931073282462721,-0.1454925610524439,5.474859983015145,-5.344275788887919,1.1298869820008373,1.0444134999450327,1.0359630013213814,1.0522644305490296,0.9982798351238195,0.9855008649158673,29.778335424508573,5.052724077328647,2.808738296923763,-4.634353741496599,-0.1644993933619656,-0.4047652583899832,0.5060683748017961,0.4779630732578916,0.1555209953343834,0.0,0.0,0.179533213644514,,,,,1110.0,0.0,-1.8928688793953337,-0.0623994219843016,-2.341319477853683,-4.419586731568937,0.5477764812653961,-3.0756181081335803
