bidding,date,year,quota,quota_premium,total_bids_received,number_of_successful_bids,quota_cat_b,quota_premium_cat_b,total_bids_received_cat_b,quota_per_bid,regis_cat_a,regis_cat_b,total_cars_cat_a,total_cars_cat_b,car_age_younger_than_10,car_age_older_than_10,pqp_cat_a,pqp_cat_b,cpi_all,cpi_transport,cpi_private_transport,cpi_cars,cpi_transport_accessories,cpi_petrol,cpi_lubricants,cpi_maintenance,cpi_transport_others,cpi_transport_insurance,cpi_land_transport,cpi_bus_train_fare,cpi_ptp_transport_services,cpi_commuting_fares,cpi_other_land_transport_services,sora_1m,sti_close,catA_is_cc_only_1600,catA_is_cc_mpo_97,catA_is_cc_mpo_97_or_ev110,vgr_annual_percent,car_loan_tenure_cap_years,car_loan_ltv_cap_omv_le_20000,car_loan_ltv_cap_omv_gt_20000,tdsr_threshold,arf_is_flat_100pct,arf_is_tiered_100_140_180,arf_is_plus_220_over_80k,arf_is_revised_2023_plus_320_over_80k,parf_rebate_cap,ves_active,eeai_active,eeai_arf_rebate_cap,ev_arf_floor_zero_active
January 2026 Second Open Bidding Exercise,2026-01-21,2026,1301.0,109501.0,2303.0,1277.0,803.0,121634.0,1207.0,1277.0,,,,,,,107571,120772,,,,,,,,,,,,,,,,1.1241,4809.8798828125,0.0,0.0,1.0,0.0,7.0,0.7,0.6,0.55,0.0,0.0,0.0,1.0,60000.0,1.0,1.0,7500.0,1.0
January 2026 First Open Bidding Exercise,2026-01-07,2026,1285.0,102009.0,1658.0,1284.0,824.0,119100.0,1128.0,1277.0,,,,,,,107571,120772,,,,,,,,,,,,,,,,1.1756,4747.6201171875,0.0,0.0,1.0,0.0,7.0,0.7,0.6,0.55,0.0,0.0,0.0,1.0,60000.0,1.0,1.0,7500.0,1.0
December 2025 Second Open Bidding Exercise,2025-12-17,2025,1283.0,109501.0,1647.0,1259.0,838.0,115102.0,968.0,1277.0,3418,2915,322377,337060,,,114004,126131,101.9,104.4,103.5,106.8,101.9,98.1,100.4,105.9,100.4,104.4,107,106.7,107.7,104.1,105.6,1.1886,4575.47998046875,0.0,0.0,1.0,0.0,7.0,0.7,0.6,0.55,0.0,0.0,0.0,1.0,60000.0,1.0,1.0,15000.0,1.0
December 2025 First Open Bidding Exercise,2025-12-03,2025,1280.0,105413.0,1557.0,1272.0,802.0,123900.0,1096.0,1277.0,3418,2915,322377,337060,,,114004,126131,101.9,104.4,103.5,106.8,101.9,98.1,100.4,105.9,100.4,104.4,107,106.7,107.7,104.1,105.6,1.1212,4554.52001953125,0.0,0.0,1.0,0.0,7.0,0.7,0.6,0.55,0.0,0.0,0.0,1.0,60000.0,1.0,1.0,15000.0,1.0
November 2025 Second Open Bidding Exercise,2025-11-19,2025,1285.0,109000.0,1587.0,1279.0,806.0,129890.0,1514.0,1277.0,2425,1938,321636,336172,,,116000,130362,101.6,103.4,103.8,106.8,102.7,98.3,100.2,105.9,101.1,108.4,106,105.9,106.5,104.1,100.8,1.1059,4505.22021484375,0.0,0.0,1.0,0.0,7.0,0.7,0.6,0.55,0.0,0.0,0.0,1.0,60000.0,1.0,1.0,15000.0,1.0
November 2025 First Open Bidding Exercise,2025-11-05,2025,1306.0,110002.0,1682.0,1303.0,800.0,115001.0,953.0,1277.0,2425,1938,321636,336172,,,116000,130362,101.6,103.4,103.8,106.8,102.7,98.3,100.2,105.9,101.1,108.4,106,105.9,106.5,104.1,100.8,1.2360,4417.1201171875,0.0,0.0,1.0,0.0,7.0,0.7,0.6,0.55,0.0,0.0,0.0,1.0,60000.0,1.0,1.0,15000.0,1.0
October 2025 Second Open Bidding Exercise,2025-10-23,2025,1270.0,122000.0,1968.0,1262.0,809.0,131889.0,977.0,1264.0,2110,1830,321522,336111,,,113922,130863,101.3,104.8,105.8,111.3,102.7,96.8,98.8,105.7,101,104,105.4,105.9,105.1,104.1,102.7,1.2784,4416.27001953125,0.0,0.0,1.0,0.0,7.0,0.7,0.6,0.55,0.0,0.0,0.0,1.0,60000.0,1.0,1.0,15000.0,1.0
October 2025 First Open Bidding Exercise,2025-10-08,2025,1268.0,128105.0,2572.0,1239.0,830.0,141000.0,1202.0,1264.0,2110,1830,321522,336111,,,113922,130863,101.3,104.8,105.8,111.3,102.7,96.8,98.8,105.7,101,104,105.4,105.9,105.1,104.1,102.7,1.3206,4456.2998046875,0.0,0.0,1.0,0.0,7.0,0.7,0.6,0.55,0.0,0.0,0.0,1.0,60000.0,1.0,1.0,15000.0,1.0
September 2025 Second Open Bidding Exercise,2025-09-17,2025,1272.0,119003.0,2521.0,1266.0,792.0,136890.0,1273.0,1264.0,2522,2145,322084,336292,,,105939,125165,101.3,103.7,104.5,108.5,102.5,97.6,99.3,105.7,101.2,103.1,105.9,105.9,106.4,104.1,97.2,1.3057,4323.77978515625,0.0,0.0,1.0,0.0,7.0,0.7,0.6,0.55,0.0,0.0,0.0,1.0,60000.0,1.0,1.0,15000.0,1.0
September 2025 First Open Bidding Exercise,2025-09-03,2025,1275.0,107889.0,1844.0,1271.0,790.0,127501.0,1186.0,1264.0,2522,2145,322084,336292,,,105939,125165,101.3,103.7,104.5,108.5,102.5,97.6,99.3,105.7,101.2,103.1,105.9,105.9,106.4,104.1,97.2,1.3144,4289.330078125,0.0,0.0,1.0,0.0,7.0,0.7,0.6,0.55,0.0,0.0,0.0,1.0,60000.0,1.0,1.0,15000.0,1.0
August 2025 Second Open Bidding Exercise,2025-08-20,2025,1264.0,104524.0,1922.0,1257.0,792.0,124400.0,1221.0,1264.0,2757,1872,322505,336121,,,100644,119379,101,102.1,102.4,104.8,102.5,97.2,98.9,105.7,100.9,103.1,104.8,105.9,103.7,104.1,97.2,1.5773,4219.5400390625,0.0,0.0,1.0,0.0,7.0,0.7,0.6,0.55,0.0,0.0,0.0,1.0,60000.0,1.0,1.0,15000.0,1.0
August 2025 First Open Bidding Exercise,2025-08-06,2025,1268.0,102009.0,1755.0,1257.0,789.0,123498.0,1271.0,1264.0,2757,1872,322505,336121,,,100644,119379,101,102.1,102.4,104.8,102.5,97.2,98.9,105.7,100.9,103.1,104.8,105.9,103.7,104.1,97.2,1.6320,4227.7001953125,0.0,0.0,1.0,0.0,7.0,0.7,0.6,0.55,0.0,0.0,0.0,1.0,60000.0,1.0,1.0,15000.0,1.0
July 2025 Second Open Bidding Exercise,2025-07-23,2025,1253.0,101102.0,1874.0,1253.0,784.0,119101.0,1148.0,1252.0,2642,1961,322639,336272,,,100473,117542,100.4,101.8,102.4,103.7,102.3,99.5,99.6,105.7,100.7,103.1,103.7,105.9,101.3,104.1,94.3,1.5574,4231.27978515625,0.0,0.0,1.0,0.0,7.0,0.7,0.6,0.55,0.0,0.0,0.0,1.0,60000.0,1.0,1.0,15000.0,1.0
July 2025 First Open Bidding Exercise,2025-07-09,2025,1253.0,101102.0,1918.0,1250.0,781.0,119600.0,1199.0,1252.0,2642,1961,322639,336272,,,100473,117542,100.4,101.8,102.4,103.7,102.3,99.5,99.6,105.7,100.7,103.1,103.7,105.9,101.3,104.1,94.3,1.6733,4057.820068359375,0.0,0.0,1.0,0.0,7.0,0.7,0.6,0.55,0.0,0.0,0.0,1.0,60000.0,1.0,1.0,15000.0,1.0
June 2025 Second Open Bidding Exercise,2025-06-18,2025,1254.0,98124.0,1647.0,1253.0,784.0,116670.0,1163.0,1252.0,2571,2029,322188,336181,,,99643,116909,100.9,101.6,101.5,102.3,102.6,99.4,98.9,104.1,100.3,105.9,104.5,105.9,103.2,104.1,94.9,1.9108,3920.81005859375,0.0,0.0,1.0,0.0,7.0,0.7,0.6,0.55,0.0,0.0,0.0,1.0,60000.0,1.0,1.0,15000.0,1.0
June 2025 First Open Bidding Exercise,2025-06-04,2025,1275.0,96999.0,1691.0,1274.0,795.0,113000.0,974.0,1252.0,2571,2029,322188,336181,,,99643,116909,100.9,101.6,101.5,102.3,102.6,99.4,98.9,104.1,100.3,105.9,104.5,105.9,103.2,104.1,94.9,2.1723,3903.8798828125,0.0,0.0,1.0,0.0,7.0,0.7,0.6,0.55,0.0,0.0,0.0,1.0,60000.0,1.0,1.0,15000.0,1.0
May 2025 Second Open Bidding Exercise,2025-05-21,2025,1267.0,102501.0,1915.0,1265.0,782.0,116988.0,1093.0,1252.0,2225,2208,321905,336121,,,98328,116945,101,101.8,101.7,103.5,102.5,97.8,98.6,104.1,100.3,103.3,104.9,105.9,104.2,104.1,95.7,2.1953,3882.550048828125,0.0,0.0,1.0,0.0,7.0,0.7,0.6,0.55,0.0,0.0,0.0,1.0,60000.0,1.0,1.0,15000.0,1.0
May 2025 First Open Bidding Exercise,2025-05-07,2025,1267.0,103009.0,2240.0,1244.0,813.0,119890.0,1210.0,1252.0,2225,2208,321905,336121,,,98328,116945,101,101.8,101.7,103.5,102.5,97.8,98.6,104.1,100.3,103.3,104.9,105.9,104.2,104.1,95.7,2.2398,3865.3701171875,0.0,0.0,1.0,0.0,7.0,0.7,0.6,0.55,0.0,0.0,0.0,1.0,60000.0,1.0,1.0,15000.0,1.0
April 2025 Second Open Bidding Exercise,2025-04-23,2025,1139.0,99500.0,2121.0,1124.0,744.0,117003.0,1098.0,1138.0,2106,1828,321792,335848,,,93718,114249,100.3,101.9,101.7,102.8,102.3,98.8,99.8,104,100.5,103.3,104.4,105.9,102.9,104.1,96.5,2.3258,3832.320068359375,0.0,0.0,1.0,0.0,7.0,0.7,0.6,0.55,0.0,0.0,0.0,1.0,60000.0,1.0,1.0,15000.0,1.0
April 2025 First Open Bidding Exercise,2025-04-09,2025,1138.0,97724.0,2162.0,1122.0,760.0,117899.0,1200.0,1138.0,2106,1828,321792,335848,,,93718,114249,100.3,101.9,101.7,102.8,102.3,98.8,99.8,104,100.5,103.3,104.4,105.9,102.9,104.1,96.5,2.3707,3393.68994140625,0.0,0.0,1.0,0.0,7.0,0.7,0.6,0.55,0.0,0.0,0.0,1.0,60000.0,1.0,1.0,15000.0,1.0
March 2025 Second Open Bidding Exercise,2025-03-19,2025,1138.0,94502.0,1951.0,1137.0,747.0,116890.0,1196.0,1138.0,2104,2217,321650,335894,,,92064,114787,100.6,101.2,100.7,101.4,101.8,97.7,99.8,103.7,100.6,104.4,105.4,105.9,105.3,104.1,96.8,2.3354,3908.31005859375,0.0,0.0,1.0,0.0,7.0,0.7,0.6,0.55,0.0,0.0,0.0,1.0,60000.0,1.0,1.0,15000.0,1.0
March 2025 First Open Bidding Exercise,2025-03-05,2025,1144.0,92730.0,2034.0,1144.0,765.0,113000.0,1208.0,1138.0,2104,2217,321650,335894,,,92064,114787,100.6,101.2,100.7,101.4,101.8,97.7,99.8,103.7,100.6,104.4,105.4,105.9,105.3,104.1,96.8,2.4407,3898.39990234375,0.0,0.0,1.0,0.0,7.0,0.7,0.6,0.55,0.0,0.0,0.0,1.0,60000.0,1.0,1.0,15000.0,1.0
February 2025 Second Open Bidding Exercise,2025-02-19,2025,1149.0,92850.0,2290.0,1149.0,744.0,109598.0,1135.0,1138.0,2429,1442,321616,335423,,,92525,111807,100.7,101.5,100.7,100,101.3,101.5,101.5,103.5,100.9,103.2,105.3,105.9,104.5,104.1,105.7,2.6428,3934.0400390625,0.0,0.0,1.0,0.0,7.0,0.7,0.6,0.55,0.0,0.0,0.0,1.0,60000.0,1.0,1.0,15000.0,1.0
February 2025 First Open Bidding Exercise,2025-02-05,2025,1138.0,85000.0,1446.0,1132.0,748.0,111104.0,1007.0,1138.0,2429,1442,321616,335423,,,92525,111807,100.7,101.5,100.7,100,101.3,101.5,101.5,103.5,100.9,103.2,105.3,105.9,104.5,104.1,105.7,2.7906,3815.3701171875,0.0,0.0,1.0,0.0,7.0,0.7,0.6,0.55,0.0,0.0,0.0,1.0,60000.0,1.0,1.0,15000.0,1.0
January 2025 Second Open Bidding Exercise,2025-01-22,2025,1069.0,93601.0,1484.0,1058.0,686.0,116625.0,1071.0,1032.0,1352,1335,320891,335477,,,94513,110537,99.9,102.3,101.5,102.4,100.6,100.3,100.4,104,100.1,103.2,103.8,105.9,101.3,104.1,100.5,2.6592,3781.2099609375,0.0,0.0,1.0,0.0,7.0,0.7,0.6,0.55,0.0,0.0,0.0,1.0,60000.0,1.0,1.0,15000.0,1.0
January 2025 First Open Bidding Exercise,2025-01-08,2025,1034.0,93699.0,1381.0,1034.0,677.0,121501.0,1266.0,1032.0,1352,1335,320891,335477,,,94513,110537,99.9,102.3,101.5,102.4,100.6,100.3,100.4,104,100.1,103.2,103.8,105.9,101.3,104.1,100.5,2.8583,3886.97998046875,0.0,0.0,1.0,0.0,7.0,0.7,0.6,0.55,0.0,0.0,0.0,1.0,60000.0,1.0,1.0,15000.0,1.0
December 2024 Second Open Bidding Exercise,2024-12-18,2024,1035.0,96000.0,1506.0,998.0,676.0,109000.0,987.0,1032.0,2928,2350,321611,335675,557429.0,657744.0,97747,109164,100.7,100.8,99.8,99.7,100.2,99.3,98.8,103.5,99.9,103.2,101.3,100.7,102.3,100,99.4,3.0341,3779.6201171875,0.0,0.0,1.0,0.0,7.0,0.7,0.6,0.55,0.0,0.0,0.0,1.0,60000.0,1.0,1.0,15000.0,1.0
December 2024 First Open Bidding Exercise,2024-12-04,2024,1037.0,94000.0,1475.0,1034.0,689.0,103010.0,866.0,1032.0,2928,2350,321611,335675,557429.0,657744.0,97747,109164,100.7,100.8,99.8,99.7,100.2,99.3,98.8,103.5,99.9,103.2,101.3,100.7,102.3,100,99.4,2.9947,3799.93994140625,0.0,0.0,1.0,0.0,7.0,0.7,0.6,0.55,0.0,0.0,0.0,1.0,60000.0,1.0,1.0,15000.0,1.0
November 2024 Second Open Bidding Exercise,2024-11-20,2024,1041.0,89889.0,1320.0,1038.0,678.0,105081.0,874.0,1032.0,1929,1645,320656,334866,557429.0,657744.0,98582,109880,100.4,100.2,100.3,99.9,100.3,100.4,99.2,103.5,100.3,103.2,100.3,99.9,100.8,100,99.5,3.0492,3743.639892578125,0.0,0.0,1.0,0.0,7.0,0.7,0.6,0.55,0.0,0.0,0.0,1.0,60000.0,1.0,1.0,15000.0,1.0
November 2024 First Open Bidding Exercise,2024-11-06,2024,1040.0,99889.0,1338.0,1035.0,696.0,108001.0,1039.0,1032.0,1929,1645,320656,334866,557429.0,657744.0,98582,109880,100.4,100.2,100.3,99.9,100.3,100.4,99.2,103.5,100.3,103.2,100.3,99.9,100.8,100,99.5,3.1124,3602.989990234375,0.0,0.0,1.0,0.0,7.0,0.7,0.6,0.55,0.0,0.0,0.0,1.0,60000.0,1.0,1.0,15000.0,1.0
October 2024 Second Open Bidding Exercise,2024-10-23,2024,1058.0,102900.0,1499.0,1048.0,670.0,113890.0,975.0,977.0,1939,1455,320148,334612,557429.0,657744.0,98317,109698,100.1,101.4,101.9,102.8,100.1,100.6,99.5,103.5,100.3,103.2,101.6,99.9,104,100,99.8,3.2664,3600.780029296875,0.0,0.0,1.0,0.0,7.0,0.7,0.6,0.55,0.0,0.0,0.0,1.0,60000.0,1.0,1.0,15000.0,1.0
October 2024 First Open Bidding Exercise,2024-10-09,2024,994.0,103799.0,1604.0,986.0,671.0,116002.0,1084.0,977.0,1939,1455,320148,334612,557429.0,657744.0,98317,109698,100.1,101.4,101.9,102.8,100.1,100.6,99.5,103.5,100.3,103.2,101.6,99.9,104,100,99.8,3.4364,3595.659912109375,0.0,0.0,1.0,0.0,7.0,0.7,0.6,0.55,0.0,0.0,0.0,1.0,60000.0,1.0,1.0,15000.0,1.0
September 2024 Second Open Bidding Exercise,2024-09-18,2024,990.0,98524.0,1377.0,909.0,663.0,110001.0,879.0,977.0,2178,1927,320115,334638,557429.0,657744.0,94351,104866,100.6,100.3,100.7,101.1,100.3,99,99.1,103.5,100.5,99.7,100.5,99.9,101.2,100,100.2,3.4505,3592.419921875,0.0,0.0,1.0,0.0,7.0,0.7,0.6,0.55,0.0,0.0,0.0,1.0,60000.0,1.0,1.0,15000.0,1.0
September 2024 First Open Bidding Exercise,2024-09-04,2024,983.0,96490.0,1308.0,966.0,665.0,106300.0,924.0,977.0,2178,1927,320115,334638,557429.0,657744.0,94351,104866,100.6,100.3,100.7,101.1,100.3,99,99.1,103.5,100.5,99.7,100.5,99.9,101.2,100,100.2,3.4788,3441.3798828125,0.0,0.0,1.0,0.0,7.0,0.7,0.6,0.55,0.0,0.0,0.0,1.0,60000.0,1.0,1.0,15000.0,1.0
August 2024 Second Open Bidding Exercise,2024-08-21,2024,978.0,93900.0,1314.0,966.0,686.0,105889.0,985.0,977.0,2092,1829,319824,334038,557429.0,657744.0,91697,102639,100.4,99.7,100,100.2,100.4,98.2,99.3,103.5,100.1,99.7,99.3,99.9,98.2,100,101.2,3.5743,3373.760009765625,0.0,0.0,1.0,0.0,7.0,0.7,0.6,0.55,0.0,0.0,0.0,1.0,60000.0,1.0,1.0,15000.0,1.0
August 2024 First Open Bidding Exercise,2024-08-07,2024,1013.0,94289.0,1570.0,1007.0,663.0,106101.0,1150.0,977.0,2092,1829,319824,334038,557429.0,657744.0,91697,102639,100.4,99.7,100,100.2,100.4,98.2,99.3,103.5,100.1,99.7,99.3,99.9,98.2,100,101.2,3.5547,3249.719970703125,0.0,0.0,1.0,0.0,7.0,0.7,0.6,0.55,0.0,0.0,0.0,1.0,60000.0,1.0,1.0,15000.0,1.0
July 2024 Second Open Bidding Exercise,2024-07-17,2024,973.0,91899.0,1342.0,972.0,661.0,100000.0,891.0,962.0,2219,1679,319508,333430,557429.0,657744.0,91383,102423,99.8,99.7,100.2,99.5,99.8,101.3,101.1,103.5,100.3,99.7,98.9,99.9,97.6,100,97.9,3.5425,3489.570068359375,0.0,0.0,1.0,0.0,7.0,0.7,0.6,0.55,0.0,0.0,0.0,1.0,60000.0,1.0,1.0,15000.0,1.0
July 2024 First Open Bidding Exercise,2024-07-03,2024,967.0,91001.0,1429.0,932.0,671.0,100901.0,896.0,962.0,2219,1679,319508,333430,557429.0,657744.0,91383,102423,99.8,99.7,100.2,99.5,99.8,101.3,101.1,103.5,100.3,99.7,98.9,99.9,97.6,100,97.9,3.6537,3415.510009765625,0.0,0.0,1.0,0.0,7.0,0.7,0.6,0.55,0.0,0.0,0.0,1.0,60000.0,1.0,1.0,15000.0,1.0
June 2024 Second Open Bidding Exercise,2024-06-20,2024,966.0,90889.0,1403.0,955.0,674.0,102334.0,1046.0,962.0,1983,1776,318510,332843,557429.0,657744.0,91401,102828,100.1,99.6,99.5,99.7,100.3,99.8,99.8,97.5,99.5,99,99.4,99.9,98.7,100,99.2,3.6655,3300.0,0.0,0.0,1.0,0.0,7.0,0.7,0.6,0.55,0.0,0.0,0.0,1.0,60000.0,1.0,1.0,15000.0,1.0
June 2024 First Open Bidding Exercise,2024-06-05,2024,962.0,88200.0,1467.0,957.0,685.0,100607.0,974.0,962.0,1983,1776,318510,332843,557429.0,657744.0,91401,102828,100.1,99.6,99.5,99.7,100.3,99.8,99.8,97.5,99.5,99,99.4,99.9,98.7,100,99.2,3.6877,3330.010009765625,0.0,0.0,1.0,0.0,7.0,0.7,0.6,0.55,0.0,0.0,0.0,1.0,60000.0,1.0,1.0,15000.0,1.0
May 2024 Second Open Bidding Exercise,2024-05-23,2024,983.0,92700.0,1444.0,980.0,658.0,105689.0,1099.0,962.0,1726,1450,317586,331962,557429.0,657744.0,89634,101008,100.2,100.1,100.6,101.2,99.8,101.5,101.3,96.3,99.6,99,99.2,99.9,98.3,100,98.2,3.6856,3322.6201171875,0.0,0.0,1.0,0.0,7.0,0.7,0.6,0.55,0.0,0.0,0.0,1.0,60000.0,1.0,1.0,15000.0,1.0
May 2024 First Open Bidding Exercise,2024-05-08,2024,968.0,93604.0,1632.0,968.0,666.0,105002.0,1237.0,962.0,1726,1450,317586,331962,557429.0,657744.0,89634,101008,100.2,100.1,100.6,101.2,99.8,101.5,101.3,96.3,99.6,99,99.2,99.9,98.3,100,98.2,3.5654,3264.530029296875,0.0,0.0,1.0,0.0,7.0,0.7,0.6,0.55,0.0,0.0,0.0,1.0,60000.0,1.0,1.0,15000.0,1.0
April 2024 Second Open Bidding Exercise,2024-04-17,2024,936.0,94010.0,1390.0,916.0,690.0,102001.0,1008.0,935.0,1947,1482,317617,331539,557429.0,657744.0,84550,99116,99.4,100.1,100.3,100,99.9,102.5,101.5,96.3,100,99,99.5,99.9,98.8,100,99.1,3.6802,3154.68994140625,0.0,0.0,1.0,0.0,7.0,0.7,0.6,0.55,0.0,0.0,0.0,1.0,60000.0,1.0,1.0,15000.0,1.0
April 2024 First Open Bidding Exercise,2024-04-03,2024,975.0,89000.0,1922.0,970.0,653.0,101334.0,1208.0,935.0,1947,1482,317617,331539,557429.0,657744.0,84550,99116,99.4,100.1,100.3,100,99.9,102.5,101.5,96.3,100,99,99.5,99.9,98.8,100,99.1,3.7448,3222.659912109375,0.0,0.0,1.0,0.0,7.0,0.7,0.6,0.55,0.0,0.0,0.0,1.0,60000.0,1.0,1.0,15000.0,1.0
March 2024 Second Open Bidding Exercise,2024-03-20,2024,936.0,85489.0,1922.0,935.0,656.0,96011.0,1066.0,935.0,1884,1595,318176,331109,557429.0,657744.0,78482,98062,99.7,99.4,98.7,98,100.3,99.7,100.6,96.3,99.9,98.1,101.1,99.9,102.9,100,100.1,3.6770,3177.47998046875,0.0,0.0,1.0,0.0,7.0,0.7,0.6,0.55,0.0,0.0,0.0,1.0,60000.0,1.0,1.0,15000.0,1.0
March 2024 First Open Bidding Exercise,2024-03-06,2024,963.0,83000.0,1866.0,923.0,708.0,96010.0,1073.0,935.0,1884,1595,318176,331109,557429.0,657744.0,78482,98062,99.7,99.4,98.7,98,100.3,99.7,100.6,96.3,99.9,98.1,101.1,99.9,102.9,100,100.1,3.6734,3136.139892578125,0.0,0.0,1.0,0.0,7.0,0.7,0.6,0.55,0.0,0.0,0.0,1.0,60000.0,1.0,1.0,15000.0,1.0
February 2024 Second Open Bidding Exercise,2024-02-21,2024,937.0,76801.0,1909.0,936.0,649.0,97000.0,1034.0,935.0,1355,1027,318712,330760,557429.0,657744.0,79237,106075,99.8,99.6,99.1,98.8,99.1,100,100.9,96.5,99.9,98.1,99.9,99.9,99.3,100,108.3,3.5541,3217.110107421875,0.0,0.0,1.0,0.0,7.0,0.7,0.6,0.55,0.0,0.0,0.0,1.0,60000.0,1.0,1.0,15000.0,1.0
February 2024 First Open Bidding Exercise,2024-02-07,2024,938.0,79000.0,1931.0,910.0,655.0,102338.0,1163.0,935.0,1355,1027,318712,330760,557429.0,657744.0,79237,106075,99.8,99.6,99.1,98.8,99.1,100,100.9,96.5,99.9,98.1,99.9,99.9,99.3,100,108.3,3.5842,3156.14990234375,0.0,0.0,1.0,0.0,7.0,0.7,0.6,0.55,0.0,0.0,0.0,1.0,60000.0,1.0,1.0,15000.0,1.0
January 2024 Second Open Bidding Exercise,2024-01-17,2024,923.0,81589.0,1880.0,921.0,657.0,112000.0,1308.0,919.0,1110,1074,319029,330845,557429.0,657744.0,83385,113742,98.8,99.2,98.8,99.1,99.3,97.7,99,96.3,99.8,98.1,99,99.9,97.8,100,97.2,3.6141,3142.219970703125,0.0,0.0,1.0,0.0,7.0,0.7,0.6,0.55,0.0,0.0,0.0,1.0,60000.0,1.0,1.0,15000.0,1.0
January 2024 First Open Bidding Exercise,2024-01-04,2024,924.0,65010.0,1184.0,920.0,633.0,85010.0,850.0,919.0,1110,1074,319029,330845,557429.0,657744.0,83385,113742,98.8,99.2,98.8,99.1,99.3,97.7,99,96.3,99.8,98.1,99,99.9,97.8,100,97.2,3.6530,3174.010009765625,0.0,0.0,1.0,0.0,7.0,0.7,0.6,0.55,0.0,0.0,0.0,1.0,60000.0,1.0,1.0,15000.0,1.0
December 2023 Second Open Bidding Exercise,2023-12-20,2023,919.0,85000.0,1166.0,915.0,643.0,110001.0,847.0,919.0,2593,2125,319837,331007,539621.0,651302.0,93952,130241,99.2,100.5,100.7,102.2,,97.3,99.2,,,,95.4,95.3,95.3,94.5,,3.7285,3108.030029296875,0.0,0.0,1.0,0.0,7.0,0.7,0.6,0.55,0.0,0.0,0.0,1.0,60000.0,1.0,1.0,20000.0,0.0
December 2023 First Open Bidding Exercise,2023-12-06,2023,928.0,88020.0,1233.0,923.0,638.0,130100.0,933.0,919.0,2593,2125,319837,331007,539621.0,651302.0,93952,130241,99.2,100.5,100.7,102.2,,97.3,99.2,,,,95.4,95.3,95.3,94.5,,3.6500,3087.239990234375,0.0,0.0,1.0,0.0,7.0,0.7,0.6,0.55,0.0,0.0,0.0,1.0,60000.0,1.0,1.0,20000.0,0.0
November 2023 Second Open Bidding Exercise,2023-11-22,2023,925.0,85001.0,1291.0,925.0,648.0,135336.0,1228.0,919.0,1395,1084,319183,329927,539621.0,651302.0,99449,136187,98.8,100,101.3,102.5,,99,101.5,,,,93,93.4,91.8,94.5,,3.7085,3114.919921875,0.0,0.0,1.0,0.0,7.0,0.7,0.6,0.55,0.0,0.0,0.0,1.0,60000.0,1.0,1.0,20000.0,0.0
November 2023 First Open Bidding Exercise,2023-11-08,2023,924.0,95689.0,1165.0,915.0,636.0,110001.0,830.0,919.0,1395,1084,319183,329927,539621.0,651302.0,99449,136187,98.8,100,101.3,102.5,,99,101.5,,,,93,93.4,91.8,94.5,,3.7592,3129.719970703125,0.0,0.0,1.0,0.0,7.0,0.7,0.6,0.55,0.0,0.0,0.0,1.0,60000.0,1.0,1.0,20000.0,0.0
October 2023 Second Open Bidding Exercise,2023-10-18,2023,797.0,106000.0,1028.0,791.0,472.0,150001.0,623.0,681.0,1269,1053,319442,329884,539621.0,651302.0,102584,138094,99,103.2,105.6,108.4,,100.6,103.2,,,,93.6,93.4,93.6,94.5,,3.7397,3136.6201171875,0.0,0.0,1.0,0.0,7.0,0.7,0.6,0.55,0.0,0.0,0.0,1.0,60000.0,1.0,1.0,20000.0,0.0
October 2023 First Open Bidding Exercise,2023-10-04,2023,785.0,104000.0,1039.0,779.0,474.0,146002.0,643.0,681.0,1269,1053,319442,329884,539621.0,651302.0,102584,138094,99,103.2,105.6,108.4,,100.6,103.2,,,,93.6,93.4,93.6,94.5,,3.7709,3147.389892578125,0.0,0.0,1.0,0.0,7.0,0.7,0.6,0.55,0.0,0.0,0.0,1.0,60000.0,1.0,1.0,20000.0,0.0
September 2023 Second Open Bidding Exercise,2023-09-20,2023,651.0,105000.0,864.0,635.0,496.0,140889.0,735.0,681.0,1292,1077,319715,329854,539621.0,651302.0,99617,128094,98.8,101.9,104,105.7,,101.9,102.2,,,,93.4,93.4,93.2,94.5,,3.7586,3242.0,0.0,0.0,1.0,0.0,7.0,0.7,0.6,0.55,0.0,0.0,0.0,1.0,60000.0,1.0,1.0,20000.0,0.0
September 2023 First Open Bidding Exercise,2023-09-06,2023,645.0,101000.0,840.0,640.0,470.0,134889.0,723.0,681.0,1292,1077,319715,329854,539621.0,651302.0,99617,128094,98.8,101.9,104,105.7,,101.9,102.2,,,,93.4,93.4,93.2,94.5,,3.7121,3222.8798828125,0.0,0.0,1.0,0.0,7.0,0.7,0.6,0.55,0.0,0.0,0.0,1.0,60000.0,1.0,1.0,20000.0,0.0
August 2023 Second Open Bidding Exercise,2023-08-23,2023,636.0,100000.0,908.0,616.0,478.0,129890.0,731.0,681.0,1177,1318,319933,329816,539621.0,651302.0,97652,122414,98.3,100.1,101.6,102.8,,99.4,97.5,,,,93,93.4,92.3,94.5,,3.6265,3174.179931640625,0.0,0.0,1.0,0.0,7.0,0.7,0.6,0.55,0.0,0.0,0.0,1.0,60000.0,1.0,1.0,20000.0,0.0
August 2023 First Open Bidding Exercise,2023-08-10,2023,632.0,99499.0,949.0,618.0,470.0,126889.0,853.0,681.0,1177,1318,319933,329816,539621.0,651302.0,97652,122414,98.3,100.1,101.6,102.8,,99.4,97.5,,,,93,93.4,92.3,94.5,,3.5831,3322.929931640625,0.0,0.0,1.0,0.0,7.0,0.7,0.6,0.55,0.0,0.0,0.0,1.0,60000.0,1.0,1.0,20000.0,0.0
July 2023 Second Open Bidding Exercise,2023-07-19,2023,581.0,95202.0,728.0,576.0,462.0,118001.0,602.0,560.0,1155,1193,320241,329625,539621.0,651302.0,96569,118357,97.4,98.2,99,99.8,,96.1,91.7,,,,92.9,93.4,91.8,94.5,,3.7024,3275.239990234375,0.0,0.0,1.0,0.0,7.0,0.7,0.6,0.55,0.0,0.0,0.0,1.0,60000.0,1.0,1.0,20000.0,0.0
July 2023 First Open Bidding Exercise,2023-07-05,2023,588.0,97000.0,756.0,587.0,471.0,118002.0,594.0,560.0,1155,1193,320241,329625,539621.0,651302.0,96569,118357,97.4,98.2,99,99.8,,96.1,91.7,,,,92.9,93.4,91.8,94.5,,3.7747,3185.3798828125,0.0,0.0,1.0,0.0,7.0,0.7,0.6,0.55,0.0,0.0,0.0,1.0,60000.0,1.0,1.0,20000.0,0.0
June 2023 Second Open Bidding Exercise,2023-06-21,2023,586.0,96206.0,751.0,583.0,454.0,121000.0,622.0,560.0,1103,1182,320396,329497,539621.0,651302.0,97905,118921,97.6,99,99.9,101.4,,95.4,91,,,,93.1,93.4,92,94.5,,3.7579,3223.659912109375,0.0,0.0,1.0,0.0,7.0,0.7,0.6,0.55,0.0,0.0,0.0,1.0,60000.0,1.0,1.0,20000.0,0.0
June 2023 First Open Bidding Exercise,2023-06-07,2023,581.0,98001.0,881.0,571.0,454.0,120702.0,719.0,560.0,1103,1182,320396,329497,539621.0,651302.0,97905,118921,97.6,99,99.9,101.4,,95.4,91,,,,93.1,93.4,92,94.5,,3.6610,3179.580078125,0.0,0.0,1.0,0.0,7.0,0.7,0.6,0.55,0.0,0.0,0.0,1.0,60000.0,1.0,1.0,20000.0,0.0
May 2023 Second Open Bidding Exercise,2023-05-17,2023,596.0,92000.0,936.0,588.0,480.0,113034.0,713.0,560.0,924,1252,320546,329443,539621.0,651302.0,95788,117255,97.2,97.4,98,98.9,,94.8,90.9,,,,92.9,93.4,91.8,94.5,,3.5990,3173.840087890625,0.0,0.0,1.0,0.0,7.0,0.7,0.6,0.55,0.0,0.0,0.0,1.0,60000.0,1.0,1.0,20000.0,0.0
May 2023 First Open Bidding Exercise,2023-05-04,2023,474.0,101001.0,663.0,472.0,410.0,119399.0,513.0,560.0,924,1252,320546,329443,539621.0,651302.0,95788,117255,97.2,97.4,98,98.9,,94.8,90.9,,,,92.9,93.4,91.8,94.5,,3.5546,3269.179931640625,0.0,0.0,1.0,0.0,7.0,0.7,0.6,0.55,0.0,0.0,0.0,1.0,60000.0,1.0,1.0,20000.0,0.0
April 2023 Second Open Bidding Exercise,2023-04-19,2023,507.0,103721.0,750.0,489.0,430.0,120889.0,553.0,505.0,1078,1077,321357,329366,539621.0,651302.0,92381,115270,96.9,99.3,100.2,101.4,,96.2,95.1,,,,93.1,93.4,92,94.5,,3.5178,3324.050048828125,0.0,0.0,1.0,0.0,7.0,0.7,0.6,0.55,0.0,0.0,0.0,1.0,60000.0,1.0,1.0,20000.0,0.0
April 2023 First Open Bidding Exercise,2023-04-05,2023,515.0,96501.0,749.0,508.0,430.0,118501.0,566.0,505.0,1078,1077,321357,329366,539621.0,651302.0,92381,115270,96.9,99.3,100.2,101.4,,96.2,95.1,,,,93.1,93.4,92,94.5,,3.6796,3318.8701171875,0.0,0.0,1.0,0.0,7.0,0.7,0.6,0.55,0.0,0.0,0.0,1.0,60000.0,1.0,1.0,20000.0,0.0
March 2023 Second Open Bidding Exercise,2023-03-22,2023,510.0,93503.0,768.0,508.0,466.0,116201.0,670.0,505.0,1093,1311,321740,329291,539621.0,651302.0,86677,109948,96.8,97.7,98.2,98.8,,95.3,97.5,,,,94,93.4,94.5,94.5,,3.6871,3220.97998046875,0.0,0.0,1.0,0.0,7.0,0.7,0.6,0.55,0.0,0.0,0.0,1.0,60000.0,1.0,1.0,20000.0,0.0
March 2023 First Open Bidding Exercise,2023-03-08,2023,517.0,88000.0,665.0,507.0,431.0,115501.0,629.0,505.0,1093,1311,321740,329291,539621.0,651302.0,86677,109948,96.8,97.7,98.2,98.8,,95.3,97.5,,,,94,93.4,94.5,94.5,,3.5710,3226.860107421875,0.0,0.0,1.0,0.0,7.0,0.7,0.6,0.55,0.0,0.0,0.0,1.0,60000.0,1.0,1.0,20000.0,0.0
February 2023 Second Open Bidding Exercise,2023-02-22,2023,508.0,86556.0,702.0,504.0,436.0,115001.0,768.0,505.0,1005,1101,322016,329100,539621.0,651302.0,85845,106916,96.3,96.5,96.5,96.2,,95.5,99.8,,,,94.7,93.4,96.1,94.5,,3.5572,3300.0400390625,0.0,0.0,1.0,0.0,7.0,0.7,0.6,0.55,0.0,0.0,0.0,1.0,60000.0,1.0,1.0,20000.0,0.0
February 2023 First Open Bidding Exercise,2023-02-08,2023,509.0,86000.0,663.0,497.0,430.0,105524.0,580.0,505.0,1005,1101,322016,329100,539621.0,651302.0,85845,106916,96.3,96.5,96.5,96.2,,95.5,99.8,,,,94.7,93.4,96.1,94.5,,3.5831,3388.52001953125,0.0,0.0,1.0,0.0,7.0,0.7,0.6,0.55,0.0,0.0,1.0,0.0,0.0,1.0,1.0,20000.0,0.0
January 2023 Second Open Bidding Exercise,2023-01-18,2023,459.0,86000.0,627.0,456.0,408.0,105459.0,514.0,458.0,827,1041,321859,328710,539621.0,651302.0,86723,108373,95.8,96.1,95,94.5,,94.3,100.8,,,,94.5,93.4,94.8,94.5,,2.7767,3289.550048828125,0.0,0.0,1.0,0.0,7.0,0.7,0.6,0.55,0.0,0.0,1.0,0.0,0.0,1.0,1.0,20000.0,0.0
January 2023 First Open Bidding Exercise,2023-01-05,2023,462.0,80000.0,649.0,459.0,410.0,102002.0,487.0,458.0,827,1041,321859,328710,539621.0,651302.0,86723,108373,95.8,96.1,95,94.5,,94.3,100.8,,,,94.5,93.4,94.8,94.5,,2.5201,3292.659912109375,0.0,0.0,1.0,0.0,7.0,0.7,0.6,0.55,0.0,0.0,1.0,0.0,0.0,1.0,1.0,20000.0,0.0
December 2022 Second Open Bidding Exercise,2022-12-21,2022,473.0,88007.0,618.0,472.0,409.0,108006.0,564.0,458.0,1077,1272,321840,328368,523001.0,650667.0,85988,108106,95.6,96.7,96,96.3,,93.8,100.6,,,,93.1,91.3,95.2,90.7,,3.1680,3256.18994140625,0.0,0.0,1.0,0.0,7.0,0.7,0.6,0.55,0.0,0.0,1.0,0.0,0.0,1.0,1.0,20000.0,0.0
December 2022 First Open Bidding Exercise,2022-12-07,2022,458.0,88503.0,616.0,454.0,427.0,105501.0,568.0,458.0,1077,1272,321840,328368,523001.0,650667.0,85988,108106,95.6,96.7,96,96.3,,93.8,100.6,,,,93.1,91.3,95.2,90.7,,3.4909,3225.449951171875,0.0,0.0,1.0,0.0,7.0,0.7,0.6,0.55,0.0,0.0,1.0,0.0,0.0,1.0,1.0,20000.0,0.0
November 2022 Second Open Bidding Exercise,2022-11-23,2022,459.0,90589.0,622.0,444.0,416.0,113881.0,568.0,458.0,1100,1165,321620,327838,523001.0,650667.0,84903,109363,95.4,97.2,97.3,97.5,,96.8,105.3,,,,92.3,90.8,94.1,90.7,,3.0891,3255.989990234375,0.0,0.0,1.0,0.0,7.0,0.7,0.6,0.55,0.0,0.0,1.0,0.0,0.0,1.0,1.0,20000.0,0.0
November 2022 First Open Bidding Exercise,2022-11-09,2022,460.0,87235.0,687.0,460.0,411.0,115388.0,640.0,458.0,1100,1165,321620,327838,523001.0,650667.0,84903,109363,95.4,97.2,97.3,97.5,,96.8,105.3,,,,92.3,90.8,94.1,90.7,,2.9978,3165.5,0.0,0.0,1.0,0.0,7.0,0.7,0.6,0.55,0.0,0.0,1.0,0.0,0.0,1.0,1.0,20000.0,0.0
October 2022 Second Open Bidding Exercise,2022-10-19,2022,559.0,81089.0,714.0,558.0,470.0,110000.0,848.0,543.0,1019,1296,321944,327663,523001.0,650667.0,83247,107652,94.5,95.2,94.6,93.7,,96.4,104.9,,,,92.4,90.8,94.3,90.7,,3.0219,3022.800048828125,0.0,0.0,1.0,0.0,7.0,0.7,0.6,0.55,0.0,0.0,1.0,0.0,0.0,1.0,1.0,20000.0,0.0
October 2022 First Open Bidding Exercise,2022-10-05,2022,564.0,80501.0,724.0,561.0,474.0,95856.0,635.0,543.0,1019,1296,321944,327663,523001.0,650667.0,83247,107652,94.5,95.2,94.6,93.7,,96.4,104.9,,,,92.4,90.8,94.3,90.7,,2.5185,3153.22998046875,0.0,0.0,1.0,0.0,7.0,0.7,0.6,0.55,0.0,0.0,1.0,0.0,0.0,1.0,1.0,20000.0,0.0
September 2022 Second Open Bidding Exercise,2022-09-21,2022,543.0,84000.0,759.0,527.0,471.0,108051.0,553.0,543.0,1011,1303,321953,327146,523001.0,650667.0,82465,109643,94.9,95.9,95.8,95.4,,98,105.6,,,,92,90.8,93.6,90.1,,2.0737,3261.7900390625,0.0,0.0,1.0,0.0,7.0,0.7,0.6,0.55,0.0,0.0,1.0,0.0,0.0,1.0,1.0,20000.0,0.0
September 2022 First Open Bidding Exercise,2022-09-07,2022,556.0,86000.0,723.0,535.0,470.0,113000.0,627.0,543.0,1011,1303,321953,327146,523001.0,650667.0,82465,109643,94.9,95.9,95.8,95.4,,98,105.6,,,,92,90.8,93.6,90.1,,1.9956,3210.830078125,0.0,0.0,1.0,0.0,7.0,0.7,0.6,0.55,0.0,0.0,1.0,0.0,0.0,1.0,1.0,20000.0,0.0
August 2022 Second Open Bidding Exercise,2022-08-17,2022,551.0,87889.0,835.0,551.0,471.0,112001.0,665.0,543.0,1133,1174,321952,326749,523001.0,650667.0,78930,107249,94.4,95.5,95.5,94.7,,99.4,106.6,,,,91.3,90.8,91.6,90.1,,1.7879,3262.760009765625,0.0,0.0,1.0,0.0,7.0,0.7,0.6,0.55,0.0,0.0,1.0,0.0,0.0,1.0,1.0,20000.0,0.0
August 2022 First Open Bidding Exercise,2022-08-03,2022,554.0,80000.0,689.0,541.0,474.0,107001.0,612.0,543.0,1133,1174,321952,326749,523001.0,650667.0,78930,107249,94.4,95.5,95.5,94.7,,99.4,106.6,,,,91.3,90.8,91.6,90.1,,1.8382,3252.06005859375,0.0,0.0,1.0,0.0,7.0,0.7,0.6,0.55,0.0,0.0,1.0,0.0,0.0,1.0,1.0,20000.0,0.0
July 2022 Second Open Bidding Exercise,2022-07-20,2022,628.0,78899.0,834.0,620.0,527.0,110003.0,702.0,612.0,1240,1246,321780,326481,523001.0,650667.0,74099,102078,93.6,94.7,94.5,92.6,,106.5,111.5,,,,91.1,90.8,91.2,90.1,,1.7549,3170.2900390625,0.0,0.0,1.0,0.0,7.0,0.7,0.6,0.55,0.0,0.0,1.0,0.0,0.0,1.0,1.0,20000.0,0.0
July 2022 First Open Bidding Exercise,2022-07-06,2022,617.0,78001.0,900.0,606.0,527.0,107800.0,695.0,612.0,1240,1246,321780,326481,523001.0,650667.0,74099,102078,93.6,94.7,94.5,92.6,,106.5,111.5,,,,91.1,90.8,91.2,90.1,,1.2211,3103.659912109375,0.0,0.0,1.0,0.0,7.0,0.7,0.6,0.55,0.0,0.0,1.0,0.0,0.0,1.0,1.0,20000.0,0.0
June 2022 Second Open Bidding Exercise,2022-06-22,2022,614.0,74989.0,850.0,598.0,531.0,106001.0,822.0,612.0,1406,1808,321493,326123,523001.0,650667.0,71565,97176,93.4,94.7,94.4,90.8,,115.5,115.7,,,,91.8,90.8,92.7,90.1,,0.7722,3093.31005859375,0.0,0.0,1.0,0.0,7.0,0.7,0.6,0.55,0.0,0.0,1.0,0.0,0.0,1.0,1.0,20000.0,0.0
June 2022 First Open Bidding Exercise,2022-06-08,2022,612.0,73801.0,874.0,607.0,528.0,100684.0,851.0,612.0,1406,1808,321493,326123,523001.0,650667.0,71565,97176,93.4,94.7,94.4,90.8,,115.5,115.7,,,,91.8,90.8,92.7,90.1,,0.8800,3225.800048828125,0.0,0.0,1.0,0.0,7.0,0.7,0.6,0.55,0.0,0.0,1.0,0.0,0.0,1.0,1.0,20000.0,0.0
May 2022 Second Open Bidding Exercise,2022-05-19,2022,625.0,68001.0,819.0,623.0,528.0,95889.0,709.0,612.0,1313,1604,321176,325164,523001.0,650667.0,70109,95025,92.5,91.9,91.3,87.7,,109.5,111.1,,,,91,90.8,90.9,90.1,,0.7191,3190.7099609375,0.0,0.0,1.0,0.0,7.0,0.7,0.6,0.55,0.0,0.0,1.0,0.0,0.0,1.0,1.0,20000.0,0.0
May 2022 First Open Bidding Exercise,2022-05-06,2022,612.0,70901.0,804.0,612.0,527.0,92090.0,699.0,612.0,1313,1604,321176,325164,523001.0,650667.0,70109,95025,92.5,91.9,91.3,87.7,,109.5,111.1,,,,91,90.8,90.9,90.1,,0.3751,3291.889892578125,0.0,0.0,1.0,0.0,7.0,0.7,0.6,0.55,0.0,0.0,1.0,0.0,0.0,1.0,1.0,20000.0,0.0
April 2022 Second Open Bidding Exercise,2022-04-20,2022,532.0,68699.0,744.0,519.0,560.0,90002.0,687.0,531.0,1139,1347,320818,324481,523001.0,650667.0,67586,93644,91.6,91.4,90.7,87.8,,104.3,104.8,,,,89.2,90.8,87.3,90.1,,0.3937,3335.320068359375,0.0,1.0,0.0,0.0,7.0,0.7,0.6,0.55,0.0,0.0,1.0,0.0,0.0,1.0,1.0,20000.0,0.0
April 2022 First Open Bidding Exercise,2022-04-06,2022,536.0,72996.0,723.0,536.0,550.0,98389.0,708.0,531.0,1139,1347,320818,324481,523001.0,650667.0,67586,93644,91.6,91.4,90.7,87.8,,104.3,104.8,,,,89.2,90.8,87.3,90.1,,0.3473,3422.949951171875,0.0,1.0,0.0,0.0,7.0,0.7,0.6,0.55,0.0,0.0,1.0,0.0,0.0,1.0,1.0,20000.0,0.0
March 2022 Second Open Bidding Exercise,2022-03-23,2022,543.0,71556.0,849.0,542.0,555.0,98889.0,824.0,531.0,1073,1531,320807,324111,523001.0,650667.0,63220,88862,91.7,92,90.4,87.3,,104.4,102.7,,,,88.7,90.8,86.2,90.1,,0.2270,3364.260009765625,0.0,1.0,0.0,0.0,7.0,0.7,0.6,0.55,0.0,0.0,1.0,0.0,0.0,1.0,1.0,20000.0,0.0
March 2022 First Open Bidding Exercise,2022-03-09,2022,531.0,68501.0,962.0,526.0,551.0,94889.0,860.0,531.0,1073,1531,320807,324111,523001.0,650667.0,63220,88862,91.7,92,90.4,87.3,,104.4,102.7,,,,88.7,90.8,86.2,90.1,,0.2464,3195.3798828125,0.0,1.0,0.0,0.0,7.0,0.7,0.6,0.55,0.0,0.0,1.0,0.0,0.0,1.0,1.0,20000.0,0.0
February 2022 Second Open Bidding Exercise,2022-02-23,2022,536.0,63000.0,876.0,524.0,559.0,93590.0,939.0,531.0,985,1270,321375,323943,523001.0,650667.0,59179,83464,90.6,88,86,82.9,,95.7,89.2,,,,87.3,90.8,82.9,90.1,,0.2934,3393.0,0.0,1.0,0.0,0.0,7.0,0.7,0.6,0.55,0.0,0.0,1.0,0.0,0.0,1.0,1.0,20000.0,0.0
February 2022 First Open Bidding Exercise,2022-02-09,2022,542.0,60761.0,819.0,542.0,550.0,86102.0,865.0,531.0,985,1270,321375,323943,523001.0,650667.0,59179,83464,90.6,88,86,82.9,,95.7,89.2,,,,87.3,90.8,82.9,90.1,,0.2552,3420.0400390625,0.0,1.0,0.0,0.0,7.0,0.7,0.6,0.55,0.0,1.0,0.0,0.0,0.0,1.0,1.0,20000.0,0.0
January 2022 Second Open Bidding Exercise,2022-01-19,2022,531.0,57898.0,711.0,526.0,592.0,82001.0,907.0,532.0,1315,1645,321432,323620,523001.0,650667.0,56670,80583,89.8,85.9,83.1,79.6,,91.8,84.8,,,,87.5,90.8,83.5,90.1,,0.2027,3283.93994140625,0.0,1.0,0.0,0.0,7.0,0.7,0.6,0.55,0.0,1.0,0.0,0.0,0.0,1.0,1.0,20000.0,0.0
January 2022 First Open Bidding Exercise,2022-01-05,2022,543.0,57599.0,760.0,533.0,587.0,77700.0,712.0,532.0,1315,1645,321432,323620,523001.0,650667.0,56670,80583,89.8,85.9,83.1,79.6,,91.8,84.8,,,,87.5,90.8,83.5,90.1,,0.2299,3163.43994140625,0.0,1.0,0.0,0.0,7.0,0.7,0.6,0.55,0.0,1.0,0.0,0.0,0.0,1.0,1.0,20000.0,0.0
December 2021 Second Open Bidding Exercise,2021-12-22,2021,534.0,58801.0,740.0,534.0,595.0,80989.0,829.0,532.0,1191,1696,321500,323174,508713.0,645150.0,54039,79034,89.8,85.8,83.1,80.1,,90,82.6,,,,85.6,89.2,80.9,89.2,,0.1850,3087.510009765625,0.0,1.0,0.0,0.0,7.0,0.7,0.6,0.55,0.0,1.0,0.0,0.0,0.0,1.0,1.0,20000.0,0.0
December 2021 First Open Bidding Exercise,2021-12-08,2021,536.0,57010.0,771.0,525.0,593.0,80401.0,822.0,532.0,1191,1696,321500,323174,508713.0,645150.0,54039,79034,89.8,85.8,83.1,80.1,,90,82.6,,,,85.6,89.2,80.9,89.2,,0.1775,3129.77001953125,0.0,1.0,0.0,0.0,7.0,0.7,0.6,0.55,0.0,1.0,0.0,0.0,0.0,1.0,1.0,20000.0,0.0
November 2021 Second Open Bidding Exercise,2021-11-17,2021,537.0,55001.0,706.0,535.0,594.0,79601.0,797.0,532.0,1352,1594,321406,322645,508713.0,645150.0,50570,73954,89.4,84.7,83,79.7,,91,83.8,,,,84.5,88.9,78.7,89.2,,0.1804,3232.679931640625,0.0,1.0,0.0,0.0,7.0,0.7,0.6,0.6,0.0,1.0,0.0,0.0,0.0,1.0,1.0,20000.0,0.0
November 2021 First Open Bidding Exercise,2021-11-03,2021,536.0,53709.0,834.0,531.0,587.0,82801.0,839.0,532.0,1352,1594,321406,322645,508713.0,645150.0,50570,73954,89.4,84.7,83,79.7,,91,83.8,,,,84.5,88.9,78.7,89.2,,0.1965,3219.68994140625,0.0,1.0,0.0,0.0,7.0,0.7,0.6,0.6,0.0,1.0,0.0,0.0,0.0,1.0,1.0,20000.0,0.0
October 2021 Second Open Bidding Exercise,2021-10-20,2021,811.0,52709.0,1304.0,806.0,774.0,80210.0,1240.0,802.0,1470,1472,321252,322216,508713.0,645150.0,47765,66387,88.5,82.5,80.6,76.6,,89.5,82.1,,,,84.9,88.9,79.9,89.2,,0.1593,3198.080078125,0.0,1.0,0.0,0.0,7.0,0.7,0.6,0.6,0.0,1.0,0.0,0.0,0.0,1.0,1.0,20000.0,0.0
October 2021 First Open Bidding Exercise,2021-10-06,2021,816.0,47001.0,1077.0,812.0,774.0,70200.0,1130.0,802.0,1470,1472,321252,322216,508713.0,645150.0,47765,66387,88.5,82.5,80.6,76.6,,89.5,82.1,,,,84.9,88.9,79.9,89.2,,0.1114,3083.8798828125,0.0,1.0,0.0,0.0,7.0,0.7,0.6,0.6,0.0,1.0,0.0,0.0,0.0,1.0,1.0,20000.0,0.0
September 2021 Second Open Bidding Exercise,2021-09-22,2021,803.0,48000.0,1040.0,795.0,772.0,68310.0,1189.0,802.0,1484,2403,321025,322072,508713.0,645150.0,46482,60586,88.2,80.6,78.3,73.7,,87.7,79.9,,,,84.8,88.9,79.5,89.2,,0.1438,3048.050048828125,0.0,1.0,0.0,0.0,7.0,0.7,0.6,0.6,0.0,1.0,0.0,0.0,0.0,1.0,1.0,20000.0,0.0
September 2021 First Open Bidding Exercise,2021-09-08,2021,804.0,47000.0,1124.0,790.0,791.0,62600.0,1080.0,802.0,1484,2403,321025,322072,508713.0,645150.0,46482,60586,88.2,80.6,78.3,73.7,,87.7,79.9,,,,84.8,88.9,79.5,89.2,,0.1436,3068.93994140625,0.0,1.0,0.0,0.0,7.0,0.7,0.6,0.6,0.0,1.0,0.0,0.0,0.0,1.0,1.0,20000.0,0.0
August 2021 Second Open Bidding Exercise,2021-08-18,2021,806.0,46689.0,1127.0,806.0,794.0,61001.0,1065.0,802.0,1251,2241,320580,320909,508713.0,645150.0,46704,58124,87.9,79.5,77,71.6,,87.6,79.7,,,,84.7,88.9,79.3,89.2,,0.1420,3131.43994140625,0.0,1.0,0.0,0.0,7.0,0.7,0.6,0.6,0.0,1.0,0.0,0.0,0.0,1.0,1.0,20000.0,0.0
August 2021 First Open Bidding Exercise,2021-08-04,2021,805.0,45189.0,1021.0,804.0,771.0,56001.0,980.0,802.0,1251,2241,320580,320909,508713.0,645150.0,46704,58124,87.9,79.5,77,71.6,,87.6,79.7,,,,84.7,88.9,79.3,89.2,,0.1279,3182.89990234375,0.0,1.0,0.0,0.0,7.0,0.7,0.6,0.6,0.0,1.0,0.0,0.0,0.0,1.0,1.0,20000.0,0.0
July 2021 Second Open Bidding Exercise,2021-07-22,2021,836.0,47010.0,1240.0,832.0,819.0,59501.0,1107.0,829.0,1598,1809,320585,320004,508713.0,645150.0,46358,58306,87.4,79.6,77.3,71.6,,87.5,79.7,,,,84.2,88.9,78.1,89.2,,0.1057,3159.260009765625,0.0,1.0,0.0,0.0,7.0,0.7,0.6,0.6,0.0,1.0,0.0,0.0,0.0,1.0,1.0,20000.0,0.0
July 2021 First Open Bidding Exercise,2021-07-07,2021,867.0,45001.0,1149.0,864.0,840.0,56100.0,1087.0,829.0,1598,1809,320585,320004,508713.0,645150.0,46358,58306,87.4,79.6,77.3,71.6,,87.5,79.7,,,,84.2,88.9,78.1,89.2,,0.1221,3141.60009765625,0.0,1.0,0.0,0.0,7.0,0.7,0.6,0.6,0.0,1.0,0.0,0.0,0.0,1.0,1.0,20000.0,0.0
June 2021 Second Open Bidding Exercise,2021-06-23,2021,830.0,47821.0,1178.0,823.0,809.0,56032.0,983.0,829.0,1932,2484,320236,319527,508713.0,645150.0,46896,57955,87.6,79.7,77.4,72.2,,85.1,77.2,,,,83.7,88.9,77,89.2,,0.1348,3118.6201171875,0.0,1.0,0.0,0.0,7.0,0.7,0.6,0.6,0.0,1.0,0.0,0.0,0.0,1.0,1.0,20000.0,0.0
June 2021 First Open Bidding Exercise,2021-06-09,2021,858.0,48510.0,1439.0,820.0,815.0,60109.0,1107.0,829.0,1932,2484,320236,319527,508713.0,645150.0,46896,57955,87.6,79.7,77.4,72.2,,85.1,77.2,,,,83.7,88.9,77,89.2,,0.1318,3153.469970703125,0.0,1.0,0.0,0.0,7.0,0.7,0.6,0.6,0.0,1.0,0.0,0.0,0.0,1.0,1.0,20000.0,0.0
May 2021 Second Open Bidding Exercise,2021-05-19,2021,835.0,41801.0,1209.0,834.0,817.0,58089.0,1089.0,829.0,1519,2240,320168,318723,508713.0,645150.0,45272,53932,87.6,79.6,77.1,71.8,,84.2,76.2,,,,85,88.9,80,89.2,,0.1709,3104.2099609375,0.0,1.0,0.0,0.0,7.0,0.7,0.6,0.6,0.0,1.0,0.0,0.0,0.0,1.0,1.0,20000.0,0.0
May 2021 First Open Bidding Exercise,2021-05-05,2021,832.0,48002.0,1100.0,803.0,819.0,60001.0,1244.0,829.0,1519,2240,320168,318723,508713.0,645150.0,45272,53932,87.6,79.6,77.1,71.8,,84.2,76.2,,,,85,88.9,80,89.2,,0.1349,3153.590087890625,0.0,1.0,0.0,0.0,7.0,0.7,0.6,0.6,0.0,1.0,0.0,0.0,0.0,1.0,1.0,20000.0,0.0
April 2021 Second Open Bidding Exercise,2021-04-21,2021,890.0,49640.0,1290.0,883.0,956.0,61190.0,1585.0,883.0,1683,2348,320521,318281,508713.0,645150.0,44138,49716,86.9,79.2,76.7,71.4,,83,74.9,,,,84.6,88.9,79.2,89.2,,0.1514,3155.06005859375,0.0,1.0,0.0,0.0,7.0,0.7,0.6,0.6,0.0,1.0,0.0,0.0,0.0,1.0,1.0,20000.0,0.0
April 2021 First Open Bidding Exercise,2021-04-07,2021,883.0,45600.0,1212.0,880.0,958.0,52309.0,1524.0,883.0,1683,2348,320521,318281,508713.0,645150.0,44138,49716,86.9,79.2,76.7,71.4,,83,74.9,,,,84.6,88.9,79.2,89.2,,0.2280,3195.760009765625,0.0,1.0,0.0,0.0,7.0,0.7,0.6,0.6,0.0,1.0,0.0,0.0,0.0,1.0,1.0,20000.0,0.0
March 2021 Second Open Bidding Exercise,2021-03-17,2021,886.0,44589.0,1186.0,879.0,946.0,47001.0,1222.0,883.0,1888,2694,320445,317580,508713.0,645150.0,42283,47316,87,77.5,74.4,68.2,,82.8,75.5,,,,85,88.9,80,89.2,,0.2174,3109.64990234375,0.0,1.0,0.0,0.0,7.0,0.7,0.6,0.6,0.0,1.0,0.0,0.0,0.0,1.0,1.0,20000.0,0.0
March 2021 First Open Bidding Exercise,2021-03-03,2021,887.0,41996.0,1175.0,887.0,942.0,45001.0,1121.0,883.0,1888,2694,320445,317580,508713.0,645150.0,42283,47316,87,77.5,74.4,68.2,,82.8,75.5,,,,85,88.9,80,89.2,,0.1992,3000.3701171875,0.0,1.0,0.0,0.0,7.0,0.7,0.6,0.6,0.0,1.0,0.0,0.0,0.0,1.0,1.0,20000.0,0.0
February 2021 Second Open Bidding Exercise,2021-02-17,2021,903.0,41001.0,1226.0,900.0,942.0,46002.0,1168.0,883.0,1537,2099,320475,316690,508713.0,645150.0,41397,47701,86.8,76.7,73.4,67.9,,78,73.4,,,,84.2,88.9,78.3,89.2,,0.1754,2920.429931640625,0.0,1.0,0.0,0.0,7.0,0.7,0.6,0.6,0.0,1.0,0.0,0.0,0.0,1.0,1.0,20000.0,0.0
February 2021 First Open Bidding Exercise,2021-02-03,2021,885.0,42000.0,1098.0,881.0,943.0,46790.0,1107.0,883.0,1537,2099,320475,316690,508713.0,645150.0,41397,47701,86.8,76.7,73.4,67.9,,78,73.4,,,,84.2,88.9,78.3,89.2,,0.1796,2927.469970703125,0.0,1.0,0.0,0.0,7.0,0.7,0.6,0.6,0.0,1.0,0.0,0.0,0.0,1.0,1.0,20000.0,0.0
January 2021 Second Open Bidding Exercise,2021-01-20,2021,963.0,40609.0,1280.0,962.0,1023.0,49001.0,1396.0,963.0,2452,2799,320206,315789,508713.0,645150.0,39844,45586,86.3,76.2,72.9,68.2,,73.5,70.7,,,,84.2,88.9,78.1,89.2,,0.2641,2998.77001953125,0.0,1.0,0.0,0.0,7.0,0.7,0.6,0.6,0.0,1.0,0.0,0.0,0.0,1.0,1.0,20000.0,0.0
January 2021 First Open Bidding Exercise,2021-01-06,2021,963.0,40609.0,1280.0,962.0,1023.0,49001.0,1396.0,963.0,2452,2799,320206,315789,508713.0,645150.0,39844,45586,86.3,76.2,72.9,68.2,,73.5,70.7,,,,84.2,88.9,78.1,89.2,,0.2425,2863.010009765625,0.0,1.0,0.0,0.0,7.0,0.7,0.6,0.6,0.0,1.0,0.0,0.0,0.0,1.0,1.0,20000.0,0.0
December 2020 Second Open Bidding Exercise,2020-12-23,2020,969.0,40556.0,1403.0,966.0,1009.0,49300.0,1631.0,963.0,1291,2614,319137,314417,491010.0,634042.0,38137,42683,86.4,75.4,72,67.3,,71.6,69.2,,,,83.5,88.9,76.6,89.5,,0.1208,2833.39990234375,0.0,1.0,0.0,0.0,7.0,0.7,0.6,0.6,0.0,1.0,0.0,0.0,0.0,1.0,0.0,0.0,0.0
December 2020 First Open Bidding Exercise,2020-12-09,2020,978.0,40714.0,1620.0,978.0,1035.0,45012.0,1712.0,963.0,1291,2614,319137,314417,491010.0,634042.0,38137,42683,86.4,75.4,72,67.3,,71.6,69.2,,,,83.5,88.9,76.6,89.5,,0.1131,2843.070068359375,0.0,1.0,0.0,0.0,7.0,0.7,0.6,0.6,0.0,1.0,0.0,0.0,0.0,1.0,0.0,0.0,0.0
November 2020 Second Open Bidding Exercise,2020-11-18,2020,972.0,37690.0,1361.0,966.0,1007.0,41101.0,1559.0,963.0,1819,2840,319271,313393,491010.0,634042.0,37303,40714,86,74.2,70.4,65.2,,70.2,67.9,,,,83.3,88.9,76.1,89.5,,0.1184,2788.590087890625,0.0,1.0,0.0,0.0,7.0,0.7,0.6,0.6,0.0,1.0,0.0,0.0,0.0,1.0,0.0,0.0,0.0
November 2020 First Open Bidding Exercise,2020-11-04,2020,967.0,35990.0,1262.0,952.0,1013.0,39000.0,1415.0,963.0,1819,2840,319271,313393,491010.0,634042.0,37303,40714,86,74.2,70.4,65.2,,70.2,67.9,,,,83.3,88.9,76.1,89.5,,0.1454,2515.97998046875,0.0,1.0,0.0,0.0,7.0,0.7,0.6,0.6,0.0,1.0,0.0,0.0,0.0,1.0,0.0,0.0,0.0
October 2020 Second Open Bidding Exercise,2020-10-21,2020,916.0,37334.0,1323.0,907.0,793.0,40990.0,1272.0,984.0,2091,2650,318958,312135,491010.0,634042.0,36475,40014,85.7,74.3,70.6,65.5,,70.1,68,,,,83.2,88.9,75.8,89.5,,0.1232,2525.610107421875,0.0,1.0,0.0,0.0,7.0,0.7,0.6,0.6,0.0,1.0,0.0,0.0,0.0,1.0,0.0,0.0,0.0
October 2020 First Open Bidding Exercise,2020-10-07,2020,912.0,36534.0,1272.0,907.0,805.0,40690.0,1218.0,984.0,2091,2650,318958,312135,491010.0,634042.0,36475,40014,85.7,74.3,70.6,65.5,,70.1,68,,,,83.2,88.9,75.8,89.5,,0.1031,2538.360107421875,0.0,1.0,0.0,0.0,7.0,0.7,0.6,0.6,0.0,1.0,0.0,0.0,0.0,1.0,0.0,0.0,0.0
September 2020 Second Open Bidding Exercise,2020-09-23,2020,1034.0,38504.0,1540.0,1031.0,912.0,40989.0,1497.0,984.0,1978,2578,318385,311144,491010.0,634042.0,35200,38216,86.1,74.4,70.7,65.8,,69.9,68.2,,,,83.2,88.9,75.8,89.5,,0.1023,2481.139892578125,0.0,1.0,0.0,0.0,7.0,0.7,0.6,0.6,0.0,1.0,0.0,0.0,0.0,1.0,0.0,0.0,0.0
September 2020 First Open Bidding Exercise,2020-09-09,2020,1035.0,37766.0,1737.0,1035.0,904.0,41510.0,1715.0,984.0,1978,2578,318385,311144,491010.0,634042.0,35200,38216,86.1,74.4,70.7,65.8,,69.9,68.2,,,,83.2,88.9,75.8,89.5,,0.1008,2499.330078125,0.0,1.0,0.0,0.0,7.0,0.7,0.6,0.6,0.0,1.0,0.0,0.0,0.0,1.0,0.0,0.0,0.0
August 2020 Second Open Bidding Exercise,2020-08-19,2020,1034.0,35710.0,2099.0,1019.0,923.0,38802.0,1727.0,984.0,2277,2897,317944,310271,491010.0,634042.0,33140,34935,85.8,73.4,69.4,64,,69.7,67.9,,,,82.9,88.9,75.3,89.5,,0.1281,2561.0400390625,0.0,1.0,0.0,0.0,7.0,0.7,0.6,0.6,0.0,1.0,0.0,0.0,0.0,1.0,0.0,0.0,0.0
August 2020 First Open Bidding Exercise,2020-08-05,2020,1022.0,33000.0,2047.0,1007.0,932.0,37102.0,1985.0,984.0,2277,2897,317944,310271,491010.0,634042.0,33140,34935,85.8,73.4,69.4,64,,69.7,67.9,,,,82.9,88.9,75.3,89.5,,0.0898,2532.68994140625,0.0,1.0,0.0,0.0,7.0,0.7,0.6,0.6,0.0,1.0,0.0,0.0,0.0,1.0,0.0,0.0,0.0
July 2020 Second Open Bidding Exercise,2020-07-22,2020,1304.0,32699.0,2485.0,1290.0,1339.0,35001.0,2497.0,1284.0,1909,2912,317417,309164,491010.0,634042.0,32190,32914,85.2,72.7,68.6,62.9,,69.7,67.8,,,,82.4,88.9,74,89.5,,0.0726,2594.530029296875,0.0,1.0,0.0,0.0,7.0,0.7,0.6,0.6,0.0,1.0,0.0,0.0,0.0,1.0,0.0,0.0,0.0
July 2020 First Open Bidding Exercise,2020-07-08,2020,1289.0,33520.0,3061.0,1286.0,1291.0,35889.0,3160.0,1284.0,1909,2912,317417,309164,491010.0,634042.0,32190,32914,85.2,72.7,68.6,62.9,,69.7,67.8,,,,82.4,88.9,74,89.5,,0.1079,2669.489990234375,0.0,1.0,0.0,0.0,7.0,0.7,0.6,0.6,0.0,1.0,0.0,0.0,0.0,1.0,0.0,0.0,0.0
March 2020 Second Open Bidding Exercise,2020-03-18,2020,982.0,31210.0,1421.0,962.0,992.0,30012.0,1366.0,973.0,2250,2732,321127,310794,491010.0,634042.0,32875,33568,85.9,73.4,69.4,62,,74.9,71.2,,,,83.2,88.9,75.7,90.3,,0.7559,2425.6201171875,0.0,1.0,0.0,0.0,7.0,0.7,0.6,0.6,0.0,1.0,0.0,0.0,0.0,1.0,0.0,0.0,0.0
March 2020 First Open Bidding Exercise,2020-03-04,2020,978.0,32699.0,1436.0,973.0,987.0,32801.0,1347.0,973.0,2250,2732,321127,310794,491010.0,634042.0,32875,33568,85.9,73.4,69.4,62,,74.9,71.2,,,,83.2,88.9,75.7,90.3,,0.9426,3025.030029296875,0.0,1.0,0.0,0.0,7.0,0.7,0.6,0.6,0.0,1.0,0.0,0.0,0.0,1.0,0.0,0.0,0.0
February 2020 Second Open Bidding Exercise,2020-02-19,2020,982.0,32999.0,1564.0,973.0,987.0,32889.0,1459.0,973.0,2028,2630,321274,310341,491010.0,634042.0,33207,35416,86.2,74.4,70.5,62.4,,78.8,75.5,,,,84.3,88.9,78.2,90.3,,1.1135,3213.7099609375,0.0,1.0,0.0,0.0,7.0,0.7,0.6,0.6,0.0,1.0,0.0,0.0,0.0,1.0,0.0,0.0,0.0
February 2020 First Open Bidding Exercise,2020-02-05,2020,982.0,30010.0,1204.0,977.0,984.0,30890.0,1173.0,973.0,2028,2630,321274,310341,491010.0,634042.0,33207,35416,86.2,74.4,70.5,62.4,,78.8,75.5,,,,84.3,88.9,78.2,90.3,,1.1642,3200.1298828125,0.0,1.0,0.0,0.0,7.0,0.7,0.6,0.6,0.0,1.0,0.0,0.0,0.0,1.0,0.0,0.0,0.0
January 2020 Second Open Bidding Exercise,2020-01-22,2020,1034.0,35010.0,1390.0,1025.0,1012.0,37705.0,1157.0,1018.0,2160,2861,321024,309741,491010.0,634042.0,33038,38071,86.1,75.7,71.6,63.8,,80.4,76.4,,,,84.2,88.9,77.1,90.3,,1.2202,3253.929931640625,0.0,1.0,0.0,0.0,7.0,0.7,0.6,0.6,0.0,1.0,0.0,0.0,0.0,1.0,0.0,0.0,0.0
January 2020 First Open Bidding Exercise,2020-01-08,2020,1035.0,35320.0,1450.0,1026.0,1022.0,37109.0,1229.0,1018.0,2160,2861,321024,309741,491010.0,634042.0,33038,38071,86.1,75.7,71.6,63.8,,80.4,76.4,,,,84.2,88.9,77.1,90.3,,1.2334,3245.889892578125,0.0,1.0,0.0,0.0,7.0,0.7,0.6,0.6,0.0,1.0,0.0,0.0,0.0,1.0,0.0,0.0,0.0
December 2019 Second Open Bidding Exercise,2019-12-18,2019,1029.0,32889.0,1256.0,1013.0,1015.0,36000.0,1251.0,1018.0,2156,2550,321103,308991,497334.0,630596.0,32368,39463,86.3,75,71.2,63.4,,80.5,76,,,,81.5,83.8,77.4,89.8,,1.3083,3209.5400390625,0.0,1.0,0.0,0.0,7.0,0.7,0.6,0.6,0.0,1.0,0.0,0.0,0.0,1.0,0.0,0.0,0.0
December 2019 First Open Bidding Exercise,2019-12-04,2019,1030.0,33009.0,1386.0,1013.0,1013.0,37900.0,1265.0,1018.0,2156,2550,321103,308991,497334.0,630596.0,32368,39463,86.3,75,71.2,63.4,,80.5,76,,,,81.5,83.8,77.4,89.8,,1.1862,3159.7900390625,0.0,1.0,0.0,0.0,7.0,0.7,0.6,0.6,0.0,1.0,0.0,0.0,0.0,1.0,0.0,0.0,0.0
November 2019 Second Open Bidding Exercise,2019-11-20,2019,1023.0,32000.0,1468.0,1012.0,1019.0,39700.0,1331.0,1018.0,2447,2622,321092,308711,497334.0,630596.0,31976,39313,86.2,74.5,71.3,63.6,,79.4,74.8,,,,80.7,83,76.3,89.8,,1.2136,3229.780029296875,0.0,1.0,0.0,0.0,7.0,0.7,0.6,0.6,0.0,1.0,0.0,0.0,0.0,1.0,0.0,0.0,0.0
November 2019 First Open Bidding Exercise,2019-11-06,2019,1043.0,30000.0,1302.0,1031.0,1017.0,40009.0,1296.0,1018.0,2447,2622,321092,308711,497334.0,630596.0,31976,39313,86.2,74.5,71.3,63.6,,79.4,74.8,,,,80.7,83,76.3,89.8,,1.3404,3262.68994140625,0.0,1.0,0.0,0.0,7.0,0.7,0.6,0.6,0.0,1.0,0.0,0.0,0.0,1.0,0.0,0.0,0.0
October 2019 Second Open Bidding Exercise,2019-10-23,2019,1060.0,32309.0,1467.0,1056.0,1044.0,41805.0,1503.0,1056.0,2202,2812,320788,308215,497334.0,630596.0,32416,39129,85.9,74.7,71.5,64,,78.8,74.3,,,,80.5,83,76,89.8,,1.2796,3144.280029296875,0.0,1.0,0.0,0.0,7.0,0.7,0.6,0.6,0.0,1.0,0.0,0.0,0.0,1.0,0.0,0.0,0.0
October 2019 First Open Bidding Exercise,2019-10-09,2019,1057.0,34001.0,1659.0,1033.0,1048.0,41361.0,1559.0,1056.0,2202,2812,320788,308215,497334.0,630596.0,32416,39129,85.9,74.7,71.5,64,,78.8,74.3,,,,80.5,83,76,89.8,,1.3004,3089.89990234375,0.0,1.0,0.0,0.0,7.0,0.7,0.6,0.6,0.0,1.0,0.0,0.0,0.0,1.0,0.0,0.0,0.0
September 2019 Second Open Bidding Exercise,2019-09-18,2019,1056.0,31759.0,1453.0,1053.0,1044.0,37000.0,1418.0,1056.0,2567,3004,320778,307530,497334.0,630596.0,30574,37502,86.1,74,70.8,63.1,,78.2,74,,,,80.4,83,75.9,89.8,,1.5183,3166.840087890625,0.0,1.0,0.0,0.0,7.0,0.7,0.6,0.6,0.0,1.0,0.0,0.0,0.0,1.0,0.0,0.0,0.0
September 2019 First Open Bidding Exercise,2019-09-04,2019,1056.0,31783.0,1656.0,1056.0,1046.0,36001.0,1289.0,1056.0,2567,3004,320778,307530,497334.0,630596.0,30574,37502,86.1,74,70.8,63.1,,78.2,74,,,,80.4,83,75.9,89.8,,1.5945,3130.570068359375,0.0,1.0,0.0,0.0,7.0,0.7,0.6,0.6,0.0,1.0,0.0,0.0,0.0,1.0,0.0,0.0,0.0
August 2019 Second Open Bidding Exercise,2019-08-21,2019,1062.0,31917.0,1725.0,1062.0,1045.0,38602.0,1415.0,1056.0,2390,2705,320357,306629,497334.0,630596.0,29485,37941,86.1,74.5,71.1,63.7,,77.5,73.2,,,,80.2,83,75.3,89.8,,1.6952,3122.570068359375,0.0,1.0,0.0,0.0,7.0,0.7,0.6,0.6,0.0,1.0,0.0,0.0,0.0,1.0,0.0,0.0,0.0
August 2019 First Open Bidding Exercise,2019-08-07,2019,1059.0,32725.0,2023.0,1059.0,1047.0,40001.0,1487.0,1056.0,2390,2705,320357,306629,497334.0,630596.0,29485,37941,86.1,74.5,71.1,63.7,,77.5,73.2,,,,80.2,83,75.3,89.8,,1.6101,3184.68994140625,0.0,1.0,0.0,0.0,7.0,0.7,0.6,0.6,0.0,1.0,0.0,0.0,0.0,1.0,0.0,0.0,0.0
July 2019 Second Open Bidding Exercise,2019-07-17,2019,1623.0,26667.0,1902.0,1617.0,1143.0,39406.0,1677.0,1424.0,3658,3327,320143,306047,497334.0,630596.0,29328,39936,85.6,73.7,70.1,62.3,,77.5,73.5,,,,80.4,83,75.8,89.8,,1.4551,3364.8701171875,0.0,1.0,0.0,0.0,7.0,0.7,0.6,0.6,0.0,1.0,0.0,0.0,0.0,1.0,0.0,0.0,0.0
July 2019 First Open Bidding Exercise,2019-07-03,2019,1431.0,28589.0,1795.0,1428.0,1141.0,34000.0,1390.0,1424.0,3658,3327,320143,306047,497334.0,630596.0,29328,39936,85.6,73.7,70.1,62.3,,77.5,73.5,,,,80.4,83,75.8,89.8,,1.5668,3367.800048828125,0.0,1.0,0.0,0.0,7.0,0.7,0.6,0.6,0.0,1.0,0.0,0.0,0.0,1.0,0.0,0.0,0.0
June 2019 Second Open Bidding Exercise,2019-06-19,2019,1424.0,26999.0,1742.0,1225.0,1141.0,35906.0,1418.0,1424.0,3188,2961,318935,305230,497334.0,630596.0,30512,42885,86,74,70.5,62.9,,77.8,73.7,,,,80.2,83,75.4,89.8,,1.6954,3288.169921875,0.0,1.0,0.0,0.0,7.0,0.7,0.6,0.6,0.0,1.0,0.0,0.0,0.0,1.0,0.0,0.0,0.0
June 2019 First Open Bidding Exercise,2019-06-06,2019,1424.0,30009.0,1902.0,1417.0,1139.0,39728.0,1346.0,1424.0,3188,2961,318935,305230,497334.0,630596.0,30512,42885,86,74,70.5,62.9,,77.8,73.7,,,,80.2,83,75.4,89.8,,1.8113,3146.179931640625,0.0,1.0,0.0,0.0,7.0,0.7,0.6,0.6,0.0,1.0,0.0,0.0,0.0,1.0,0.0,0.0,0.0
May 2019 Second Open Bidding Exercise,2019-05-23,2019,1475.0,27000.0,1799.0,1475.0,1163.0,42564.0,1407.0,1424.0,3567,2738,317748,304531,497334.0,630596.0,29839,43007,86.2,75.3,72.2,65,,79.5,75.3,,,,80.5,83,76.1,89.8,,1.8663,3160.719970703125,0.0,1.0,0.0,0.0,7.0,0.7,0.6,0.6,0.0,1.0,0.0,0.0,0.0,1.0,0.0,0.0,0.0
May 2019 First Open Bidding Exercise,2019-05-08,2019,1431.0,36704.0,1988.0,1431.0,1139.0,48010.0,1360.0,1424.0,3567,2738,317748,304531,497334.0,630596.0,29839,43007,86.2,75.3,72.2,65,,79.5,75.3,,,,80.5,83,76.1,89.8,,1.7923,3283.840087890625,0.0,1.0,0.0,0.0,7.0,0.7,0.6,0.6,0.0,1.0,0.0,0.0,0.0,1.0,0.0,0.0,0.0
April 2019 Second Open Bidding Exercise,2019-04-17,2019,1653.0,33199.0,2249.0,1603.0,1205.0,48000.0,1634.0,1650.0,3920,2938,316497,304058,497334.0,630596.0,27886,39563,85.7,75.1,71.9,64.7,,78.6,74.6,,,,80.6,83,76.2,89.8,,1.6813,3348.639892578125,0.0,1.0,0.0,0.0,7.0,0.7,0.6,0.6,0.0,1.0,0.0,0.0,0.0,1.0,0.0,0.0,0.0
April 2019 First Open Bidding Exercise,2019-04-03,2019,1656.0,29159.0,2338.0,1650.0,1202.0,43102.0,1782.0,1650.0,3920,2938,316497,304058,497334.0,630596.0,27886,39563,85.7,75.1,71.9,64.7,,78.6,74.6,,,,80.6,83,76.2,89.8,,1.4799,3311.27001953125,0.0,1.0,0.0,0.0,7.0,0.7,0.6,0.6,0.0,1.0,0.0,0.0,0.0,1.0,0.0,0.0,0.0
March 2019 Second Open Bidding Exercise,2019-03-20,2019,1650.0,26659.0,2204.0,1647.0,1201.0,39401.0,1878.0,1650.0,3573,3642,315301,303532,497334.0,630596.0,26175,35411,85.9,73.3,69.6,61.7,,76.7,72.7,,,,81.2,83,77.7,89.8,,1.3955,3207.659912109375,0.0,1.0,0.0,0.0,7.0,0.7,0.6,0.6,0.0,1.0,0.0,0.0,0.0,1.0,0.0,0.0,0.0
March 2019 First Open Bidding Exercise,2019-03-06,2019,1659.0,26309.0,2213.0,1653.0,1233.0,36961.0,1903.0,1650.0,3573,3642,315301,303532,497334.0,630596.0,26175,35411,85.9,73.3,69.6,61.7,,76.7,72.7,,,,81.2,83,77.7,89.8,,1.6563,3222.840087890625,0.0,1.0,0.0,0.0,7.0,0.7,0.6,0.6,0.0,1.0,0.0,0.0,0.0,1.0,0.0,0.0,0.0
February 2019 Second Open Bidding Exercise,2019-02-20,2019,1650.0,26301.0,2261.0,1650.0,1214.0,35403.0,1993.0,1650.0,2408,2594,315205,302781,497334.0,630596.0,25525,33018,85.9,73.1,68.8,61,,75.3,69.8,,,,80.8,83,76.5,89.8,,1.7285,3278.3798828125,0.0,1.0,0.0,0.0,7.0,0.7,0.6,0.6,0.0,1.0,0.0,0.0,0.0,1.0,0.0,0.0,0.0
February 2019 First Open Bidding Exercise,2019-02-08,2019,1662.0,25689.0,2371.0,1653.0,1202.0,34509.0,1937.0,1650.0,2408,2594,315205,302781,497334.0,630596.0,25525,33018,85.9,73.1,68.8,61,,75.3,69.8,,,,80.8,83,76.5,89.8,,1.5633,3202.0400390625,0.0,1.0,0.0,0.0,7.0,0.7,0.6,0.6,0.0,1.0,0.0,0.0,0.0,1.0,0.0,0.0,0.0
January 2019 Second Open Bidding Exercise,2019-01-23,2019,1818.0,26170.0,2864.0,1818.0,1244.0,33989.0,2119.0,1816.0,4111,4138,315367,302347,497334.0,630596.0,25727,31933,85.4,72.7,68.4,60.4,,75.1,68.8,,,,80.8,83,77,89.8,,1.4876,3171.110107421875,0.0,1.0,0.0,0.0,7.0,0.7,0.6,0.6,0.0,1.0,0.0,0.0,0.0,1.0,0.0,0.0,0.0
January 2019 First Open Bidding Exercise,2019-01-09,2019,1815.0,25920.0,2707.0,1804.0,1245.0,32200.0,1818.0,1816.0,4111,4138,315367,302347,497334.0,630596.0,25727,31933,85.4,72.7,68.4,60.4,,75.1,68.8,,,,80.8,83,77,89.8,,1.6042,3158.070068359375,0.0,1.0,0.0,0.0,7.0,0.7,0.6,0.6,0.0,1.0,0.0,0.0,0.0,1.0,0.0,0.0,0.0
December 2018 Second Open Bidding Exercise,2018-12-19,2018,1890.0,25501.0,2729.0,1887.0,1243.0,31001.0,1804.0,1816.0,2930,3714,314694,300743,510218.0,615452.0,26047,31335,85.7,72.8,68.9,60.9,,75.8,70.7,,,,78.9,79.9,76.3,89.4,,1.5067,3058.64990234375,0.0,1.0,0.0,0.0,7.0,0.7,0.6,0.6,0.0,1.0,0.0,0.0,0.0,1.0,0.0,0.0,0.0
December 2018 First Open Bidding Exercise,2018-12-05,2018,1878.0,23568.0,2177.0,1878.0,1239.0,31001.0,1780.0,1816.0,2930,3714,314694,300743,510218.0,615452.0,26047,31335,85.7,72.8,68.9,60.9,,75.8,70.7,,,,78.9,79.9,76.3,89.4,,1.5530,3155.919921875,0.0,1.0,0.0,0.0,7.0,0.7,0.6,0.6,0.0,1.0,0.0,0.0,0.0,1.0,0.0,0.0,0.0
November 2018 Second Open Bidding Exercise,2018-11-21,2018,1818.0,25000.0,2231.0,1744.0,1241.0,31101.0,1786.0,1816.0,3238,3523,315229,299690,510218.0,615452.0,27571,31553,85.6,72.9,69.5,61,,78.6,72.3,,,,78.7,79.5,76.3,89.4,,1.4147,3038.64990234375,0.0,1.0,0.0,0.0,7.0,0.7,0.6,0.6,0.0,1.0,0.0,0.0,0.0,1.0,0.0,0.0,0.0
November 2018 First Open Bidding Exercise,2018-11-08,2018,1819.0,28199.0,2849.0,1757.0,1265.0,32302.0,2142.0,1816.0,3238,3523,315229,299690,510218.0,615452.0,27571,31553,85.6,72.9,69.5,61,,78.6,72.3,,,,78.7,79.5,76.3,89.4,,1.2638,3093.239990234375,0.0,1.0,0.0,0.0,7.0,0.7,0.6,0.6,0.0,1.0,0.0,0.0,0.0,1.0,0.0,0.0,0.0
October 2018 Second Open Bidding Exercise,2018-10-17,2018,1674.0,25556.0,1811.0,1672.0,1273.0,31302.0,1856.0,1664.0,3018,3719,315863,298855,510218.0,615452.0,29670,32121,85.5,73.5,70.4,61,,81.5,73.7,,,,78.7,79.5,76.3,89.4,,1.1862,3071.10009765625,0.0,1.0,0.0,0.0,7.0,0.7,0.6,0.6,0.0,1.0,0.0,0.0,0.0,1.0,0.0,0.0,0.0
October 2018 First Open Bidding Exercise,2018-10-03,2018,1668.0,28457.0,2059.0,1665.0,1271.0,31301.0,1886.0,1664.0,3018,3719,315863,298855,510218.0,615452.0,29670,32121,85.5,73.5,70.4,61,,81.5,73.7,,,,78.7,79.5,76.3,89.4,,1.0384,3267.39990234375,0.0,1.0,0.0,0.0,7.0,0.7,0.6,0.6,0.0,1.0,0.0,0.0,0.0,1.0,0.0,0.0,0.0
September 2018 Second Open Bidding Exercise,2018-09-19,2018,1664.0,28000.0,2059.0,1655.0,1278.0,31307.0,1859.0,1664.0,2887,3280,316501,297770,510218.0,615452.0,30284,32279,85.7,73.4,70.3,61.5,,80,72.4,,,,78.7,79.5,76.3,89.4,,1.0502,3176.570068359375,0.0,1.0,0.0,0.0,7.0,0.7,0.6,0.6,0.0,1.0,0.0,0.0,0.0,1.0,0.0,0.0,0.0
September 2018 First Open Bidding Exercise,2018-09-05,2018,1664.0,30209.0,2488.0,1661.0,1274.0,32001.0,1959.0,1664.0,2887,3280,316501,297770,510218.0,615452.0,30284,32279,85.7,73.4,70.3,61.5,,80,72.4,,,,78.7,79.5,76.3,89.4,,1.2874,3156.280029296875,0.0,1.0,0.0,0.0,7.0,0.7,0.6,0.6,0.0,1.0,0.0,0.0,0.0,1.0,0.0,0.0,0.0
August 2018 Second Open Bidding Exercise,2018-08-23,2018,1695.0,31997.0,2948.0,1695.0,1272.0,32429.0,2031.0,1664.0,2721,3208,317500,297046,510218.0,615452.0,32339,33377,85.7,73.6,70.4,62.3,,78.7,71.4,,,,78.7,79.5,76.3,89.4,,1.4006,3249.889892578125,0.0,1.0,0.0,0.0,7.0,0.7,0.6,0.6,0.0,1.0,0.0,0.0,0.0,1.0,0.0,0.0,0.0
August 2018 First Open Bidding Exercise,2018-08-08,2018,1672.0,33798.0,3633.0,1672.0,1265.0,34381.0,2132.0,1664.0,2721,3208,317500,297046,510218.0,615452.0,32339,33377,85.7,73.6,70.4,62.3,,78.7,71.4,,,,78.7,79.5,76.3,89.4,,1.3677,3326.739990234375,0.0,1.0,0.0,0.0,7.0,0.7,0.6,0.6,0.0,1.0,0.0,0.0,0.0,1.0,0.0,0.0,0.0
July 2018 Second Open Bidding Exercise,2018-07-18,2018,1443.0,32699.0,3100.0,1412.0,1285.0,32551.0,1919.0,1434.0,2059,3207,318780,296587,510218.0,615452.0,34197,34991,85.4,73.3,70.2,61.6,,78.4,70.5,,,,78.7,79.5,76.3,89.4,,0.9868,3240.5,0.0,1.0,0.0,0.0,7.0,0.7,0.6,0.6,0.0,1.0,0.0,0.0,0.0,1.0,0.0,0.0,0.0
July 2018 First Open Bidding Exercise,2018-07-04,2018,1435.0,25000.0,1626.0,1427.0,1288.0,31000.0,1637.0,1434.0,2059,3207,318780,296587,510218.0,615452.0,34197,34991,85.4,73.3,70.2,61.6,,78.4,70.5,,,,78.7,79.5,76.3,89.4,,0.8986,3244.889892578125,0.0,1.0,0.0,0.0,7.0,0.7,0.6,0.6,0.0,1.0,0.0,0.0,0.0,1.0,0.0,0.0,0.0
June 2018 Second Open Bidding Exercise,2018-06-20,2018,1446.0,34110.0,1818.0,1437.0,1316.0,33900.0,1729.0,1434.0,5927,4528,320934,296296,510218.0,615452.0,37165,36888,85.5,73.7,70.4,62.4,,78.3,70.4,,,,78.7,79.5,76.3,89.4,,1.0439,3315.89990234375,0.0,1.0,0.0,0.0,7.0,0.7,0.6,0.6,0.0,1.0,0.0,0.0,0.0,1.0,0.0,0.0,0.0
June 2018 First Open Bidding Exercise,2018-06-06,2018,1441.0,36426.0,1696.0,1440.0,1293.0,36000.0,1727.0,1434.0,5927,4528,320934,296296,510218.0,615452.0,37165,36888,85.5,73.7,70.4,62.4,,78.3,70.4,,,,78.7,79.5,76.3,89.4,,1.0636,3467.81005859375,0.0,1.0,0.0,0.0,7.0,0.7,0.6,0.6,0.0,1.0,0.0,0.0,0.0,1.0,0.0,0.0,0.0
May 2018 Second Open Bidding Exercise,2018-05-23,2018,1434.0,38001.0,1805.0,1422.0,1283.0,37989.0,1915.0,1434.0,3889,3523,318830,294525,510218.0,615452.0,38214,37906,85.5,73.9,70.9,63.2,,78,70.2,,,,78.7,79.5,76.3,89.4,,1.0471,3496.27001953125,0.0,1.0,0.0,0.0,7.0,0.7,0.6,0.6,0.0,1.0,0.0,0.0,0.0,1.0,0.0,0.0,0.0
May 2018 First Open Bidding Exercise,2018-05-09,2018,1435.0,38941.0,1836.0,1428.0,1280.0,38501.0,2155.0,1434.0,3889,3523,318830,294525,510218.0,615452.0,38214,37906,85.5,73.9,70.9,63.2,,78,70.2,,,,78.7,79.5,76.3,89.4,,0.9720,3548.5400390625,0.0,1.0,0.0,0.0,7.0,0.7,0.6,0.6,0.0,1.0,0.0,0.0,0.0,1.0,0.0,0.0,0.0
April 2018 Second Open Bidding Exercise,2018-04-18,2018,1566.0,38510.0,2027.0,1566.0,1417.0,37330.0,1919.0,1558.0,3342,3615,318594,293875,510218.0,615452.0,38192,38712,84.9,73.8,70.7,63.2,,76.7,69.3,,,,78.7,79.5,76.3,89.4,,0.5109,3557.820068359375,0.0,1.0,0.0,0.0,7.0,0.7,0.6,0.6,0.0,1.0,0.0,0.0,0.0,1.0,0.0,0.0,0.0
April 2018 First Open Bidding Exercise,2018-04-04,2018,1566.0,37000.0,1888.0,1564.0,1389.0,37605.0,1689.0,1558.0,3342,3615,318594,293875,510218.0,615452.0,38192,38712,84.9,73.8,70.7,63.2,,76.7,69.3,,,,78.7,79.5,76.3,89.4,,0.6907,3339.699951171875,0.0,1.0,0.0,0.0,7.0,0.7,0.6,0.6,0.0,1.0,0.0,0.0,0.0,1.0,0.0,0.0,0.0
March 2018 Second Open Bidding Exercise,2018-03-21,2018,1559.0,38000.0,2117.0,1551.0,1402.0,37010.0,1639.0,1558.0,3674,3313,318856,293043,510218.0,615452.0,38655,40881,85.3,73.7,70.5,63.4,,75.8,68.7,,,,78.7,79.5,76.3,89.4,,0.8394,3511.1298828125,0.0,1.0,0.0,0.0,7.0,0.7,0.6,0.6,0.0,1.0,0.0,0.0,0.0,1.0,0.0,0.0,0.0
March 2018 First Open Bidding Exercise,2018-03-07,2018,1580.0,38830.0,2405.0,1572.0,1390.0,39001.0,1731.0,1558.0,3674,3313,318856,293043,510218.0,615452.0,38655,40881,85.3,73.7,70.5,63.4,,75.8,68.7,,,,78.7,79.5,76.3,89.4,,0.9706,3450.68994140625,0.0,1.0,0.0,0.0,7.0,0.7,0.6,0.6,0.0,1.0,0.0,0.0,0.0,1.0,0.0,0.0,0.0
February 2018 Second Open Bidding Exercise,2018-02-21,2018,1562.0,36810.0,2073.0,1561.0,1391.0,39000.0,1744.0,1558.0,2668,2541,318492,292773,510218.0,615452.0,39274,44998,85.5,74.2,70.8,64,,76.1,69,,,,78.8,79.5,76.3,89.4,,0.6945,3516.22998046875,0.0,1.0,0.0,0.0,7.0,0.7,0.6,0.6,0.0,1.0,0.0,0.0,0.0,1.0,0.0,0.0,0.0
February 2018 First Open Bidding Exercise,2018-02-07,2018,1557.0,40000.0,2389.0,1534.0,1396.0,42322.0,1831.0,1558.0,2668,2541,318492,292773,510218.0,615452.0,39274,44998,85.5,74.2,70.8,64,,76.1,69,,,,78.8,79.5,76.3,89.4,,0.4122,3383.77001953125,0.0,1.0,0.0,0.0,7.0,0.7,0.6,0.6,0.0,1.0,0.0,0.0,0.0,1.0,0.0,0.0,0.0
January 2018 Second Open Bidding Exercise,2018-01-17,2018,1713.0,36890.0,1938.0,1708.0,1381.0,42661.0,1654.0,1680.0,3524,2045,318282,292470,510218.0,615452.0,42122,50578,85.1,74.3,71.5,65.1,,76.2,68.9,,,,78.7,79.5,76.3,89.4,,0.6860,3541.909912109375,0.0,1.0,0.0,0.25,7.0,0.7,0.6,0.6,0.0,1.0,0.0,0.0,0.0,1.0,0.0,0.0,0.0
January 2018 First Open Bidding Exercise,2018-01-04,2018,1693.0,41400.0,2264.0,1693.0,1374.0,45289.0,1811.0,1680.0,3524,2045,318282,292470,510218.0,615452.0,42122,50578,85.1,74.3,71.5,65.1,,76.2,68.9,,,,78.7,79.5,76.3,89.4,,0.9092,3501.159912109375,0.0,1.0,0.0,0.25,7.0,0.7,0.6,0.6,0.0,1.0,0.0,0.0,0.0,1.0,0.0,0.0,0.0
December 2017 Second Open Bidding Exercise,2017-12-20,2017,1687.0,38200.0,1970.0,1654.0,1374.0,47002.0,1634.0,1680.0,4369,5748,318536,293669,537516.0,612256.0,42970,52271,85.3,74.7,71.5,66.1,,75.1,67.8,,,,79.5,81.2,76.3,88.3,,0.7803,3394.8701171875,0.0,1.0,0.0,0.25,7.0,0.7,0.6,0.6,0.0,1.0,0.0,0.0,0.0,0.0,0.0,0.0,0.0
December 2017 First Open Bidding Exercise,2017-12-06,2017,1680.0,42339.0,2158.0,1667.0,1375.0,53711.0,1805.0,1680.0,4369,5748,318536,293669,537516.0,612256.0,42970,52271,85.3,74.7,71.5,66.1,,75.1,67.8,,,,79.5,81.2,76.3,88.3,,0.7484,3397.2099609375,0.0,1.0,0.0,0.25,7.0,0.7,0.6,0.6,0.0,1.0,0.0,0.0,0.0,0.0,0.0,0.0,0.0
November 2017 Second Open Bidding Exercise,2017-11-22,2017,1686.0,46791.0,2721.0,1679.0,1383.0,57390.0,2173.0,1680.0,3754,3913,317607,291182,537516.0,612256.0,42698,51850,85.4,74.9,72.1,67,,75.7,67.9,,,,79.5,81.3,76.3,88.3,,0.8807,3430.02001953125,0.0,1.0,0.0,0.25,7.0,0.7,0.6,0.6,0.0,1.0,0.0,0.0,0.0,0.0,0.0,0.0,0.0
November 2017 First Open Bidding Exercise,2017-11-08,2017,1683.0,47112.0,3430.0,1683.0,1376.0,57414.0,2515.0,1680.0,3754,3913,317607,291182,537516.0,612256.0,42698,51850,85.4,74.9,72.1,67,,75.7,67.9,,,,79.5,81.3,76.3,88.3,,0.9321,3421.25,0.0,1.0,0.0,0.25,7.0,0.7,0.6,0.6,0.0,1.0,0.0,0.0,0.0,0.0,0.0,0.0,0.0
October 2017 Second Open Bidding Exercise,2017-10-19,2017,1815.0,41617.0,2391.0,1809.0,1285.0,49996.0,1718.0,1815.0,3416,3730,317224,290208,537516.0,612256.0,41994,50168,84.9,73.9,70.8,65.2,,74.2,66.8,,,,79.5,81.3,76.3,88.3,,0.6228,3334.909912109375,0.0,1.0,0.0,0.25,7.0,0.7,0.6,0.6,0.0,1.0,0.0,0.0,0.0,0.0,0.0,0.0,0.0
October 2017 First Open Bidding Exercise,2017-10-04,2017,1829.0,41761.0,2808.0,1827.0,1285.0,48109.0,1646.0,1815.0,3416,3730,317224,290208,537516.0,612256.0,41994,50168,84.9,73.9,70.8,65.2,,74.2,66.8,,,,79.5,81.3,76.3,88.3,,0.6063,3236.64990234375,0.0,1.0,0.0,0.25,7.0,0.7,0.6,0.6,0.0,1.0,0.0,0.0,0.0,0.0,0.0,0.0,0.0
September 2017 Second Open Bidding Exercise,2017-09-20,2017,1815.0,42902.0,3469.0,1815.0,1288.0,49189.0,1859.0,1815.0,2775,3126,317362,289533,537516.0,612256.0,42564,50451,85.1,73.5,70.4,64.7,,73.4,66.1,,,,79.5,81.3,76.3,88.3,,0.7032,3218.070068359375,0.0,1.0,0.0,0.25,7.0,0.7,0.6,0.6,0.0,1.0,0.0,0.0,0.0,0.0,0.0,0.0,0.0
September 2017 First Open Bidding Exercise,2017-09-06,2017,1820.0,36001.0,2195.0,1806.0,1290.0,49000.0,1704.0,1815.0,2775,3126,317362,289533,537516.0,612256.0,42564,50451,85.1,73.5,70.4,64.7,,73.4,66.1,,,,79.5,81.3,76.3,88.3,,0.7242,3232.469970703125,0.0,1.0,0.0,0.25,7.0,0.7,0.6,0.6,0.0,1.0,0.0,0.0,0.0,0.0,0.0,0.0,0.0
August 2017 Second Open Bidding Exercise,2017-08-23,2017,1817.0,42900.0,2148.0,1817.0,1293.0,51000.0,1683.0,1815.0,3746,3970,318082,289426,537516.0,612256.0,44081,50355,85.1,73.7,70.6,65.7,,72.4,64.9,,,,79.5,81.3,76.3,88.3,,0.6910,3260.050048828125,0.0,1.0,0.0,0.25,7.0,0.7,0.6,0.6,0.0,1.0,0.0,0.0,0.0,0.0,0.0,0.0,0.0
August 2017 First Open Bidding Exercise,2017-08-10,2017,1817.0,46778.0,2403.0,1812.0,1286.0,53711.0,1978.0,1815.0,3746,3970,318082,289426,537516.0,612256.0,44081,50355,85.1,73.7,70.6,65.7,,72.4,64.9,,,,79.5,81.3,76.3,88.3,,0.6632,3323.239990234375,0.0,1.0,0.0,0.25,7.0,0.7,0.6,0.6,0.0,1.0,0.0,0.0,0.0,0.0,0.0,0.0,0.0
July 2017 Second Open Bidding Exercise,2017-07-19,2017,1907.0,44002.0,2389.0,1905.0,1322.0,50001.0,1784.0,1898.0,3674,3847,318056,288401,537516.0,612256.0,45400,50972,84.8,73.6,70.3,65.3,,71.6,64.5,,,,79.5,81.3,76.3,88.3,,0.8063,3325.070068359375,0.0,1.0,0.0,0.25,7.0,0.7,0.6,0.6,0.0,1.0,0.0,0.0,0.0,0.0,0.0,0.0,0.0
July 2017 First Open Bidding Exercise,2017-07-05,2017,1904.0,42801.0,2296.0,1902.0,1322.0,49802.0,1910.0,1898.0,3674,3847,318056,288401,537516.0,612256.0,45400,50972,84.8,73.6,70.3,65.3,,71.6,64.5,,,,79.5,81.3,76.3,88.3,,0.5786,3248.7099609375,0.0,1.0,0.0,0.25,7.0,0.7,0.6,0.6,0.0,1.0,0.0,0.0,0.0,0.0,0.0,0.0,0.0
June 2017 Second Open Bidding Exercise,2017-06-21,2017,1906.0,42801.0,2302.0,1898.0,1321.0,47501.0,1651.0,1898.0,4189,4055,318144,287549,537516.0,612256.0,48200,52473,85,73.5,70.2,65,,71.8,64.8,,,,79.6,81.3,76.3,88.3,,0.3772,3201.77001953125,0.0,1.0,0.0,0.25,7.0,0.7,0.6,0.6,0.0,1.0,0.0,0.0,0.0,0.0,0.0,0.0,0.0
June 2017 First Open Bidding Exercise,2017-06-07,2017,1898.0,45201.0,2245.0,1893.0,1325.0,50110.0,1582.0,1898.0,4189,4055,318144,287549,537516.0,612256.0,48200,52473,85,73.5,70.2,65,,71.8,64.8,,,,79.6,81.3,76.3,88.3,,0.5142,3230.489990234375,0.0,1.0,0.0,0.25,7.0,0.7,0.6,0.6,0.0,1.0,0.0,0.0,0.0,0.0,0.0,0.0,0.0
May 2017 Second Open Bidding Exercise,2017-05-24,2017,1920.0,46489.0,2601.0,1913.0,1325.0,53001.0,1725.0,1898.0,4473,3933,317841,286307,537516.0,612256.0,50625,54088,85.2,73.9,70.9,66.3,,72.2,65.7,,,,79.5,81.3,76.3,88.3,,0.5069,3231.239990234375,0.0,1.0,0.0,0.25,7.0,0.7,0.6,0.6,0.0,1.0,0.0,0.0,0.0,0.0,0.0,0.0,0.0
May 2017 First Open Bidding Exercise,2017-05-11,2017,1905.0,51106.0,2240.0,1905.0,1320.0,55414.0,1996.0,1898.0,4473,3933,317841,286307,537516.0,612256.0,50625,54088,85.2,73.9,70.9,66.3,,72.2,65.7,,,,79.5,81.3,76.3,88.3,,0.4837,3271.110107421875,0.0,1.0,0.0,0.25,7.0,0.7,0.6,0.6,0.0,1.0,0.0,0.0,0.0,0.0,0.0,0.0,0.0
April 2017 Second Open Bidding Exercise,2017-04-26,2017,2052.0,51600.0,2442.0,2030.0,1369.0,54406.0,2000.0,2052.0,3672,3114,317442,285336,537516.0,612256.0,50665,52491,84.9,74.3,71.2,66.6,,72.4,65.7,,,,79.6,81.3,76.3,88.3,,0.4254,3173.760009765625,0.0,1.0,0.0,0.25,7.0,0.7,0.6,0.6,0.0,1.0,0.0,0.0,0.0,0.0,0.0,0.0,0.0
April 2017 First Open Bidding Exercise,2017-04-12,2017,2068.0,52000.0,2486.0,2061.0,1360.0,54405.0,1970.0,2052.0,3672,3114,317442,285336,537516.0,612256.0,50665,52491,84.9,74.3,71.2,66.6,,72.4,65.7,,,,79.6,81.3,76.3,88.3,,0.3347,3186.010009765625,0.0,1.0,0.0,0.25,7.0,0.7,0.6,0.6,0.0,1.0,0.0,0.0,0.0,0.0,0.0,0.0,0.0
March 2017 Second Open Bidding Exercise,2017-03-29,2017,2096.0,51765.0,2961.0,2096.0,1357.0,54000.0,2081.0,2052.0,4666,3927,317684,284807,537516.0,612256.0,50230,52008,85.1,74,71,65.9,,72.3,65.5,,,,79.5,81.3,76.3,88.3,,0.2519,3184.570068359375,0.0,1.0,0.0,0.25,7.0,0.7,0.6,0.6,0.0,1.0,0.0,0.0,0.0,0.0,0.0,0.0,0.0
March 2017 First Open Bidding Exercise,2017-03-15,2017,2061.0,50789.0,3190.0,2045.0,1371.0,53300.0,2298.0,2052.0,4666,3927,317684,284807,537516.0,612256.0,50230,52008,85.1,74,71,65.9,,72.3,65.5,,,,79.5,81.3,76.3,88.3,,0.2261,3137.429931640625,0.0,1.0,0.0,0.25,7.0,0.7,0.6,0.6,0.0,1.0,0.0,0.0,0.0,0.0,0.0,0.0,0.0
February 2017 Second Open Bidding Exercise,2017-02-24,2017,2133.0,49430.0,2926.0,2089.0,1377.0,50621.0,2126.0,2052.0,3647,2501,317446,283987,537516.0,612256.0,49429,50347,85.1,73.7,70.4,65,,72.9,63.8,,,,79.5,81.3,76.3,88.3,,0.3353,3117.030029296875,0.0,1.0,0.0,0.25,7.0,0.7,0.6,0.6,0.0,1.0,0.0,0.0,0.0,0.0,0.0,0.0,0.0
February 2017 First Open Bidding Exercise,2017-02-08,2017,2060.0,48401.0,2691.0,2051.0,1366.0,48209.0,1783.0,2052.0,3647,2501,317446,283987,537516.0,612256.0,49429,50347,85.1,73.7,70.4,65,,72.9,63.8,,,,79.5,81.3,76.3,88.3,,0.1938,3066.530029296875,0.0,1.0,0.0,0.25,7.0,0.7,0.6,0.6,0.0,1.0,0.0,0.0,0.0,0.0,0.0,0.0,0.0
January 2017 Second Open Bidding Exercise,2017-01-18,2017,1846.0,50889.0,2437.0,1766.0,1246.0,52807.0,1967.0,1844.0,3695,3835,317387,284056,537516.0,612256.0,50394,52077,85.1,73.8,70.3,65.9,,71.6,62.2,,,,79.6,81.3,76.3,88.1,,0.2146,3000.219970703125,0.0,1.0,0.0,0.25,7.0,0.7,0.6,0.6,0.0,1.0,0.0,0.0,0.0,0.0,0.0,0.0,0.0
January 2017 First Open Bidding Exercise,2017-01-05,2017,1877.0,50101.0,2260.0,1870.0,1252.0,53106.0,1835.0,1844.0,3695,3835,317387,284056,537516.0,612256.0,50394,52077,85.1,73.8,70.3,65.9,,71.6,62.2,,,,79.6,81.3,76.3,88.1,,0.2551,2954.139892578125,0.0,1.0,0.0,0.25,7.0,0.7,0.6,0.6,0.0,1.0,0.0,0.0,0.0,0.0,0.0,0.0,0.0
December 2016 Second Open Bidding Exercise,2016-12-21,2016,1844.0,49751.0,2554.0,1843.0,1244.0,51109.0,2052.0,1844.0,3735,3040,318081,283137,553127.0,601257.0,50645,52660,85,73.7,69.7,65,,71.1,61.2,,,,81.3,84.7,76.3,86,,0.1818,2901.699951171875,0.0,1.0,0.0,0.25,7.0,0.7,0.6,0.6,0.0,1.0,0.0,0.0,0.0,0.0,0.0,0.0,0.0
December 2016 First Open Bidding Exercise,2016-12-07,2016,1844.0,48000.0,2335.0,1812.0,1245.0,46229.0,1494.0,1844.0,3735,3040,318081,283137,553127.0,601257.0,50645,52660,85,73.7,69.7,65,,71.1,61.2,,,,81.3,84.7,76.3,86,,0.1027,2959.840087890625,0.0,1.0,0.0,0.25,7.0,0.7,0.6,0.6,0.0,1.0,0.0,0.0,0.0,0.0,0.0,0.0,0.0
November 2016 Second Open Bidding Exercise,2016-11-23,2016,1846.0,50951.0,2536.0,1846.0,1254.0,53001.0,1708.0,1844.0,3674,3805,318859,282950,553127.0,601257.0,51271,55187,84.8,73.1,69.3,66.1,,69.7,60.3,,,,81.3,84.9,76.3,86,,0.0777,2839.68994140625,0.0,1.0,0.0,0.25,7.0,0.7,0.6,0.6,0.0,1.0,0.0,0.0,0.0,0.0,0.0,0.0,0.0
November 2016 First Open Bidding Exercise,2016-11-09,2016,1929.0,52668.0,2800.0,1929.0,1347.0,56206.0,2012.0,1844.0,3674,3805,318859,282950,553127.0,601257.0,51271,55187,84.8,73.1,69.3,66.1,,69.7,60.3,,,,81.3,84.9,76.3,86,,0.0869,2789.8798828125,0.0,1.0,0.0,0.25,7.0,0.7,0.6,0.6,0.0,1.0,0.0,0.0,0.0,0.0,0.0,0.0,0.0
October 2016 Second Open Bidding Exercise,2016-10-19,2016,2023.0,50991.0,2584.0,2021.0,1340.0,56410.0,1768.0,2008.0,4247,3511,319648,282260,553127.0,601257.0,51641,56053,84.6,73.1,69.3,66.1,,69.3,60,,,,81.3,84.9,76.3,86,,0.0798,2844.6201171875,0.0,1.0,0.0,0.25,7.0,0.7,0.6,0.6,0.0,1.0,0.0,0.0,0.0,0.0,0.0,0.0,0.0
October 2016 First Open Bidding Exercise,2016-10-05,2016,2064.0,51507.0,2938.0,1979.0,1350.0,53001.0,1785.0,2008.0,4247,3511,319648,282260,553127.0,601257.0,51641,56053,84.6,73.1,69.3,66.1,,69.3,60,,,,81.3,84.9,76.3,86,,0.0618,2881.7900390625,0.0,1.0,0.0,0.25,7.0,0.7,0.6,0.6,0.0,1.0,0.0,0.0,0.0,0.0,0.0,0.0,0.0
September 2016 Second Open Bidding Exercise,2016-09-21,2016,2008.0,50000.0,2610.0,1993.0,1338.0,55501.0,2017.0,2008.0,4486,3430,319876,281624,553127.0,601257.0,52108,56751,84.8,72.8,68.9,66.3,,67.4,59,,,,81.3,84.9,76.3,86,,0.0901,2850.739990234375,0.0,1.0,0.0,0.25,7.0,0.7,0.6,0.6,0.0,1.0,0.0,0.0,0.0,0.0,0.0,0.0,0.0
September 2016 First Open Bidding Exercise,2016-09-07,2016,2067.0,51506.0,2739.0,2011.0,1372.0,57002.0,2183.0,2008.0,4486,3430,319876,281624,553127.0,601257.0,52108,56751,84.8,72.8,68.9,66.3,,67.4,59,,,,81.3,84.9,76.3,86,,0.0929,2893.64990234375,0.0,1.0,0.0,0.25,7.0,0.7,0.6,0.6,0.0,1.0,0.0,0.0,0.0,0.0,0.0,0.0,0.0
August 2016 Second Open Bidding Exercise,2016-08-17,2016,2034.0,53334.0,2803.0,2034.0,1336.0,56500.0,2088.0,2008.0,4229,2889,319188,280950,553127.0,601257.0,53339,56835,84.8,72.7,68.8,66.7,,65.9,58.2,,,,81.3,84.9,76.3,86,,0.2162,2843.35009765625,0.0,1.0,0.0,0.25,7.0,0.7,0.6,0.6,0.0,1.0,0.0,0.0,0.0,0.0,0.0,0.0,0.0
August 2016 First Open Bidding Exercise,2016-08-03,2016,2018.0,52503.0,2712.0,1959.0,1336.0,57903.0,2156.0,2008.0,4229,2889,319188,280950,553127.0,601257.0,53339,56835,84.8,72.7,68.8,66.7,,65.9,58.2,,,,81.3,84.9,76.3,86,,0.2471,2827.580078125,0.0,1.0,0.0,0.25,7.0,0.7,0.6,0.6,0.0,1.0,0.0,0.0,0.0,0.0,0.0,0.0,0.0
July 2016 Second Open Bidding Exercise,2016-07-20,2016,2272.0,53000.0,3195.0,2246.0,1463.0,57508.0,2439.0,2217.0,3859,3044,318986,280727,553127.0,601257.0,51518,54463,84.4,72.1,68,66.9,,66.8,58.7,,,,81.3,84.9,76.3,86,,0.1032,2945.739990234375,0.0,1.0,0.0,0.25,7.0,0.7,0.6,0.6,0.0,1.0,0.0,0.0,0.0,0.0,0.0,0.0,0.0
July 2016 First Open Bidding Exercise,2016-07-07,2016,2222.0,52301.0,3194.0,2212.0,1469.0,56089.0,2547.0,2217.0,3859,3044,318986,280727,553127.0,601257.0,51518,54463,84.4,72.1,68,66.9,,66.8,58.7,,,,81.3,84.9,76.3,86,,0.1017,2862.169921875,0.0,1.0,0.0,0.25,7.0,0.7,0.6,0.6,0.0,1.0,0.0,0.0,0.0,0.0,0.0,0.0,0.0
June 2016 Second Open Bidding Exercise,2016-06-22,2016,2252.0,55200.0,3957.0,2197.0,1463.0,57010.0,2914.0,2217.0,4847,3254,319371,280335,553127.0,601257.0,49519,51630,84.6,72.2,68.1,67,,67.4,58.9,,,,81.3,84.9,76.3,86,,0.1446,2786.1298828125,0.0,1.0,0.0,0.25,7.0,0.7,0.6,0.6,0.0,1.0,0.0,0.0,0.0,0.0,0.0,0.0,0.0
June 2016 First Open Bidding Exercise,2016-06-08,2016,2218.0,53694.0,4545.0,2213.0,1470.0,56000.0,3436.0,2217.0,4847,3254,319371,280335,553127.0,601257.0,49519,51630,84.6,72.2,68.1,67,,67.4,58.9,,,,81.3,84.9,76.3,86,,0.1724,2862.3798828125,0.0,1.0,0.0,0.25,7.0,0.7,0.6,0.6,0.0,1.0,0.0,0.0,0.0,0.0,0.0,0.0,0.0
May 2016 Second Open Bidding Exercise,2016-05-18,2016,2217.0,47020.0,3227.0,2182.0,1537.0,49156.0,2322.0,2217.0,4910,3295,318588,279793,553127.0,601257.0,46454,48479,84,71.2,66.8,65.1,,65.8,57.9,,,,81.3,84.9,76.3,86,,0.3365,2777.110107421875,0.0,1.0,0.0,0.25,5.0,0.6,0.5,0.6,0.0,1.0,0.0,0.0,0.0,0.0,0.0,0.0,0.0
May 2016 First Open Bidding Exercise,2016-05-05,2016,2218.0,47889.0,3446.0,2217.0,1462.0,51010.0,2435.0,2217.0,4910,3295,318588,279793,553127.0,601257.0,46454,48479,84,71.2,66.8,65.1,,65.8,57.9,,,,81.3,84.9,76.3,86,,0.3739,2767.81005859375,0.0,1.0,0.0,0.25,5.0,0.6,0.5,0.6,0.0,1.0,0.0,0.0,0.0,0.0,0.0,0.0,0.0
April 2016 Second Open Bidding Exercise,2016-04-20,2016,2062.0,47300.0,3327.0,2061.0,1211.0,49602.0,2364.0,2028.0,3997,3180,318171,279455,553127.0,601257.0,45578,46048,84.5,71,66.5,64.9,,64.6,57.2,,,,81.3,84.9,76.3,86,,0.2455,2949.949951171875,0.0,1.0,0.0,0.25,5.0,0.6,0.5,0.6,0.0,1.0,0.0,0.0,0.0,0.0,0.0,0.0,0.0
April 2016 First Open Bidding Exercise,2016-04-06,2016,2105.0,46009.0,3719.0,2103.0,1218.0,47000.0,2247.0,2028.0,3997,3180,318171,279455,553127.0,601257.0,45578,46048,84.5,71,66.5,64.9,,64.6,57.2,,,,81.3,84.9,76.3,86,,0.2614,2811.25,0.0,1.0,0.0,0.25,5.0,0.6,0.5,0.6,0.0,1.0,0.0,0.0,0.0,0.0,0.0,0.0,0.0
March 2016 Second Open Bidding Exercise,2016-03-23,2016,2053.0,45504.0,3836.0,2020.0,1220.0,46502.0,2491.0,2028.0,4124,2955,318749,279286,553127.0,601257.0,46077,47450,84.6,70.9,66.4,64.5,,64.9,57.2,,,,81.3,84.9,76.3,86,,0.3171,2881.97998046875,0.0,1.0,0.0,0.25,5.0,0.6,0.5,0.6,0.0,1.0,0.0,0.0,0.0,0.0,0.0,0.0,0.0
March 2016 First Open Bidding Exercise,2016-03-09,2016,2033.0,45000.0,3518.0,1957.0,1209.0,47604.0,2706.0,2028.0,4124,2955,318749,279286,553127.0,601257.0,46077,47450,84.6,70.9,66.4,64.5,,64.9,57.2,,,,81.3,84.9,76.3,86,,0.3000,2810.429931640625,0.0,1.0,0.0,0.25,5.0,0.6,0.5,0.6,0.0,1.0,0.0,0.0,0.0,0.0,0.0,0.0,0.0
February 2016 Second Open Bidding Exercise,2016-02-17,2016,2049.0,43000.0,2965.0,2025.0,1208.0,46970.0,2898.0,2028.0,3239,2488,320562,280221,553127.0,601257.0,49541,50932,84.5,70.7,65.7,63.8,,63.7,56.2,,,,81.4,84.9,76.3,86,,0.2064,2613.7900390625,0.0,1.0,0.0,0.25,5.0,0.6,0.5,0.6,0.0,1.0,0.0,0.0,0.0,0.0,0.0,0.0,0.0
February 2016 First Open Bidding Exercise,2016-02-03,2016,2038.0,46651.0,2972.0,2033.0,1216.0,38610.0,1624.0,2028.0,3239,2488,320562,280221,553127.0,601257.0,49541,50932,84.5,70.7,65.7,63.8,,63.7,56.2,,,,81.4,84.9,76.3,86,,0.3317,2550.739990234375,0.0,1.0,0.0,0.25,5.0,0.6,0.5,0.6,0.0,1.0,0.0,0.0,0.0,0.0,0.0,0.0,0.0
January 2016 Second Open Bidding Exercise,2016-01-20,2016,1659.0,51301.0,3437.0,1638.0,1026.0,50089.0,1334.0,1657.0,3953,3111,321428,280312,553127.0,601257.0,53799,56436,84.6,71.8,67.6,66.3,,66.2,57.5,,,,81.3,84.9,76.3,86,,0.3952,2559.77001953125,0.0,1.0,0.0,0.25,5.0,0.6,0.5,0.6,0.0,1.0,0.0,0.0,0.0,0.0,0.0,0.0,0.0
January 2016 First Open Bidding Exercise,2016-01-06,2016,1659.0,45002.0,2013.0,1649.0,1027.0,54920.0,1262.0,1657.0,3953,3111,321428,280312,553127.0,601257.0,53799,56436,84.6,71.8,67.6,66.3,,66.2,57.5,,,,81.3,84.9,76.3,86,,0.2997,2804.27001953125,0.0,1.0,0.0,0.25,5.0,0.6,0.5,0.6,0.0,1.0,0.0,0.0,0.0,0.0,0.0,0.0,0.0
December 2015 Second Open Bidding Exercise,2015-12-23,2015,1669.0,54301.0,1978.0,1667.0,1027.0,55001.0,1200.0,1657.0,3676,2688,321972,280261,581710.0,602311.0,56633,58615,84.8,73.1,68.5,67.6,,68.2,59.4,,,,81.8,86.2,76.3,82.9,,0.3482,2863.64990234375,0.0,1.0,0.0,0.25,5.0,0.6,0.5,0.6,0.0,1.0,0.0,0.0,0.0,0.0,0.0,0.0,0.0
December 2015 First Open Bidding Exercise,2015-12-09,2015,1698.0,56989.0,2132.0,1696.0,1031.0,60001.0,1324.0,1657.0,3676,2688,321972,280261,581710.0,602311.0,56633,58615,84.8,73.1,68.5,67.6,,68.2,59.4,,,,81.8,86.2,76.3,82.9,,0.4198,2861.18994140625,0.0,1.0,0.0,0.25,5.0,0.6,0.5,0.6,0.0,1.0,0.0,0.0,0.0,0.0,0.0,0.0,0.0
November 2015 Second Open Bidding Exercise,2015-11-18,2015,1662.0,59200.0,2140.0,1650.0,1029.0,61103.0,1388.0,1657.0,3564,2597,322876,280256,581710.0,602311.0,56832,59798,84.8,73.3,69.2,68.1,,69.9,60.6,,,,81.9,86.5,76.1,82.9,,0.4383,2886.080078125,0.0,1.0,0.0,0.25,5.0,0.6,0.5,0.6,0.0,1.0,0.0,0.0,0.0,0.0,0.0,0.0,0.0
November 2015 First Open Bidding Exercise,2015-11-04,2015,1664.0,56001.0,2009.0,1623.0,1037.0,57501.0,1267.0,1657.0,3564,2597,322876,280256,581710.0,602311.0,56832,59798,84.8,73.3,69.2,68.1,,69.9,60.6,,,,81.9,86.5,76.1,82.9,,0.3459,3040.47998046875,0.0,1.0,0.0,0.25,5.0,0.6,0.5,0.6,0.0,1.0,0.0,0.0,0.0,0.0,0.0,0.0,0.0
October 2015 Second Open Bidding Exercise,2015-10-21,2015,1690.0,57301.0,2229.0,1684.0,1073.0,59889.0,1367.0,1687.0,3667,2428,323528,280293,581710.0,602311.0,56583,60519,84.6,73.2,69.3,67.7,,70.9,60.8,,,,81.9,86.5,76.1,82.9,,0.1582,3025.699951171875,0.0,1.0,0.0,0.25,5.0,0.6,0.5,0.6,0.0,1.0,0.0,0.0,0.0,0.0,0.0,0.0,0.0
October 2015 First Open Bidding Exercise,2015-10-07,2015,1687.0,56001.0,2210.0,1679.0,1057.0,58190.0,1373.0,1687.0,3667,2428,323528,280293,581710.0,602311.0,56583,60519,84.6,73.2,69.3,67.7,,70.9,60.8,,,,81.9,86.5,76.1,82.9,,0.2111,2961.81005859375,0.0,1.0,0.0,0.25,5.0,0.6,0.5,0.6,0.0,1.0,0.0,0.0,0.0,0.0,0.0,0.0,0.0
September 2015 Second Open Bidding Exercise,2015-09-23,2015,1687.0,55399.0,2276.0,1684.0,1058.0,60001.0,1371.0,1687.0,2811,2437,324357,280394,581710.0,602311.0,56798,61441,85,73.1,69.1,68.2,,70.7,60.5,,,,81.9,86.5,76.1,82.9,,0.2671,2845.739990234375,0.0,1.0,0.0,0.25,5.0,0.6,0.5,0.6,0.0,1.0,0.0,0.0,0.0,0.0,0.0,0.0,0.0
September 2015 First Open Bidding Exercise,2015-09-09,2015,1688.0,57089.0,2553.0,1688.0,1059.0,62101.0,1628.0,1687.0,2811,2437,324357,280394,581710.0,602311.0,56798,61441,85,73.1,69.1,68.2,,70.7,60.5,,,,81.9,86.5,76.1,82.9,,0.2323,2928.179931640625,0.0,1.0,0.0,0.25,5.0,0.6,0.5,0.6,0.0,1.0,0.0,0.0,0.0,0.0,0.0,0.0,0.0
August 2015 Second Open Bidding Exercise,2015-08-19,2015,1756.0,57498.0,2597.0,1756.0,1058.0,62140.0,1551.0,1687.0,2446,2241,325302,280265,581710.0,602311.0,59216,65508,85,73.2,69.5,68.5,,71.9,60.9,,,,80.6,84.1,76.1,82.9,,0.1729,3041.25,0.0,1.0,0.0,0.25,5.0,0.6,0.5,0.6,0.0,1.0,0.0,0.0,0.0,0.0,0.0,0.0,0.0
August 2015 First Open Bidding Exercise,2015-08-05,2015,1688.0,56209.0,2446.0,1687.0,1057.0,60789.0,1634.0,1687.0,2446,2241,325302,280265,581710.0,602311.0,59216,65508,85,73.2,69.5,68.5,,71.9,60.9,,,,80.6,84.1,76.1,82.9,,0.1926,3191.389892578125,0.0,1.0,0.0,0.25,5.0,0.6,0.5,0.6,0.0,1.0,0.0,0.0,0.0,0.0,0.0,0.0,0.0
July 2015 Second Open Bidding Exercise,2015-07-22,2015,1435.0,55889.0,1966.0,1365.0,930.0,58109.0,1218.0,1426.0,1777,1390,326108,279963,581710.0,602311.0,62795,70454,84.9,74.7,71.1,68.9,,73.3,62.2,,,,81.9,86.5,76.1,82.9,,0.2928,3359.169921875,0.0,1.0,0.0,0.25,5.0,0.6,0.5,0.6,0.0,1.0,0.0,0.0,0.0,0.0,0.0,0.0,0.0
July 2015 First Open Bidding Exercise,2015-07-08,2015,1466.0,58700.0,1891.0,1464.0,934.0,65501.0,1225.0,1426.0,1777,1390,326108,279963,581710.0,602311.0,62795,70454,84.9,74.7,71.1,68.9,,73.3,62.2,,,,81.9,86.5,76.1,82.9,,0.2567,3284.989990234375,0.0,1.0,0.0,0.25,5.0,0.6,0.5,0.6,0.0,1.0,0.0,0.0,0.0,0.0,0.0,0.0,0.0
June 2015 Second Open Bidding Exercise,2015-06-17,2015,1429.0,61000.0,1766.0,1421.0,928.0,71509.0,1144.0,1426.0,3853,3134,328129,280955,581710.0,602311.0,66255,75621,85.2,75.4,72.2,70.6,,74.6,63.9,,,,81.9,86.5,76.1,82.9,,0.1673,3325.909912109375,0.0,1.0,0.0,0.25,5.0,0.6,0.5,0.6,0.0,1.0,0.0,0.0,0.0,0.0,0.0,0.0,0.0
June 2015 First Open Bidding Exercise,2015-06-04,2015,1432.0,66000.0,1943.0,1393.0,929.0,75000.0,1384.0,1426.0,3853,3134,328129,280955,581710.0,602311.0,66255,75621,85.2,75.4,72.2,70.6,,74.6,63.9,,,,81.9,86.5,76.1,82.9,,0.2328,3345.0,0.0,1.0,0.0,0.25,5.0,0.6,0.5,0.6,0.0,1.0,0.0,0.0,0.0,0.0,0.0,0.0,0.0
May 2015 Second Open Bidding Exercise,2015-05-20,2015,1434.0,66590.0,2351.0,1431.0,948.0,75002.0,1401.0,1426.0,2501,2070,328037,280183,581710.0,602311.0,66107,74629,85.3,75.5,72.3,71.3,,73.3,63.8,,,,81.8,86.5,76.1,82.9,,0.2259,3439.679931640625,0.0,1.0,0.0,0.25,5.0,0.6,0.5,0.6,0.0,1.0,0.0,0.0,0.0,0.0,0.0,0.0,0.0
May 2015 First Open Bidding Exercise,2015-05-06,2015,1444.0,68589.0,2891.0,1438.0,934.0,77600.0,1631.0,1426.0,2501,2070,328037,280183,581710.0,602311.0,66107,74629,85.3,75.5,72.3,71.3,,73.3,63.8,,,,81.8,86.5,76.1,82.9,,0.2469,3459.7900390625,0.0,1.0,0.0,0.25,5.0,0.6,0.5,0.6,0.0,1.0,0.0,0.0,0.0,0.0,0.0,0.0,0.0
April 2015 Second Open Bidding Exercise,2015-04-22,2015,987.0,67601.0,2055.0,979.0,728.0,78001.0,1525.0,986.0,1866,1976,329163,280304,581710.0,602311.0,63444,72136,84.9,75,71.6,71.2,,70.2,62.3,,,,81.6,86.1,76.1,82.9,,0.2335,3496.239990234375,0.0,1.0,0.0,0.25,5.0,0.6,0.5,0.6,0.0,1.0,0.0,0.0,0.0,0.0,0.0,0.0,0.0
April 2015 First Open Bidding Exercise,2015-04-08,2015,988.0,67749.0,2340.0,970.0,722.0,76612.0,1661.0,986.0,1866,1976,329163,280304,581710.0,602311.0,63444,72136,84.9,75,71.6,71.2,,70.2,62.3,,,,81.6,86.1,76.1,82.9,,0.2657,3460.679931640625,0.0,1.0,0.0,0.25,5.0,0.6,0.5,0.6,0.0,1.0,0.0,0.0,0.0,0.0,0.0,0.0,0.0
March 2015 Second Open Bidding Exercise,2015-03-18,2015,987.0,64700.0,2251.0,987.0,723.0,71889.0,1354.0,986.0,1958,1958,330915,280617,581710.0,602311.0,62721,71730,85.5,74,70.5,69.5,,69.5,62.4,,,,80.4,84.1,75.8,82.9,,0.2809,3361.75,0.0,1.0,0.0,0.25,5.0,0.6,0.5,0.6,0.0,1.0,0.0,0.0,0.0,0.0,0.0,0.0,0.0
March 2015 First Open Bidding Exercise,2015-03-04,2015,987.0,61410.0,2120.0,986.0,723.0,68668.0,1239.0,986.0,1958,1958,330915,280617,581710.0,602311.0,62721,71730,85.5,74,70.5,69.5,,69.5,62.4,,,,80.4,84.1,75.8,82.9,,0.3176,3415.530029296875,0.0,1.0,0.0,0.25,5.0,0.6,0.5,0.6,0.0,1.0,0.0,0.0,0.0,0.0,0.0,0.0,0.0
February 2015 Second Open Bidding Exercise,2015-02-17,2015,988.0,57199.0,1294.0,988.0,722.0,66751.0,1037.0,986.0,1306,1589,332987,281075,581710.0,602311.0,63865,73035,85.3,72.8,68.4,68.2,,62.7,62.1,,,,80.5,84.1,75.8,82.9,,0.1888,3415.909912109375,0.0,1.0,0.0,0.25,5.0,0.6,0.5,0.6,0.0,1.0,0.0,0.0,0.0,0.0,0.0,0.0,0.0
February 2015 First Open Bidding Exercise,2015-02-04,2015,992.0,62002.0,1295.0,991.0,724.0,70890.0,959.0,986.0,1306,1589,332987,281075,581710.0,602311.0,63865,73035,85.3,72.8,68.4,68.2,,62.7,62.1,,,,80.5,84.1,75.8,82.9,,0.1523,3417.570068359375,0.0,1.0,0.0,0.25,5.0,0.6,0.5,0.6,0.0,1.0,0.0,0.0,0.0,0.0,0.0,0.0,0.0
January 2015 Second Open Bidding Exercise,2015-01-21,2015,705.0,65001.0,1068.0,703.0,576.0,76889.0,915.0,698.0,1547,1972,333823,280960,581710.0,602311.0,66130,74058,85.2,72.9,68.8,70.2,,60,61.5,,,,80.4,84.1,75.8,82.4,,0.1446,3354.4599609375,0.0,1.0,0.0,0.5,5.0,0.6,0.5,0.6,0.0,1.0,0.0,0.0,0.0,0.0,0.0,0.0,0.0
January 2015 First Open Bidding Exercise,2015-01-07,2015,704.0,66010.0,940.0,698.0,571.0,75289.0,833.0,698.0,1547,1972,333823,280960,581710.0,602311.0,66130,74058,85.2,72.9,68.8,70.2,,60,61.5,,,,80.4,84.1,75.8,82.4,,0.1652,3298.360107421875,0.0,1.0,0.0,0.5,5.0,0.6,0.5,0.6,0.0,1.0,0.0,0.0,0.0,0.0,0.0,0.0,0.0
December 2014 Second Open Bidding Exercise,2014-12-17,2014,705.0,65889.0,868.0,699.0,579.0,74000.0,755.0,698.0,1482,1589,335450,281083,604983.0,616609.0,65607,72726,85.4,73.7,69.3,,,,,,,,80.1,,,,,0.1178,3227.22998046875,0.0,1.0,0.0,0.5,5.0,0.6,0.5,0.6,0.0,1.0,0.0,0.0,0.0,0.0,0.0,0.0,0.0
December 2014 First Open Bidding Exercise,2014-12-03,2014,709.0,67089.0,996.0,703.0,584.0,74389.0,873.0,698.0,1482,1589,335450,281083,604983.0,616609.0,65607,72726,85.4,73.7,69.3,,,,,,,,80.1,,,,,0.1282,3303.389892578125,0.0,1.0,0.0,0.5,5.0,0.6,0.5,0.6,0.0,1.0,0.0,0.0,0.0,0.0,0.0,0.0,0.0
November 2014 Second Open Bidding Exercise,2014-11-19,2014,701.0,67889.0,1144.0,694.0,570.0,72890.0,900.0,698.0,1269,1640,336231,281213,604983.0,616609.0,64584,72161,85.5,74.1,70.4,,,,,,,,80.1,,,,,0.1043,3334.56005859375,0.0,1.0,0.0,0.5,5.0,0.6,0.5,0.6,0.0,1.0,0.0,0.0,0.0,0.0,0.0,0.0,0.0
November 2014 First Open Bidding Exercise,2014-11-05,2014,703.0,64900.0,1196.0,692.0,574.0,70890.0,832.0,698.0,1269,1640,336231,281213,604983.0,616609.0,64584,72161,85.5,74.1,70.4,,,,,,,,80.1,,,,,0.0848,3287.5400390625,0.0,1.0,0.0,0.5,5.0,0.6,0.5,0.6,0.0,1.0,0.0,0.0,0.0,0.0,0.0,0.0,0.0
October 2014 Second Open Bidding Exercise,2014-10-23,2014,572.0,63990.0,1092.0,569.0,507.0,72002.0,822.0,572.0,1261,1487,337030,281022,604983.0,616609.0,64171,71811,85.3,74.5,70.9,,,,,,,,80.1,,,,,0.0780,3202.739990234375,0.0,1.0,0.0,0.5,5.0,0.6,0.5,0.6,0.0,1.0,0.0,0.0,0.0,0.0,0.0,0.0,0.0
October 2014 First Open Bidding Exercise,2014-10-09,2014,575.0,63880.0,1097.0,570.0,505.0,72180.0,852.0,572.0,1261,1487,337030,281022,604983.0,616609.0,64171,71811,85.3,74.5,70.9,,,,,,,,80.1,,,,,0.0803,3259.25,0.0,1.0,0.0,0.5,5.0,0.6,0.5,0.6,0.0,1.0,0.0,0.0,0.0,0.0,0.0,0.0,0.0
September 2014 Second Open Bidding Exercise,2014-09-17,2014,573.0,62000.0,792.0,573.0,509.0,71990.0,785.0,572.0,1256,1678,337849,280968,604983.0,616609.0,63672,69429,85.6,74.7,71.4,,,,,,,,80.1,,,,,0.1111,3296.47998046875,0.0,1.0,0.0,0.5,5.0,0.6,0.5,0.6,0.0,1.0,0.0,0.0,0.0,0.0,0.0,0.0,0.0
September 2014 First Open Bidding Exercise,2014-09-03,2014,572.0,64841.0,813.0,568.0,511.0,73010.0,909.0,572.0,1256,1678,337849,280968,604983.0,616609.0,63672,69429,85.6,74.7,71.4,,,,,,,,80.1,,,,,0.0991,3348.77001953125,0.0,1.0,0.0,0.5,5.0,0.6,0.5,0.6,0.0,1.0,0.0,0.0,0.0,0.0,0.0,0.0,0.0
August 2014 Second Open Bidding Exercise,2014-08-20,2014,575.0,65710.0,994.0,574.0,506.0,72990.0,1137.0,572.0,1081,1477,338468,280602,604983.0,616609.0,63380,67429,85.7,74.9,71.6,,,,,,,,80.1,,,,,0.0635,3323.64990234375,0.0,1.0,0.0,0.5,5.0,0.6,0.5,0.6,0.0,1.0,0.0,0.0,0.0,0.0,0.0,0.0,0.0
August 2014 First Open Bidding Exercise,2014-08-06,2014,574.0,64600.0,1086.0,574.0,507.0,68689.0,1090.0,572.0,1081,1477,338468,280602,604983.0,616609.0,63380,67429,85.7,74.9,71.6,,,,,,,,80.1,,,,,0.0639,3320.22998046875,0.0,1.0,0.0,0.5,5.0,0.6,0.5,0.6,0.0,1.0,0.0,0.0,0.0,0.0,0.0,0.0,0.0
July 2014 Second Open Bidding Exercise,2014-07-23,2014,509.0,62890.0,1190.0,505.0,498.0,65001.0,850.0,506.0,937,1312,338802,280349,604983.0,616609.0,62610,66834,85.3,74.6,71.2,,,,,,,,80.1,,,,,0.0716,3340.699951171875,0.0,1.0,0.0,0.5,5.0,0.6,0.5,0.6,0.0,1.0,0.0,0.0,0.0,0.0,0.0,0.0,0.0
July 2014 First Open Bidding Exercise,2014-07-09,2014,513.0,61990.0,1075.0,511.0,493.0,64889.0,812.0,506.0,937,1312,338802,280349,604983.0,616609.0,62610,66834,85.3,74.6,71.2,,,,,,,,80.1,,,,,0.0613,3275.4599609375,0.0,1.0,0.0,0.5,5.0,0.6,0.5,0.6,0.0,1.0,0.0,0.0,0.0,0.0,0.0,0.0,0.0
June 2014 Second Open Bidding Exercise,2014-06-18,2014,509.0,61899.0,1040.0,506.0,490.0,65700.0,716.0,506.0,963,1437,339372,280254,604983.0,616609.0,66586,71771,85.5,74.7,71.3,,,,,,,,80.1,,,,,0.0612,3276.800048828125,0.0,1.0,0.0,0.5,5.0,0.6,0.5,0.6,0.0,1.0,0.0,0.0,0.0,0.0,0.0,0.0,0.0
June 2014 First Open Bidding Exercise,2014-06-04,2014,507.0,63190.0,1040.0,499.0,494.0,67304.0,807.0,506.0,963,1437,339372,280254,604983.0,616609.0,66586,71771,85.5,74.7,71.3,,,,,,,,80.1,,,,,0.0839,3280.169921875,0.0,1.0,0.0,0.5,5.0,0.6,0.5,0.6,0.0,1.0,0.0,0.0,0.0,0.0,0.0,0.0,0.0
May 2014 Second Open Bidding Exercise,2014-05-21,2014,509.0,65689.0,997.0,506.0,484.0,68103.0,716.0,506.0,905,1222,339700,279944,604983.0,616609.0,71672,76872,85.7,74.9,71.6,,,,,,,,80.1,,,,,0.0848,3261.780029296875,0.0,1.0,0.0,0.5,5.0,0.6,0.5,0.6,0.0,1.0,0.0,0.0,0.0,0.0,0.0,0.0,0.0
May 2014 First Open Bidding Exercise,2014-05-07,2014,513.0,60002.0,676.0,512.0,483.0,70002.0,778.0,506.0,905,1222,339700,279944,604983.0,616609.0,71672,76872,85.7,74.9,71.6,,,,,,,,80.1,,,,,0.0739,3236.429931640625,0.0,1.0,0.0,0.5,5.0,0.6,0.5,0.6,0.0,1.0,0.0,0.0,0.0,0.0,0.0,0.0,0.0
April 2014 Second Open Bidding Exercise,2014-04-23,2014,361.0,71335.0,513.0,357.0,351.0,75010.0,486.0,358.0,768,964,340066,279823,604983.0,616609.0,75517,79505,85.4,76.1,73.1,,,,,,,,79.9,,,,,0.0753,3258.010009765625,0.0,1.0,0.0,0.5,5.0,0.6,0.5,0.6,0.0,1.0,0.0,0.0,0.0,0.0,0.0,0.0,0.0
April 2014 First Open Bidding Exercise,2014-04-09,2014,367.0,77400.0,537.0,360.0,363.0,84504.0,523.0,358.0,768,964,340066,279823,604983.0,616609.0,75517,79505,85.4,76.1,73.1,,,,,,,,79.9,,,,,0.0761,3209.919921875,0.0,1.0,0.0,0.5,5.0,0.6,0.5,0.6,0.0,1.0,0.0,0.0,0.0,0.0,0.0,0.0,0.0
March 2014 Second Open Bidding Exercise,2014-03-19,2014,362.0,78602.0,577.0,360.0,353.0,82900.0,524.0,358.0,806,1154,340645,279927,604983.0,616609.0,74838,79203,85.7,76.1,73.5,,,,,,,,78.7,,,,,0.0625,3080.75,0.0,1.0,0.0,0.5,5.0,0.6,0.5,0.6,0.0,1.0,0.0,0.0,0.0,0.0,0.0,0.0,0.0
March 2014 First Open Bidding Exercise,2014-03-05,2014,365.0,76999.0,615.0,356.0,350.0,80710.0,499.0,358.0,806,1154,340645,279927,604983.0,616609.0,74838,79203,85.7,76.1,73.5,,,,,,,,78.7,,,,,0.0518,3116.639892578125,0.0,1.0,0.0,0.5,5.0,0.6,0.5,0.6,0.0,1.0,0.0,0.0,0.0,0.0,0.0,0.0,0.0
February 2014 Second Open Bidding Exercise,2014-02-19,2014,362.0,77201.0,700.0,358.0,355.0,78604.0,519.0,358.0,754,1105,341169,280081,604983.0,616609.0,73431,76719,85.5,75.6,72.6,,,,,,,,78.7,,,,,0.0432,3088.7900390625,0.0,1.0,0.0,0.5,5.0,0.6,0.5,0.6,0.0,1.0,0.0,0.0,0.0,0.0,0.0,0.0,0.0
February 2014 First Open Bidding Exercise,2014-02-05,2014,362.0,71564.0,719.0,356.0,360.0,75300.0,523.0,358.0,754,1105,341169,280081,604983.0,616609.0,73431,76719,85.5,75.6,72.6,,,,,,,,78.7,,,,,0.0446,2960.090087890625,0.0,1.0,0.0,0.5,5.0,0.6,0.5,0.6,0.0,1.0,0.0,0.0,0.0,0.0,0.0,0.0,0.0
January 2014 Second Open Bidding Exercise,2014-01-22,2014,368.0,72290.0,724.0,364.0,393.0,79000.0,512.0,364.0,844,1224,341519,279902,604983.0,616609.0,73237,78382,85.5,75.2,72.4,,,,,,,,78.7,,,,,0.0460,3133.739990234375,1.0,0.0,0.0,0.5,5.0,0.6,0.5,0.6,0.0,1.0,0.0,0.0,0.0,0.0,0.0,0.0,0.0
January 2014 First Open Bidding Exercise,2014-01-08,2014,364.0,72369.0,623.0,361.0,386.0,78700.0,581.0,364.0,844,1224,341519,279902,604983.0,616609.0,73237,78382,85.5,75.2,72.4,,,,,,,,78.7,,,,,0.0459,3150.64990234375,1.0,0.0,0.0,0.5,5.0,0.6,0.5,0.6,0.0,1.0,0.0,0.0,0.0,0.0,0.0,0.0,0.0
December 2013 Second Open Bidding Exercise,2013-12-18,2013,367.0,74002.0,574.0,363.0,377.0,75700.0,500.0,364.0,733,1295,341686,279605,610967.0,621345.0,76109,82333,85.4,76,73.1,,,,,,,,78.3,,,,,0.0462,3061.780029296875,1.0,0.0,0.0,0.5,5.0,0.6,0.5,0.6,0.0,1.0,0.0,0.0,0.0,0.0,0.0,0.0,0.0
December 2013 First Open Bidding Exercise,2013-12-04,2013,364.0,73160.0,591.0,364.0,373.0,73010.0,549.0,364.0,733,1295,341686,279605,610967.0,621345.0,76109,82333,85.4,76,73.1,,,,,,,,78.3,,,,,0.0639,3160.699951171875,1.0,0.0,0.0,0.5,5.0,0.6,0.5,0.6,0.0,1.0,0.0,0.0,0.0,0.0,0.0,0.0,0.0
November 2013 Second Open Bidding Exercise,2013-11-20,2013,364.0,74991.0,650.0,361.0,379.0,79300.0,536.0,364.0,647,960,341757,279086,610967.0,621345.0,78424,84772,85.7,77.5,75,,,,,,,,78.3,,,,,0.0588,3184.22998046875,1.0,0.0,0.0,0.5,5.0,0.6,0.5,0.6,0.0,1.0,0.0,0.0,0.0,0.0,0.0,0.0,0.0
November 2013 First Open Bidding Exercise,2013-11-06,2013,368.0,72609.0,590.0,368.0,376.0,84578.0,482.0,364.0,647,960,341757,279086,610967.0,621345.0,78424,84772,85.7,77.5,75,,,,,,,,78.3,,,,,0.0707,3205.2900390625,1.0,0.0,0.0,0.5,5.0,0.6,0.5,0.6,0.0,1.0,0.0,0.0,0.0,0.0,0.0,0.0,0.0
October 2013 Second Open Bidding Exercise,2013-10-23,2013,373.0,76889.0,596.0,373.0,382.0,87910.0,515.0,364.0,650,956,341869,278838,610967.0,621345.0,79121,83160,85.1,77,74.3,,,,,,,,78.3,,,,,0.0783,3204.800048828125,1.0,0.0,0.0,0.5,5.0,0.6,0.5,0.6,0.0,1.0,0.0,0.0,0.0,0.0,0.0,0.0,0.0
October 2013 First Open Bidding Exercise,2013-10-09,2013,365.0,85000.0,615.0,361.0,376.0,93500.0,649.0,364.0,650,956,341869,278838,610967.0,621345.0,79121,83160,85.1,77,74.3,,,,,,,,78.3,,,,,0.0471,3154.840087890625,1.0,0.0,0.0,0.5,5.0,0.6,0.5,0.6,0.0,1.0,0.0,0.0,0.0,0.0,0.0,0.0,0.0
September 2013 Second Open Bidding Exercise,2013-09-18,2013,370.0,83751.0,654.0,361.0,377.0,86239.0,703.0,364.0,938,1011,342017,278601,610967.0,621345.0,76654,78508,85,75.6,72.7,,,,,,,,78.1,,,,,0.0389,3193.85009765625,1.0,0.0,0.0,0.5,5.0,0.6,0.5,0.6,0.0,1.0,0.0,0.0,0.0,0.0,0.0,0.0,0.0
September 2013 First Open Bidding Exercise,2013-09-04,2013,366.0,77304.0,609.0,365.0,381.0,77100.0,623.0,364.0,938,1011,342017,278601,610967.0,621345.0,76654,78508,85,75.6,72.7,,,,,,,,78.1,,,,,0.0446,3015.419921875,1.0,0.0,0.0,0.5,5.0,0.6,0.5,0.6,0.0,1.0,0.0,0.0,0.0,0.0,0.0,0.0,0.0
August 2013 Second Open Bidding Exercise,2013-08-21,2013,366.0,76223.0,596.0,360.0,375.0,76607.0,627.0,364.0,675,1032,341798,278229,610967.0,621345.0,72679,77410,84.8,75.2,72.3,,,,,,,,78.1,,,,,0.0433,3108.989990234375,1.0,0.0,0.0,0.5,5.0,0.6,0.5,0.6,0.0,1.0,0.0,0.0,0.0,0.0,0.0,0.0,0.0
August 2013 First Open Bidding Exercise,2013-08-07,2013,373.0,75556.0,754.0,371.0,380.0,77600.0,682.0,364.0,675,1032,341798,278229,610967.0,621345.0,72679,77410,84.8,75.2,72.3,,,,,,,,78.1,,,,,0.0406,3229.909912109375,1.0,0.0,0.0,0.5,5.0,0.6,0.5,0.6,0.0,1.0,0.0,0.0,0.0,0.0,0.0,0.0,0.0
July 2013 Second Open Bidding Exercise,2013-07-17,2013,334.0,73989.0,621.0,332.0,303.0,76389.0,574.0,333.0,714,929,341766,277792,610967.0,621345.0,68689,73209,84.2,74.9,71.9,,,,,,,,78.1,,,,,0.0466,3208.330078125,1.0,0.0,0.0,0.5,5.0,0.6,0.5,0.6,0.0,1.0,0.0,0.0,0.0,0.0,0.0,0.0,0.0
July 2013 First Open Bidding Exercise,2013-07-03,2013,338.0,73100.0,716.0,328.0,331.0,77110.0,652.0,333.0,714,929,341766,277792,610967.0,621345.0,68689,73209,84.2,74.9,71.9,,,,,,,,78.1,,,,,0.0408,3129.489990234375,1.0,0.0,0.0,0.5,5.0,0.6,0.5,0.6,0.0,1.0,0.0,0.0,0.0,0.0,0.0,0.0,0.0
June 2013 Second Open Bidding Exercise,2013-06-19,2013,342.0,69903.0,788.0,341.0,305.0,81751.0,734.0,333.0,867,1270,341774,277595,610967.0,621345.0,64762,69128,83.9,72.6,69.2,,,,,,,,78.1,,,,,0.0562,3213.7900390625,1.0,0.0,0.0,0.5,5.0,0.6,0.5,0.0,0.0,1.0,0.0,0.0,0.0,0.0,0.0,0.0,0.0
June 2013 First Open Bidding Exercise,2013-06-05,2013,341.0,67301.0,855.0,336.0,302.0,75000.0,732.0,333.0,867,1270,341774,277595,610967.0,621345.0,64762,69128,83.9,72.6,69.2,,,,,,,,78.1,,,,,0.0625,3243.429931640625,1.0,0.0,0.0,0.5,5.0,0.6,0.5,0.0,0.0,1.0,0.0,0.0,0.0,0.0,0.0,0.0,0.0
May 2013 Second Open Bidding Exercise,2013-05-22,2013,333.0,64839.0,888.0,324.0,332.0,67304.0,749.0,333.0,980,1160,341620,277107,610967.0,621345.0,65044,65001,83.7,72,68.5,,,,,,,,78.1,,,,,0.0537,3454.3701171875,1.0,0.0,0.0,0.5,5.0,0.6,0.5,0.0,0.0,1.0,0.0,0.0,0.0,0.0,0.0,0.0,0.0
May 2013 First Open Bidding Exercise,2013-05-08,2013,336.0,62999.0,912.0,329.0,317.0,61700.0,601.0,333.0,980,1160,341620,277107,610967.0,621345.0,65044,65001,83.7,72,68.5,,,,,,,,78.1,,,,,0.0523,3413.02001953125,1.0,0.0,0.0,0.5,5.0,0.6,0.5,0.0,0.0,1.0,0.0,0.0,0.0,0.0,0.0,0.0,0.0
April 2013 Second Open Bidding Exercise,2013-04-24,2013,333.0,62497.0,993.0,333.0,310.0,62000.0,683.0,333.0,764,1131,341611,276856,610967.0,621345.0,71306,74428,83.4,73.8,70.6,,,,,,,,78.1,,,,,0.0368,3322.7099609375,1.0,0.0,0.0,0.5,5.0,0.6,0.5,0.0,0.0,1.0,0.0,0.0,0.0,0.0,0.0,0.0,0.0
April 2013 First Open Bidding Exercise,2013-04-10,2013,341.0,61029.0,966.0,339.0,302.0,67010.0,835.0,333.0,764,1131,341611,276856,610967.0,621345.0,71306,74428,83.4,73.8,70.6,,,,,,,,78.1,,,,,0.0433,3293.25,1.0,0.0,0.0,0.5,5.0,0.6,0.5,0.0,0.0,1.0,0.0,0.0,0.0,0.0,0.0,0.0,0.0
March 2013 Second Open Bidding Exercise,2013-03-27,2013,337.0,64209.0,923.0,337.0,307.0,73900.0,940.0,333.0,719,982,341880,276732,610967.0,621345.0,81237,84879,84.7,77.9,75.5,,,,,,,,78.1,,,,,0.0533,3313.030029296875,1.0,0.0,0.0,0.5,5.0,0.6,0.5,0.0,0.0,1.0,0.0,0.0,0.0,0.0,0.0,0.0,0.0
March 2013 First Open Bidding Exercise,2013-03-13,2013,336.0,74689.0,1180.0,329.0,326.0,58090.0,1028.0,333.0,719,982,341880,276732,610967.0,621345.0,81237,84879,84.7,77.9,75.5,,,,,,,,78.1,,,,,0.0516,3288.52001953125,1.0,0.0,0.0,0.5,5.0,0.6,0.5,0.0,0.0,1.0,0.0,0.0,0.0,0.0,0.0,0.0,0.0
February 2013 Second Open Bidding Exercise,2013-02-20,2013,333.0,78301.0,427.0,329.0,303.0,92667.0,409.0,333.0,538,795,342025,276479,610967.0,621345.0,84822,93497,85.2,80.2,78.2,,,,,,,,78.1,,,,,0.0621,3308.889892578125,1.0,0.0,0.0,0.5,0.0,0.0,0.0,0.0,1.0,0.0,0.0,0.0,0.0,0.0,0.0,0.0,0.0
February 2013 First Open Bidding Exercise,2013-02-06,2013,335.0,87109.0,418.0,333.0,302.0,92901.0,431.0,333.0,538,795,342025,276479,610967.0,621345.0,84822,93497,85.2,80.2,78.2,,,,,,,,78.1,,,,,0.0432,3276.530029296875,1.0,0.0,0.0,0.5,0.0,0.0,0.0,0.0,1.0,0.0,0.0,0.0,0.0,0.0,0.0,0.0,0.0
January 2013 Second Open Bidding Exercise,2013-01-23,2013,409.0,91010.0,489.0,409.0,351.0,95501.0,452.0,393.0,966,1296,342088,276335,610967.0,621345.0,83003,93470,84.3,77.5,75.1,,,,,,,,78.1,,,,,0.0412,3231.22998046875,1.0,0.0,0.0,1.0,0.0,0.0,0.0,0.0,1.0,0.0,0.0,0.0,0.0,0.0,0.0,0.0,0.0
January 2013 First Open Bidding Exercise,2013-01-09,2013,410.0,92100.0,555.0,409.0,363.0,96210.0,470.0,393.0,966,1296,342088,276335,610967.0,621345.0,83003,93470,84.3,77.5,75.1,,,,,,,,78.1,,,,,0.0446,3220.409912109375,1.0,0.0,0.0,1.0,0.0,0.0,0.0,0.0,1.0,0.0,0.0,0.0,0.0,0.0,0.0,0.0,0.0
December 2012 Second Open Bidding Exercise,2012-12-19,2012,395.0,81889.0,499.0,378.0,360.0,93501.0,478.0,393.0,793,1337,341824,275732,606863.0,617570.0,75818,89152,84.2,77.6,75.2,,,,,,,,77.9,,,,,0.0513,3158.570068359375,1.0,0.0,0.0,1.0,0.0,0.0,0.0,0.0,1.0,0.0,0.0,0.0,0.0,0.0,0.0,0.0,0.0
December 2012 First Open Bidding Exercise,2012-12-05,2012,395.0,78523.0,482.0,378.0,350.0,90200.0,493.0,393.0,793,1337,341824,275732,606863.0,617570.0,75818,89152,84.2,77.6,75.2,,,,,,,,77.9,,,,,0.0645,3075.919921875,1.0,0.0,0.0,1.0,0.0,0.0,0.0,0.0,1.0,0.0,0.0,0.0,0.0,0.0,0.0,0.0,0.0
November 2012 Second Open Bidding Exercise,2012-11-21,2012,396.0,77291.0,540.0,393.0,351.0,93004.0,487.0,393.0,1055,1170,341631,274999,606863.0,617570.0,70916,86650,83.5,75.4,72.5,,,,,,,,77.9,,,,,0.0806,2960.300048828125,1.0,0.0,0.0,1.0,0.0,0.0,0.0,0.0,1.0,0.0,0.0,0.0,0.0,0.0,0.0,0.0,0.0
November 2012 First Open Bidding Exercise,2012-11-07,2012,395.0,77201.0,621.0,393.0,350.0,92400.0,573.0,393.0,1055,1170,341631,274999,606863.0,617570.0,70916,86650,83.5,75.4,72.5,,,,,,,,77.9,,,,,0.0642,3043.27001953125,1.0,0.0,0.0,1.0,0.0,0.0,0.0,0.0,1.0,0.0,0.0,0.0,0.0,0.0,0.0,0.0,0.0
October 2012 Second Open Bidding Exercise,2012-10-17,2012,393.0,71001.0,509.0,390.0,353.0,85801.0,540.0,393.0,967,1276,341122,274444,606863.0,617570.0,68566,86167,83.4,75.2,72.4,,,,,,,,77.9,,,,,0.0895,3045.669921875,1.0,0.0,0.0,1.0,0.0,0.0,0.0,0.0,1.0,0.0,0.0,0.0,0.0,0.0,0.0,0.0,0.0
October 2012 First Open Bidding Exercise,2012-10-03,2012,401.0,69000.0,506.0,399.0,350.0,80001.0,414.0,393.0,967,1276,341122,274444,606863.0,617570.0,68566,86167,83.4,75.2,72.4,,,,,,,,77.9,,,,,0.1039,3077.139892578125,1.0,0.0,0.0,1.0,0.0,0.0,0.0,0.0,1.0,0.0,0.0,0.0,0.0,0.0,0.0,0.0,0.0
September 2012 Second Open Bidding Exercise,2012-09-19,2012,402.0,63000.0,486.0,402.0,351.0,88500.0,523.0,393.0,975,1232,340724,273792,606863.0,617570.0,66578,87331,83.6,76.7,74.2,,,,,,,,77.9,,,,,0.0654,3075.6298828125,1.0,0.0,0.0,1.0,0.0,0.0,0.0,0.0,1.0,0.0,0.0,0.0,0.0,0.0,0.0,0.0,0.0
September 2012 First Open Bidding Exercise,2012-09-05,2012,399.0,68000.0,518.0,391.0,355.0,80191.0,466.0,393.0,975,1232,340724,273792,606863.0,617570.0,66578,87331,83.6,76.7,74.2,,,,,,,,77.9,,,,,0.0746,2995.89990234375,1.0,0.0,0.0,1.0,0.0,0.0,0.0,0.0,1.0,0.0,0.0,0.0,0.0,0.0,0.0,0.0,0.0
August 2012 Second Open Bidding Exercise,2012-08-23,2012,400.0,66889.0,530.0,391.0,351.0,88002.0,532.0,393.0,906,991,340228,273070,606863.0,617570.0,64413,87283,83.1,75.1,72.2,,,,,,,,77.9,,,,,0.0822,3056.3701171875,1.0,0.0,0.0,1.0,0.0,0.0,0.0,0.0,1.0,0.0,0.0,0.0,0.0,0.0,0.0,0.0,0.0
August 2012 First Open Bidding Exercise,2012-08-08,2012,421.0,73501.0,724.0,415.0,350.0,94502.0,489.0,393.0,906,991,340228,273070,606863.0,617570.0,64413,87283,83.1,75.1,72.2,,,,,,,,77.9,,,,,0.0636,3052.25,1.0,0.0,0.0,1.0,0.0,0.0,0.0,0.0,1.0,0.0,0.0,0.0,0.0,0.0,0.0,0.0,0.0
July 2012 Second Open Bidding Exercise,2012-07-18,2012,676.0,68656.0,911.0,669.0,353.0,90501.0,549.0,619.0,941,1336,339853,272633,606863.0,617570.0,61115,86410,82.6,73.7,70.5,,,,,,,,77.9,,,,,0.0419,3017.2099609375,1.0,0.0,0.0,1.5,0.0,0.0,0.0,0.0,1.0,0.0,0.0,0.0,0.0,0.0,0.0,0.0,0.0
July 2012 First Open Bidding Exercise,2012-07-04,2012,641.0,59421.0,872.0,613.0,358.0,82289.0,459.0,619.0,941,1336,339853,272633,606863.0,617570.0,61115,86410,82.6,73.7,70.5,,,,,,,,77.9,,,,,0.0522,2945.330078125,1.0,0.0,0.0,1.5,0.0,0.0,0.0,0.0,1.0,0.0,0.0,0.0,0.0,0.0,0.0,0.0,0.0
June 2012 Second Open Bidding Exercise,2012-06-20,2012,633.0,59004.0,920.0,577.0,349.0,85400.0,477.0,619.0,1174,1346,339483,271839,606863.0,617570.0,60219,86728,82.4,73.8,70.7,,,,,,,,77.9,,,,,0.0483,2855.679931640625,1.0,0.0,0.0,1.5,0.0,0.0,0.0,0.0,1.0,0.0,0.0,0.0,0.0,0.0,0.0,0.0,0.0
June 2012 First Open Bidding Exercise,2012-06-06,2012,668.0,59003.0,1004.0,647.0,350.0,83000.0,490.0,619.0,1174,1346,339483,271839,606863.0,617570.0,60219,86728,82.4,73.8,70.7,,,,,,,,77.9,,,,,0.0481,2760.830078125,1.0,0.0,0.0,1.5,0.0,0.0,0.0,0.0,1.0,0.0,0.0,0.0,0.0,0.0,0.0,0.0,0.0
May 2012 Second Open Bidding Exercise,2012-05-23,2012,630.0,58001.0,945.0,617.0,349.0,85216.0,482.0,619.0,955,1299,338822,271004,606863.0,617570.0,59393,85546,82.4,74.1,71.1,,,,,,,,77.9,,,,,0.0627,2780.419921875,1.0,0.0,0.0,1.5,0.0,0.0,0.0,0.0,1.0,0.0,0.0,0.0,0.0,0.0,0.0,0.0,0.0
May 2012 First Open Bidding Exercise,2012-05-09,2012,641.0,62600.0,822.0,593.0,354.0,92050.0,545.0,619.0,955,1299,338822,271004,606863.0,617570.0,59393,85546,82.4,74.1,71.1,,,,,,,,77.9,,,,,0.0548,2900.909912109375,1.0,0.0,0.0,1.5,0.0,0.0,0.0,0.0,1.0,0.0,0.0,0.0,0.0,0.0,0.0,0.0,0.0
April 2012 Second Open Bidding Exercise,2012-04-18,2012,629.0,64201.0,1011.0,618.0,349.0,91000.0,563.0,619.0,976,1242,338458,270298,606863.0,617570.0,57596,81348,82.2,73.4,70.2,,,,,,,,77.9,,,,,0.0329,3000.580078125,1.0,0.0,0.0,1.5,0.0,0.0,0.0,0.0,1.0,0.0,0.0,0.0,0.0,0.0,0.0,0.0,0.0
April 2012 First Open Bidding Exercise,2012-04-04,2012,637.0,58501.0,960.0,615.0,352.0,83700.0,483.0,619.0,976,1242,338458,270298,606863.0,617570.0,57596,81348,82.2,73.4,70.2,,,,,,,,77.9,,,,,0.0409,2985.0400390625,1.0,0.0,0.0,1.5,0.0,0.0,0.0,0.0,1.0,0.0,0.0,0.0,0.0,0.0,0.0,0.0,0.0
March 2012 Second Open Bidding Exercise,2012-03-21,2012,636.0,56501.0,1067.0,626.0,352.0,82003.0,529.0,619.0,1114,1533,338060,269721,606863.0,617570.0,52979,74513,81.8,72.9,69.6,,,,,,,,77.9,,,,,0.0426,3005.6298828125,1.0,0.0,0.0,1.5,0.0,0.0,0.0,0.0,1.0,0.0,0.0,0.0,0.0,0.0,0.0,0.0,0.0
March 2012 First Open Bidding Exercise,2012-03-07,2012,667.0,56551.0,912.0,649.0,354.0,79304.0,626.0,619.0,1114,1533,338060,269721,606863.0,617570.0,52979,74513,81.8,72.9,69.6,,,,,,,,77.9,,,,,0.0354,2913.159912109375,1.0,0.0,0.0,1.5,0.0,0.0,0.0,0.0,1.0,0.0,0.0,0.0,0.0,0.0,0.0,0.0,0.0
February 2012 Second Open Bidding Exercise,2012-02-22,2012,624.0,57009.0,1017.0,607.0,351.0,78189.0,580.0,619.0,1154,1448,337550,268902,606863.0,617570.0,51202,71354,81.2,70.4,66.7,,,,,,,,77.9,,,,,0.0562,2995.590087890625,1.0,0.0,0.0,1.5,0.0,0.0,0.0,0.0,1.0,0.0,0.0,0.0,0.0,0.0,0.0,0.0,0.0
February 2012 First Open Bidding Exercise,2012-02-08,2012,619.0,52809.0,1058.0,571.0,350.0,73890.0,635.0,619.0,1154,1448,337550,268902,606863.0,617570.0,51202,71354,81.2,70.4,66.7,,,,,,,,77.9,,,,,0.0651,2982.199951171875,1.0,0.0,0.0,1.5,0.0,0.0,0.0,0.0,1.0,0.0,0.0,0.0,0.0,0.0,0.0,0.0,0.0
January 2012 Second Open Bidding Exercise,2012-01-18,2012,657.0,48112.0,903.0,652.0,353.0,67889.0,537.0,548.0,861,1324,336938,268043,606863.0,617570.0,51380,71731,81.4,71.5,67.9,,,,,,,,77.8,,,,,0.0505,2795.39990234375,1.0,0.0,0.0,1.5,0.0,0.0,0.0,0.0,1.0,0.0,0.0,0.0,0.0,0.0,0.0,0.0,0.0
January 2012 First Open Bidding Exercise,2012-01-05,2012,554.0,46889.0,901.0,554.0,356.0,65801.0,511.0,548.0,861,1324,336938,268043,606863.0,617570.0,51380,71731,81.4,71.5,67.9,,,,,,,,77.8,,,,,0.0549,2713.02001953125,1.0,0.0,0.0,1.5,0.0,0.0,0.0,0.0,1.0,0.0,0.0,0.0,0.0,0.0,0.0,0.0,0.0
December 2011 Second Open Bidding Exercise,2011-12-21,2011,566.0,50001.0,878.0,457.0,368.0,70003.0,464.0,548.0,818,1439,336515,267221,592499.0,603723.0,53280,72697,80.7,71.8,68.8,,,,,,,,75.2,,,,,0.0617,2673.320068359375,1.0,0.0,0.0,1.5,0.0,0.0,0.0,0.0,1.0,0.0,0.0,0.0,0.0,0.0,0.0,0.0,0.0
December 2011 First Open Bidding Exercise,2011-12-07,2011,549.0,52392.0,781.0,543.0,354.0,72350.0,474.0,548.0,818,1439,336515,267221,592499.0,603723.0,53280,72697,80.7,71.8,68.8,,,,,,,,75.2,,,,,0.0572,2782.550048828125,1.0,0.0,0.0,1.5,0.0,0.0,0.0,0.0,1.0,0.0,0.0,0.0,0.0,0.0,0.0,0.0,0.0
November 2011 Second Open Bidding Exercise,2011-11-23,2011,559.0,54887.0,756.0,541.0,353.0,77340.0,518.0,548.0,869,1417,336120,266337,592499.0,603723.0,52716,70287,80.6,71,68,,,,,,,,74.7,,,,,0.0622,2676.570068359375,1.0,0.0,0.0,1.5,0.0,0.0,0.0,0.0,1.0,0.0,0.0,0.0,0.0,0.0,0.0,0.0,0.0
November 2011 First Open Bidding Exercise,2011-11-10,2011,548.0,55997.0,766.0,547.0,356.0,77000.0,551.0,548.0,869,1417,336120,266337,592499.0,603723.0,52716,70287,80.6,71,68,,,,,,,,74.7,,,,,0.0504,2786.89990234375,1.0,0.0,0.0,1.5,0.0,0.0,0.0,0.0,1.0,0.0,0.0,0.0,0.0,0.0,0.0,0.0,0.0
October 2011 Second Open Bidding Exercise,2011-10-19,2011,565.0,56112.0,873.0,554.0,353.0,75889.0,633.0,548.0,756,1416,335731,265496,592499.0,603723.0,50585,67299,80.2,70,66.9,,,,,,,,74.6,,,,,0.0491,2720.2099609375,1.0,0.0,0.0,1.5,0.0,0.0,0.0,0.0,1.0,0.0,0.0,0.0,0.0,0.0,0.0,0.0,0.0
October 2011 First Open Bidding Exercise,2011-10-05,2011,549.0,50289.0,793.0,549.0,356.0,63600.0,524.0,548.0,756,1416,335731,265496,592499.0,603723.0,50585,67299,80.2,70,66.9,,,,,,,,74.6,,,,,0.0567,2528.7099609375,1.0,0.0,0.0,1.5,0.0,0.0,0.0,0.0,1.0,0.0,0.0,0.0,0.0,0.0,0.0,0.0,0.0
September 2011 Second Open Bidding Exercise,2011-09-21,2011,548.0,48006.0,951.0,531.0,353.0,64889.0,469.0,548.0,968,1335,335420,264556,592499.0,603723.0,51517,67551,79.9,70,67,,,,,,,,74.2,,,,,0.0537,2791.7900390625,1.0,0.0,0.0,1.5,0.0,0.0,0.0,0.0,1.0,0.0,0.0,0.0,0.0,0.0,0.0,0.0,0.0
September 2011 First Open Bidding Exercise,2011-09-07,2011,548.0,51000.0,794.0,547.0,359.0,63002.0,496.0,548.0,968,1335,335420,264556,592499.0,603723.0,51517,67551,79.9,70,67,,,,,,,,74.2,,,,,0.0479,2832.1298828125,1.0,0.0,0.0,1.5,0.0,0.0,0.0,0.0,1.0,0.0,0.0,0.0,0.0,0.0,0.0,0.0,0.0
August 2011 Second Open Bidding Exercise,2011-08-17,2011,557.0,49301.0,927.0,557.0,353.0,65521.0,527.0,548.0,925,1092,334815,263676,592499.0,603723.0,52288,68019,80,70.8,68,,,,,,,,74.2,,,,,0.0349,2828.530029296875,1.0,0.0,0.0,1.5,0.0,0.0,0.0,0.0,1.0,0.0,0.0,0.0,0.0,0.0,0.0,0.0,0.0
August 2011 First Open Bidding Exercise,2011-08-03,2011,566.0,48801.0,1034.0,566.0,354.0,70890.0,469.0,548.0,925,1092,334815,263676,592499.0,603723.0,52288,68019,80,70.8,68,,,,,,,,74.2,,,,,0.0373,3130.340087890625,1.0,0.0,0.0,1.5,0.0,0.0,0.0,0.0,1.0,0.0,0.0,0.0,0.0,0.0,0.0,0.0,0.0
July 2011 Second Open Bidding Exercise,2011-07-20,2011,510.0,56002.0,776.0,501.0,436.0,72501.0,626.0,510.0,989,1478,337670,263082,592499.0,603723.0,51234,64003,79.4,69.7,66.6,,,,,,,,74.2,,,,,0.0457,3126.530029296875,1.0,0.0,0.0,1.5,0.0,0.0,0.0,0.0,1.0,0.0,0.0,0.0,0.0,0.0,0.0,0.0,0.0
July 2011 First Open Bidding Exercise,2011-07-06,2011,514.0,55989.0,839.0,497.0,445.0,68501.0,728.0,510.0,989,1478,337670,263082,592499.0,603723.0,51234,64003,79.4,69.7,66.6,,,,,,,,74.2,,,,,0.0434,3114.7099609375,1.0,0.0,0.0,1.5,0.0,0.0,0.0,0.0,1.0,0.0,0.0,0.0,0.0,0.0,0.0,0.0,0.0
June 2011 Second Open Bidding Exercise,2011-06-22,2011,512.0,50244.0,715.0,512.0,423.0,67700.0,684.0,510.0,1055,1762,338067,262135,592499.0,603723.0,47105,59136,78.3,67.9,64.4,,,,,,,,74.2,,,,,0.0584,3042.830078125,1.0,0.0,0.0,1.5,0.0,0.0,0.0,0.0,1.0,0.0,0.0,0.0,0.0,0.0,0.0,0.0,0.0
June 2011 First Open Bidding Exercise,2011-06-08,2011,510.0,53390.0,880.0,506.0,424.0,63000.0,759.0,510.0,1055,1762,338067,262135,592499.0,603723.0,47105,59136,78.3,67.9,64.4,,,,,,,,74.2,,,,,0.0651,3102.97998046875,1.0,0.0,0.0,1.5,0.0,0.0,0.0,0.0,1.0,0.0,0.0,0.0,0.0,0.0,0.0,0.0,0.0
May 2011 Second Open Bidding Exercise,2011-05-19,2011,523.0,46989.0,760.0,521.0,424.0,56300.0,564.0,510.0,775,1556,338273,260912,592499.0,603723.0,44234,57169,78.5,67.9,64.5,,,,,,,,74.2,,,,,0.0827,3168.81005859375,1.0,0.0,0.0,1.5,0.0,0.0,0.0,0.0,1.0,0.0,0.0,0.0,0.0,0.0,0.0,0.0,0.0
May 2011 First Open Bidding Exercise,2011-05-05,2011,511.0,44790.0,944.0,511.0,439.0,56011.0,650.0,510.0,775,1556,338273,260912,592499.0,603723.0,44234,57169,78.5,67.9,64.5,,,,,,,,74.2,,,,,0.0661,3109.85009765625,1.0,0.0,0.0,1.5,0.0,0.0,0.0,0.0,1.0,0.0,0.0,0.0,0.0,0.0,0.0,0.0,0.0
April 2011 Second Open Bidding Exercise,2011-04-20,2011,565.0,44000.0,964.0,552.0,423.0,56801.0,627.0,510.0,897,1585,338925,259894,592499.0,603723.0,42292,57683,78,68.3,64.9,,,,,,,,74.2,,,,,0.0449,3165.800048828125,1.0,0.0,0.0,1.5,0.0,0.0,0.0,0.0,1.0,0.0,0.0,0.0,0.0,0.0,0.0,0.0,0.0
April 2011 First Open Bidding Exercise,2011-04-06,2011,512.0,43212.0,813.0,511.0,425.0,55001.0,542.0,510.0,897,1585,338925,259894,592499.0,603723.0,42292,57683,78,68.3,64.9,,,,,,,,74.2,,,,,0.0418,3170.330078125,1.0,0.0,0.0,1.5,0.0,0.0,0.0,0.0,1.0,0.0,0.0,0.0,0.0,0.0,0.0,0.0,0.0
March 2011 Second Open Bidding Exercise,2011-03-23,2011,527.0,43813.0,927.0,472.0,424.0,57002.0,579.0,510.0,1019,1542,338994,258861,592499.0,603723.0,40925,60368,77.7,67.1,63.5,,,,,,,,74.1,,,,,0.0300,3022.18994140625,1.0,0.0,0.0,1.5,0.0,0.0,0.0,0.0,1.0,0.0,0.0,0.0,0.0,0.0,0.0,0.0,0.0
March 2011 First Open Bidding Exercise,2011-03-09,2011,532.0,42600.0,875.0,530.0,424.0,61894.0,667.0,510.0,1019,1542,338994,258861,592499.0,603723.0,40925,60368,77.7,67.1,63.5,,,,,,,,74.1,,,,,0.0413,3092.89990234375,1.0,0.0,0.0,1.5,0.0,0.0,0.0,0.0,1.0,0.0,0.0,0.0,0.0,0.0,0.0,0.0,0.0
February 2011 Second Open Bidding Exercise,2011-02-23,2011,511.0,42999.0,788.0,494.0,424.0,62000.0,726.0,510.0,603,1071,339022,258128,592499.0,603723.0,42145,62969,77.6,67.5,64,,,,,,,,73.9,,,,,0.0918,3001.85009765625,1.0,0.0,0.0,1.5,0.0,0.0,0.0,0.0,1.0,0.0,0.0,0.0,0.0,0.0,0.0,0.0,0.0
February 2011 First Open Bidding Exercise,2011-02-09,2011,523.0,37124.0,1146.0,501.0,431.0,53400.0,640.0,510.0,603,1071,339022,258128,592499.0,603723.0,42145,62969,77.6,67.5,64,,,,,,,,73.9,,,,,0.0932,3150.56005859375,1.0,0.0,0.0,1.5,0.0,0.0,0.0,0.0,1.0,0.0,0.0,0.0,0.0,0.0,0.0,0.0,0.0
January 2011 Second Open Bidding Exercise,2011-01-19,2011,607.0,40123.0,1091.0,606.0,483.0,58910.0,700.0,598.0,1142,1402,338980,257493,592499.0,603723.0,40958,59301,77.7,69.1,65.9,,,,,,,,73.9,,,,,0.0639,3241.9599609375,1.0,0.0,0.0,1.5,0.0,0.0,0.0,0.0,1.0,0.0,0.0,0.0,0.0,0.0,0.0,0.0,0.0
January 2011 First Open Bidding Exercise,2011-01-05,2011,614.0,38889.0,1192.0,602.0,481.0,69000.0,790.0,598.0,1142,1402,338980,257493,592499.0,603723.0,40958,59301,77.7,69.1,65.9,,,,,,,,73.9,,,,,0.0713,3254.25,1.0,0.0,0.0,1.5,0.0,0.0,0.0,0.0,1.0,0.0,0.0,0.0,0.0,0.0,0.0,0.0,0.0
December 2010 Second Open Bidding Exercise,2010-12-22,2010,617.0,46129.0,755.0,607.0,499.0,72001.0,872.0,598.0,864,2020,338545,256655,576815.0,595185.0,38714,52550,76.4,65.3,61.4,,,,,,,,73.7,,,,,0.0836,3144.31005859375,1.0,0.0,0.0,1.5,0.0,0.0,0.0,0.0,1.0,0.0,0.0,0.0,0.0,0.0,0.0,0.0,0.0
December 2010 First Open Bidding Exercise,2010-12-08,2010,598.0,47604.0,1020.0,582.0,479.0,62502.0,1034.0,598.0,864,2020,338545,256655,576815.0,595185.0,38714,52550,76.4,65.3,61.4,,,,,,,,73.7,,,,,0.0866,3202.800048828125,1.0,0.0,0.0,1.5,0.0,0.0,0.0,0.0,1.0,0.0,0.0,0.0,0.0,0.0,0.0,0.0,0.0
November 2010 Second Open Bidding Exercise,2010-11-18,2010,597.0,39000.0,833.0,577.0,480.0,47890.0,709.0,598.0,1044,1613,338509,255252,576815.0,595185.0,33607,44571,76.3,63.6,59.5,,,,,,,,73.7,,,,,0.0828,3215.219970703125,1.0,0.0,0.0,1.5,0.0,0.0,0.0,0.0,1.0,0.0,0.0,0.0,0.0,0.0,0.0,0.0,0.0
November 2010 First Open Bidding Exercise,2010-11-03,2010,598.0,34001.0,843.0,598.0,482.0,45501.0,718.0,598.0,1044,1613,338509,255252,576815.0,595185.0,33607,44571,76.3,63.6,59.5,,,,,,,,73.7,,,,,0.0790,3224.969970703125,1.0,0.0,0.0,1.5,0.0,0.0,0.0,0.0,1.0,0.0,0.0,0.0,0.0,0.0,0.0,0.0,0.0
October 2010 Second Open Bidding Exercise,2010-10-20,2010,647.0,32415.0,817.0,647.0,479.0,44600.0,766.0,598.0,1023,1656,338294,254384,576815.0,595185.0,31624,43363,76.1,63.4,59.2,,,,,,,,73.7,,,,,0.0966,3179.14990234375,1.0,0.0,0.0,1.5,0.0,0.0,0.0,0.0,1.0,0.0,0.0,0.0,0.0,0.0,0.0,0.0,0.0
October 2010 First Open Bidding Exercise,2010-10-06,2010,601.0,33132.0,722.0,601.0,479.0,42801.0,630.0,598.0,1023,1656,338294,254384,576815.0,595185.0,31624,43363,76.1,63.4,59.2,,,,,,,,73.7,,,,,0.1056,3190.070068359375,1.0,0.0,0.0,1.5,0.0,0.0,0.0,0.0,1.0,0.0,0.0,0.0,0.0,0.0,0.0,0.0,0.0
September 2010 Second Open Bidding Exercise,2010-09-22,2010,597.0,30001.0,993.0,547.0,488.0,42501.0,648.0,598.0,1079,1801,338144,253446,576815.0,595185.0,31643,41929,75.7,62.9,58.6,,,,,,,,73.7,,,,,0.1192,3096.10009765625,1.0,0.0,0.0,1.5,0.0,0.0,0.0,0.0,1.0,0.0,0.0,0.0,0.0,0.0,0.0,0.0,0.0
September 2010 First Open Bidding Exercise,2010-09-08,2010,631.0,33089.0,775.0,628.0,479.0,44129.0,757.0,598.0,1079,1801,338144,253446,576815.0,595185.0,31643,41929,75.7,62.9,58.6,,,,,,,,73.7,,,,,0.1082,3011.419921875,1.0,0.0,0.0,1.5,0.0,0.0,0.0,0.0,1.0,0.0,0.0,0.0,0.0,0.0,0.0,0.0,0.0
August 2010 Second Open Bidding Exercise,2010-08-18,2010,606.0,29000.0,975.0,606.0,482.0,42810.0,683.0,598.0,1207,1648,337899,252371,576815.0,595185.0,31388,40810,75.7,63,58.8,,,,,,,,73.7,,,,,0.1110,2919.3701171875,1.0,0.0,0.0,1.5,0.0,0.0,0.0,0.0,1.0,0.0,0.0,0.0,0.0,0.0,0.0,0.0,0.0
August 2010 First Open Bidding Exercise,2010-08-04,2010,622.0,32104.0,786.0,589.0,479.0,43334.0,662.0,598.0,1207,1648,337899,252371,576815.0,595185.0,31388,40810,75.7,63,58.8,,,,,,,,73.7,,,,,0.1285,3001.8701171875,1.0,0.0,0.0,1.5,0.0,0.0,0.0,0.0,1.0,0.0,0.0,0.0,0.0,0.0,0.0,0.0,0.0
July 2010 Second Open Bidding Exercise,2010-07-21,2010,699.0,36162.0,967.0,691.0,552.0,42889.0,890.0,232.0,1378,1885,337608,251533,576815.0,595185.0,30120,38552,75.3,62.6,58.2,,,,,,,,73.7,,,,,0.1183,2926.090087890625,1.0,0.0,0.0,1.5,0.0,0.0,0.0,0.0,1.0,0.0,0.0,0.0,0.0,0.0,0.0,0.0,0.0
July 2010 First Open Bidding Exercise,2010-07-07,2010,700.0,29501.0,893.0,676.0,557.0,35909.0,671.0,232.0,1378,1885,337608,251533,576815.0,595185.0,30120,38552,75.3,62.6,58.2,,,,,,,,73.7,,,,,0.1141,2861.030029296875,1.0,0.0,0.0,1.5,0.0,0.0,0.0,0.0,1.0,0.0,0.0,0.0,0.0,0.0,0.0,0.0,0.0
June 2010 Second Open Bidding Exercise,2010-06-23,2010,699.0,31510.0,902.0,697.0,557.0,39911.0,720.0,232.0,1439,1992,337298,250557,576815.0,595185.0,29843,39670,74.4,61.5,57,,,,,,,,73.5,,,,,0.1451,2871.050048828125,1.0,0.0,0.0,1.5,0.0,0.0,0.0,0.0,1.0,0.0,0.0,0.0,0.0,0.0,0.0,0.0,0.0
June 2010 First Open Bidding Exercise,2010-06-09,2010,706.0,30051.0,1107.0,704.0,553.0,40002.0,779.0,232.0,1439,1992,337298,250557,576815.0,595185.0,29843,39670,74.4,61.5,57,,,,,,,,73.5,,,,,0.1291,2745.800048828125,1.0,0.0,0.0,1.5,0.0,0.0,0.0,0.0,1.0,0.0,0.0,0.0,0.0,0.0,0.0,0.0,0.0
May 2010 Second Open Bidding Exercise,2010-05-19,2010,699.0,27389.0,1036.0,697.0,561.0,34600.0,715.0,232.0,1360,1650,336990,249463,576815.0,595185.0,27781,36764,75.1,63.2,59.1,,,,,,,,73.5,,,,,0.0830,2774.5400390625,1.0,0.0,0.0,1.5,0.0,0.0,0.0,0.0,1.0,0.0,0.0,0.0,0.0,0.0,0.0,0.0,0.0
May 2010 First Open Bidding Exercise,2010-05-05,2010,806.0,26102.0,1294.0,798.0,550.0,38000.0,869.0,232.0,1360,1650,336990,249463,576815.0,595185.0,27781,36764,75.1,63.2,59.1,,,,,,,,73.5,,,,,0.0855,2860.31005859375,1.0,0.0,0.0,1.5,0.0,0.0,0.0,0.0,1.0,0.0,0.0,0.0,0.0,0.0,0.0,0.0,0.0
April 2010 Second Open Bidding Exercise,2010-04-21,2010,706.0,30000.0,1242.0,704.0,561.0,40001.0,896.0,1271.0,1499,1672,336636,248546,576815.0,595185.0,25587,32509,74.7,61.2,56.6,,,,,,,,73.5,,,,,0.1221,2967.64990234375,1.0,0.0,0.0,1.5,0.0,0.0,0.0,0.0,1.0,0.0,0.0,0.0,0.0,0.0,0.0,0.0,0.0
April 2010 First Open Bidding Exercise,2010-04-07,2010,705.0,34001.0,1379.0,597.0,571.0,45501.0,858.0,1271.0,1499,1672,336636,248546,576815.0,595185.0,25587,32509,74.7,61.2,56.6,,,,,,,,73.5,,,,,0.1217,2988.10009765625,1.0,0.0,0.0,1.5,0.0,0.0,0.0,0.0,1.0,0.0,0.0,0.0,0.0,0.0,0.0,0.0,0.0
March 2010 Second Open Bidding Exercise,2010-03-24,2010,1146.0,28389.0,2183.0,1137.0,711.0,36089.0,1207.0,1271.0,2349,2129,336045,247576,576815.0,595185.0,21421,25190,74,59.2,54.3,,,,,,,,73.5,,,,,0.1161,2886.360107421875,1.0,0.0,0.0,1.5,0.0,0.0,0.0,0.0,1.0,0.0,0.0,0.0,0.0,0.0,0.0,0.0,0.0
March 2010 First Open Bidding Exercise,2010-03-10,2010,1148.0,20802.0,1758.0,1141.0,688.0,26389.0,1087.0,1271.0,2349,2129,336045,247576,576815.0,595185.0,21421,25190,74,59.2,54.3,,,,,,,,73.5,,,,,0.1469,2862.2900390625,1.0,0.0,0.0,1.5,0.0,0.0,0.0,0.0,1.0,0.0,0.0,0.0,0.0,0.0,0.0,0.0,0.0
February 2010 Second Open Bidding Exercise,2010-02-24,2010,1148.0,20340.0,1493.0,1148.0,685.0,23889.0,956.0,1271.0,1873,2216,335291,246707,576815.0,595185.0,19331,20926,73.9,58.6,53.6,,,,,,,,73.5,,,,,0.1410,2762.139892578125,1.0,0.0,0.0,1.5,0.0,0.0,0.0,0.0,1.0,0.0,0.0,0.0,0.0,0.0,0.0,0.0,0.0
February 2010 First Open Bidding Exercise,2010-02-03,2010,1154.0,19989.0,1326.0,1153.0,693.0,23180.0,930.0,1271.0,1873,2216,335291,246707,576815.0,595185.0,19331,20926,73.9,58.6,53.6,,,,,,,,73.5,,,,,0.1335,2764.840087890625,1.0,0.0,0.0,1.5,0.0,0.0,0.0,0.0,1.0,0.0,0.0,0.0,0.0,0.0,0.0,0.0,0.0
January 2010 Second Open Bidding Exercise,2010-01-20,2010,1151.0,20501.0,1673.0,1149.0,717.0,22400.0,1105.0,1271.0,3507,2761,334755,245503,576815.0,595185.0,18266,19146,73.6,58.4,53.3,,,,,,,,73.5,,,,,0.1232,2893.1298828125,1.0,0.0,0.0,1.5,0.0,0.0,0.0,0.0,1.0,0.0,0.0,0.0,0.0,0.0,0.0,0.0,0.0
January 2010 First Open Bidding Exercise,2010-01-06,2010,1152.0,18502.0,1342.0,1145.0,687.0,19190.0,883.0,1271.0,3507,2761,334755,245503,576815.0,595185.0,18266,19146,73.6,58.4,53.3,,,,,,,,73.5,,,,,0.1045,2930.489990234375,1.0,0.0,0.0,1.5,0.0,0.0,0.0,0.0,1.0,0.0,0.0,0.0,0.0,0.0,0.0,0.0,0.0
December 2009 Second Open Bidding Exercise,2009-12-23,2009,1150.0,18150.0,1465.0,1145.0,697.0,17889.0,816.0,1271.0,2153,2625,332991,244006,555813.0,576988.0,17615,18484,73.1,57.9,52.7,,,,,,,,73.3,,,,,0.1625,2841.56005859375,1.0,0.0,0.0,1.5,0.0,0.0,0.0,0.0,1.0,0.0,0.0,0.0,0.0,0.0,0.0,0.0,0.0
December 2009 First Open Bidding Exercise,2009-12-09,2009,1151.0,18502.0,1658.0,1146.0,692.0,19003.0,857.0,1271.0,2153,2625,332991,244006,555813.0,576988.0,17615,18484,73.1,57.9,52.7,,,,,,,,73.3,,,,,0.2263,2797.2099609375,1.0,0.0,0.0,1.5,0.0,0.0,0.0,0.0,1.0,0.0,0.0,0.0,0.0,0.0,0.0,0.0,0.0
November 2009 Second Open Bidding Exercise,2009-11-18,2009,1146.0,17189.0,1261.0,1142.0,687.0,18002.0,797.0,1271.0,2417,2206,332318,242618,555813.0,576988.0,17108,18850,73.5,58.2,53.1,,,,,,,,73.3,,,,,0.2755,2745.0400390625,1.0,0.0,0.0,1.5,0.0,0.0,0.0,0.0,1.0,0.0,0.0,0.0,0.0,0.0,0.0,0.0,0.0
November 2009 First Open Bidding Exercise,2009-11-04,2009,1226.0,16747.0,1395.0,1222.0,704.0,18389.0,779.0,1271.0,2417,2206,332318,242618,555813.0,576988.0,17108,18850,73.5,58.2,53.1,,,,,,,,73.3,,,,,0.2931,2648.639892578125,1.0,0.0,0.0,1.5,0.0,0.0,0.0,0.0,1.0,0.0,0.0,0.0,0.0,0.0,0.0,0.0,0.0
October 2009 Second Open Bidding Exercise,2009-10-21,2009,1149.0,18899.0,1544.0,1149.0,688.0,19510.0,832.0,1271.0,2755,2213,331249,241374,555813.0,576988.0,16231,18649,73.5,57.9,52.8,,,,,,,,73.3,,,,,0.2823,2692.550048828125,1.0,0.0,0.0,1.5,0.0,0.0,0.0,0.0,1.0,0.0,0.0,0.0,0.0,0.0,0.0,0.0,0.0
October 2009 First Open Bidding Exercise,2009-10-07,2009,1151.0,16201.0,1392.0,1072.0,685.0,18109.0,816.0,1271.0,2755,2213,331249,241374,555813.0,576988.0,16231,18649,73.5,57.9,52.8,,,,,,,,73.3,,,,,0.2068,2634.6298828125,1.0,0.0,0.0,1.5,0.0,0.0,0.0,0.0,1.0,0.0,0.0,0.0,0.0,0.0,0.0,0.0,0.0
September 2009 Second Open Bidding Exercise,2009-09-24,2009,1403.0,15589.0,1527.0,1400.0,761.0,19801.0,914.0,1271.0,2693,2084,329988,240254,555813.0,576988.0,15315,18262,73,57.6,52.5,,,,,,,,73.3,,,,,0.2103,2667.429931640625,1.0,0.0,0.0,1.5,0.0,0.0,0.0,0.0,1.0,0.0,0.0,0.0,0.0,0.0,0.0,0.0,0.0
September 2009 First Open Bidding Exercise,2009-09-09,2009,1395.0,18020.0,1844.0,1391.0,767.0,19289.0,1003.0,1271.0,2693,2084,329988,240254,555813.0,576988.0,15315,18262,73,57.6,52.5,,,,,,,,73.3,,,,,0.2362,2650.47998046875,1.0,0.0,0.0,1.5,0.0,0.0,0.0,0.0,1.0,0.0,0.0,0.0,0.0,0.0,0.0,0.0,0.0
August 2009 Second Open Bidding Exercise,2009-08-19,2009,1395.0,15019.0,1567.0,1387.0,785.0,16290.0,889.0,1271.0,2801,2154,328787,239302,555813.0,576988.0,13812,16202,73.3,57.9,52.8,,,,,,,,73.3,,,,,0.2510,2522.780029296875,1.0,0.0,0.0,1.5,0.0,0.0,0.0,0.0,1.0,0.0,0.0,0.0,0.0,0.0,0.0,0.0,0.0
August 2009 First Open Bidding Exercise,2009-08-05,2009,1395.0,13658.0,1558.0,1395.0,762.0,18890.0,934.0,1271.0,2801,2154,328787,239302,555813.0,576988.0,13812,16202,73.3,57.9,52.8,,,,,,,,73.3,,,,,0.1737,2606.830078125,1.0,0.0,0.0,1.5,0.0,0.0,0.0,0.0,1.0,0.0,0.0,0.0,0.0,0.0,0.0,0.0,0.0
July 2009 Second Open Bidding Exercise,2009-07-22,2009,1408.0,15291.0,1603.0,1408.0,762.0,18501.0,992.0,1271.0,2835,2329,327610,238334,555813.0,576988.0,12095,13128,73,56.6,51.2,,,,,,,,73.3,,,,,0.1347,2450.830078125,1.0,0.0,0.0,1.5,0.0,0.0,0.0,0.0,1.0,0.0,0.0,0.0,0.0,0.0,0.0,0.0,0.0
July 2009 First Open Bidding Exercise,2009-07-08,2009,1405.0,14310.0,1655.0,1405.0,780.0,16801.0,1052.0,1271.0,2835,2329,327610,238334,555813.0,576988.0,12095,13128,73,56.6,51.2,,,,,,,,73.3,,,,,0.1306,2259.77001953125,1.0,0.0,0.0,1.5,0.0,0.0,0.0,0.0,1.0,0.0,0.0,0.0,0.0,0.0,0.0,0.0,0.0
June 2009 Second Open Bidding Exercise,2009-06-17,2009,1415.0,12899.0,1735.0,1402.0,760.0,14840.0,1066.0,1271.0,3568,2679,326787,237405,555813.0,576988.0,9608,9742,72.4,55.8,50.3,,,,,,,,73.3,,,,,0.1362,2271.449951171875,1.0,0.0,0.0,1.5,0.0,0.0,0.0,0.0,1.0,0.0,0.0,0.0,0.0,0.0,0.0,0.0,0.0
June 2009 First Open Bidding Exercise,2009-06-03,2009,1401.0,11690.0,1967.0,1391.0,760.0,11889.0,1131.0,1271.0,3568,2679,326787,237405,555813.0,576988.0,9608,9742,72.4,55.8,50.3,,,,,,,,73.3,,,,,0.0844,2383.820068359375,1.0,0.0,0.0,1.5,0.0,0.0,0.0,0.0,1.0,0.0,0.0,0.0,0.0,0.0,0.0,0.0,0.0
May 2009 Second Open Bidding Exercise,2009-05-20,2009,1402.0,9889.0,1999.0,1383.0,774.0,9180.0,1051.0,1271.0,3574,2457,325471,236209,555813.0,576988.0,7178,6971,72.7,55,49.3,,,,,,,,73.3,,,,,0.0698,2269.239990234375,1.0,0.0,0.0,1.5,0.0,0.0,0.0,0.0,1.0,0.0,0.0,0.0,0.0,0.0,0.0,0.0,0.0
May 2009 First Open Bidding Exercise,2009-05-06,2009,1396.0,8489.0,2037.0,1391.0,814.0,7552.0,1021.0,1271.0,3574,2457,325471,236209,555813.0,576988.0,7178,6971,72.7,55,49.3,,,,,,,,73.3,,,,,0.1009,2179.030029296875,1.0,0.0,0.0,1.5,0.0,0.0,0.0,0.0,1.0,0.0,0.0,0.0,0.0,0.0,0.0,0.0,0.0
April 2009 Second Open Bidding Exercise,2009-04-22,2009,1396.0,7589.0,1906.0,1390.0,769.0,7490.0,1001.0,2034.0,3194,2564,324165,235230,555813.0,576988.0,5028,5112,72.3,54,48.1,,,,,,,,73.3,,,,,0.2181,1843.4100341796875,1.0,0.0,0.0,1.5,0.0,0.0,0.0,0.0,1.0,0.0,0.0,0.0,0.0,0.0,0.0,0.0,0.0
April 2009 First Open Bidding Exercise,2009-04-08,2009,1396.0,7090.0,2026.0,1396.0,761.0,7501.0,1036.0,2034.0,3194,2564,324165,235230,555813.0,576988.0,5028,5112,72.3,54,48.1,,,,,,,,73.3,,,,,0.2878,1783.9599609375,1.0,0.0,0.0,1.5,0.0,0.0,0.0,0.0,1.0,0.0,0.0,0.0,0.0,0.0,0.0,0.0,0.0
March 2009 Second Open Bidding Exercise,2009-03-18,2009,1843.0,5116.0,2202.0,1843.0,1110.0,5001.0,1359.0,2034.0,4603,3135,323458,234208,555813.0,576988.0,3864,3162,72.8,53.8,47.4,,,,,,,,75.3,,,,,0.2283,1575.93994140625,1.0,0.0,0.0,1.5,0.0,0.0,0.0,0.0,1.0,0.0,0.0,0.0,0.0,0.0,0.0,0.0,0.0
March 2009 First Open Bidding Exercise,2009-03-04,2009,1839.0,4890.0,2376.0,1839.0,1101.0,5101.0,1346.0,2034.0,4603,3135,323458,234208,555813.0,576988.0,3864,3162,72.8,53.8,47.4,,,,,,,,75.3,,,,,0.1869,1544.3399658203125,1.0,0.0,0.0,1.5,0.0,0.0,0.0,0.0,1.0,0.0,0.0,0.0,0.0,0.0,0.0,0.0,0.0
February 2009 Second Open Bidding Exercise,2009-02-18,2009,1846.0,4460.0,2722.0,1842.0,1101.0,4889.0,1675.0,2034.0,3977,3145,322096,233045,555813.0,576988.0,4516,3004,73.2,54.5,48.2,,,,,,,,75.3,,,,,0.1322,1651.06005859375,1.0,0.0,0.0,1.5,0.0,0.0,0.0,0.0,1.0,0.0,0.0,0.0,0.0,0.0,0.0,0.0,0.0
February 2009 First Open Bidding Exercise,2009-02-04,2009,1894.0,1020.0,2077.0,1894.0,1099.0,689.0,1231.0,2034.0,3977,3145,322096,233045,555813.0,576988.0,4516,3004,73.2,54.5,48.2,,,,,,,,75.3,,,,,0.1221,1707.3900146484375,1.0,0.0,0.0,1.5,0.0,0.0,0.0,0.0,1.0,0.0,0.0,0.0,0.0,0.0,0.0,0.0,0.0
January 2009 Second Open Bidding Exercise,2009-01-21,2009,1839.0,2693.0,2109.0,1832.0,1099.0,200.0,1179.0,2034.0,3825,2688,321102,231609,555813.0,576988.0,5346,4273,73.5,54.6,48.3,,,,,,,,75.3,,,,,0.2232,1704.52001953125,1.0,0.0,0.0,3.0,0.0,0.0,0.0,0.0,1.0,0.0,0.0,0.0,0.0,0.0,0.0,0.0,0.0
January 2009 First Open Bidding Exercise,2009-01-07,2009,1839.0,5001.0,2541.0,1784.0,1100.0,3089.0,1332.0,2034.0,3825,2688,321102,231609,555813.0,576988.0,5346,4273,73.5,54.6,48.3,,,,,,,,75.3,,,,,0.3381,1880.5799560546875,1.0,0.0,0.0,3.0,0.0,0.0,0.0,0.0,1.0,0.0,0.0,0.0,0.0,0.0,0.0,0.0,0.0
December 2008 Second Open Bidding Exercise,2008-12-17,2008,1851.0,6200.0,2788.0,1851.0,1102.0,2656.0,1318.0,2034.0,5001,3322,320056,230401,526642.0,550455.0,8195,7390,73.5,54.3,48,,,,,,,,75.1,,,,,0.4195,1779.2900390625,1.0,0.0,0.0,3.0,0.0,0.0,0.0,0.0,1.0,0.0,0.0,0.0,0.0,0.0,0.0,0.0,0.0
December 2008 First Open Bidding Exercise,2008-12-03,2008,1840.0,7721.0,3149.0,1840.0,1100.0,6501.0,1411.0,2034.0,5001,3322,320056,230401,526642.0,550455.0,8195,7390,73.5,54.3,48,,,,,,,,75.1,,,,,0.4279,1640.5699462890625,1.0,0.0,0.0,3.0,0.0,0.0,0.0,0.0,1.0,0.0,0.0,0.0,0.0,0.0,0.0,0.0,0.0
November 2008 Second Open Bidding Exercise,2008-11-19,2008,1851.0,2.0,1852.0,1840.0,1100.0,4889.0,1181.0,2034.0,4150,2908,318384,228933,526642.0,550455.0,9808,10312,74.1,56.3,50.4,,,,,,,,75.1,,,,,0.3793,1665.5899658203125,1.0,0.0,0.0,3.0,0.0,0.0,0.0,0.0,1.0,0.0,0.0,0.0,0.0,0.0,0.0,0.0,0.0
November 2008 First Open Bidding Exercise,2008-11-05,2008,1848.0,10455.0,2049.0,1848.0,1099.0,8301.0,1216.0,2034.0,4150,2908,318384,228933,526642.0,550455.0,9808,10312,74.1,56.3,50.4,,,,,,,,75.1,,,,,0.4487,1868.8199462890625,1.0,0.0,0.0,3.0,0.0,0.0,0.0,0.0,1.0,0.0,0.0,0.0,0.0,0.0,0.0,0.0,0.0
October 2008 Second Open Bidding Exercise,2008-10-22,2008,1846.0,10989.0,2149.0,1835.0,1100.0,7589.0,1302.0,2034.0,3928,3239,317406,227776,526642.0,550455.0,12364,12577,74.2,57.2,51.4,,,,,,,,75.1,,,,,0.9201,1821.1300048828125,1.0,0.0,0.0,3.0,0.0,0.0,0.0,0.0,1.0,0.0,0.0,0.0,0.0,0.0,0.0,0.0,0.0
October 2008 First Open Bidding Exercise,2008-10-08,2008,1856.0,13801.0,2320.0,1848.0,1132.0,14400.0,1338.0,2034.0,3928,3239,317406,227776,526642.0,550455.0,12364,12577,74.2,57.2,51.4,,,,,,,,75.1,,,,,1.2196,2033.6099853515625,1.0,0.0,0.0,3.0,0.0,0.0,0.0,0.0,1.0,0.0,0.0,0.0,0.0,0.0,0.0,0.0,0.0
September 2008 Second Open Bidding Exercise,2008-09-17,2008,2035.0,14100.0,2765.0,2029.0,1127.0,13301.0,1288.0,2034.0,4706,4155,316563,226358,526642.0,550455.0,13030,13868,73.3,57.7,52.1,,,,,,,,74.7,,,,,0.7550,2419.2900390625,1.0,0.0,0.0,3.0,0.0,0.0,0.0,0.0,1.0,0.0,0.0,0.0,0.0,0.0,0.0,0.0,0.0
September 2008 First Open Bidding Exercise,2008-09-03,2008,2038.0,9501.0,2172.0,2022.0,1099.0,13389.0,1195.0,2034.0,4706,4155,316563,226358,526642.0,550455.0,13030,13868,73.3,57.7,52.1,,,,,,,,74.7,,,,,0.6223,2706.530029296875,1.0,0.0,0.0,3.0,0.0,0.0,0.0,0.0,1.0,0.0,0.0,0.0,0.0,0.0,0.0,0.0,0.0
August 2008 Second Open Bidding Exercise,2008-08-20,2008,2036.0,13289.0,2318.0,2036.0,1099.0,13890.0,1362.0,2034.0,3716,3166,315156,224250,526642.0,550455.0,13878,14308,73.5,58,52.4,,,,,,,,74.7,,,,,0.4925,2751.75,1.0,0.0,0.0,3.0,0.0,0.0,0.0,0.0,1.0,0.0,0.0,0.0,0.0,0.0,0.0,0.0,0.0
August 2008 First Open Bidding Exercise,2008-08-06,2008,2035.0,12501.0,2267.0,2032.0,1104.0,12889.0,1253.0,2034.0,3716,3166,315156,224250,526642.0,550455.0,13878,14308,73.5,58,52.4,,,,,,,,74.7,,,,,0.3388,2886.780029296875,1.0,0.0,0.0,3.0,0.0,0.0,0.0,0.0,1.0,0.0,0.0,0.0,0.0,0.0,0.0,0.0,0.0
July 2008 Second Open Bidding Exercise,2008-07-23,2008,2048.0,14101.0,2464.0,2047.0,1099.0,14235.0,1307.0,2034.0,4608,3741,314265,222875,526642.0,550455.0,14032,15345,73.2,58.7,53.3,,,,,,,,74.7,,,,,0.3793,2978.97998046875,1.0,0.0,0.0,3.0,0.0,0.0,0.0,0.0,1.0,0.0,0.0,0.0,0.0,0.0,0.0,0.0,0.0
July 2008 First Open Bidding Exercise,2008-07-09,2008,2036.0,14685.0,2463.0,2036.0,1099.0,15501.0,1383.0,2034.0,4608,3741,314265,222875,526642.0,550455.0,14032,15345,73.2,58.7,53.3,,,,,,,,74.7,,,,,0.3424,2917.6201171875,1.0,0.0,0.0,3.0,0.0,0.0,0.0,0.0,1.0,0.0,0.0,0.0,0.0,0.0,0.0,0.0,0.0
June 2008 Second Open Bidding Exercise,2008-06-18,2008,2037.0,14101.0,2319.0,2024.0,1099.0,14689.0,1280.0,2034.0,4714,4033,312926,221295,526642.0,550455.0,14656,16557,72.4,59.1,53.8,,,,,,,,74.7,,,,,0.4250,3040.090087890625,1.0,0.0,0.0,3.0,0.0,0.0,0.0,0.0,1.0,0.0,0.0,0.0,0.0,0.0,0.0,0.0,0.0
June 2008 First Open Bidding Exercise,2008-06-04,2008,2038.0,14590.0,2500.0,2038.0,1125.0,14640.0,1282.0,2034.0,4714,4033,312926,221295,526642.0,550455.0,14656,16557,72.4,59.1,53.8,,,,,,,,74.7,,,,,0.6122,3134.800048828125,1.0,0.0,0.0,3.0,0.0,0.0,0.0,0.0,1.0,0.0,0.0,0.0,0.0,0.0,0.0,0.0,0.0
May 2008 Second Open Bidding Exercise,2008-05-22,2008,2063.0,15701.0,2824.0,2062.0,1100.0,17113.0,1396.0,2034.0,4608,3745,311442,219230,526642.0,550455.0,14830,17836,72.6,59.5,54.3,,,,,,,,74.7,,,,,0.6782,3160.860107421875,1.0,0.0,0.0,3.0,0.0,0.0,0.0,0.0,1.0,0.0,0.0,0.0,0.0,0.0,0.0,0.0,0.0
May 2008 First Open Bidding Exercise,2008-05-07,2008,2053.0,11009.0,2211.0,2051.0,1101.0,15889.0,1230.0,2034.0,4608,3745,311442,219230,526642.0,550455.0,14830,17836,72.6,59.5,54.3,,,,,,,,74.7,,,,,0.5613,3228.949951171875,1.0,0.0,0.0,3.0,0.0,0.0,0.0,0.0,1.0,0.0,0.0,0.0,0.0,0.0,0.0,0.0,0.0
April 2008 Second Open Bidding Exercise,2008-04-23,2008,2036.0,15600.0,2197.0,2009.0,1119.0,17510.0,1324.0,2158.0,4972,3638,309937,217415,526642.0,550455.0,14522,17122,72.1,59,53.7,,,,,,,,74.7,,,,,0.5513,3193.840087890625,1.0,0.0,0.0,3.0,0.0,0.0,0.0,0.0,1.0,0.0,0.0,0.0,0.0,0.0,0.0,0.0,0.0
April 2008 First Open Bidding Exercise,2008-04-09,2008,2043.0,16930.0,2570.0,2026.0,1132.0,19501.0,1382.0,2158.0,4972,3638,309937,217415,526642.0,550455.0,14522,17122,72.1,59,53.7,,,,,,,,74.7,,,,,0.6904,3089.719970703125,1.0,0.0,0.0,3.0,0.0,0.0,0.0,0.0,1.0,0.0,0.0,0.0,0.0,0.0,0.0,0.0,0.0
March 2008 Second Open Bidding Exercise,2008-03-19,2008,2161.0,15389.0,2474.0,2161.0,1130.0,19001.0,1387.0,2158.0,4127,3795,308463,215799,526642.0,550455.0,13442,15833,71,58.2,52.7,,,,,,,,74.6,,,,,0.8593,2833.2099609375,1.0,0.0,0.0,3.0,0.0,0.0,0.0,0.0,1.0,0.0,0.0,0.0,0.0,0.0,0.0,0.0,0.0
March 2008 First Open Bidding Exercise,2008-03-05,2008,2171.0,14351.0,2727.0,2164.0,1125.0,18000.0,1499.0,2158.0,4127,3795,308463,215799,526642.0,550455.0,13442,15833,71,58.2,52.7,,,,,,,,74.6,,,,,1.2264,2910.77001953125,1.0,0.0,0.0,3.0,0.0,0.0,0.0,0.0,1.0,0.0,0.0,0.0,0.0,0.0,0.0,0.0,0.0
February 2008 Second Open Bidding Exercise,2008-02-20,2008,2291.0,12856.0,2923.0,2288.0,1125.0,15510.0,1632.0,2158.0,3595,3397,307821,214050,526642.0,550455.0,12819,14486,70.9,58.5,53.1,,,,,,,,74.6,,,,,1.4371,3026.830078125,1.0,0.0,0.0,3.0,0.0,0.0,0.0,0.0,1.0,0.0,0.0,0.0,0.0,0.0,0.0,0.0,0.0
February 2008 First Open Bidding Exercise,2008-02-05,2008,2167.0,12002.0,3005.0,2155.0,1133.0,13209.0,1454.0,2158.0,3595,3397,307821,214050,526642.0,550455.0,12819,14486,70.9,58.5,53.1,,,,,,,,74.6,,,,,1.3060,3038.419921875,1.0,0.0,0.0,3.0,0.0,0.0,0.0,0.0,1.0,0.0,0.0,0.0,0.0,0.0,0.0,0.0,0.0
January 2008 Second Open Bidding Exercise,2008-01-23,2008,2231.0,12001.0,2611.0,2098.0,1144.0,13289.0,1328.0,2158.0,5210,4594,306775,212284,526642.0,550455.0,13883,15433,70.5,58.5,53.1,,,,,,,,74.6,,,,,0.9589,2983.6201171875,1.0,0.0,0.0,3.0,0.0,0.0,0.0,0.0,1.0,0.0,0.0,0.0,0.0,0.0,0.0,0.0,0.0
January 2008 First Open Bidding Exercise,2008-01-09,2008,2162.0,14052.0,2553.0,2154.0,1172.0,15989.0,1556.0,2158.0,5210,4594,306775,212284,526642.0,550455.0,13883,15433,70.5,58.5,53.1,,,,,,,,74.6,,,,,0.8776,3344.530029296875,1.0,0.0,0.0,3.0,0.0,0.0,0.0,0.0,1.0,0.0,0.0,0.0,0.0,0.0,0.0,0.0,0.0
December 2007 Second Open Bidding Exercise,2007-12-15,2007,2162.0,14001.0,2588.0,2089.0,1125.0,15802.0,1578.0,2158.0,4102,3997,304853,209841,486444.0,514685.0,14441,16335,69.7,59.2,54,,,,,,,,74.5,,,,,1.2937,3466.3798828125,1.0,0.0,0.0,3.0,0.0,0.0,0.0,0.0,1.0,0.0,0.0,0.0,0.0,0.0,0.0,0.0,0.0
December 2007 First Open Bidding Exercise,2007-12-01,2007,2174.0,12001.0,2373.0,2171.0,1163.0,13114.0,1334.0,2158.0,4102,3997,304853,209841,486444.0,514685.0,14441,16335,69.7,59.2,54,,,,,,,,74.5,,,,,1.6126,3521.27001953125,1.0,0.0,0.0,3.0,0.0,0.0,0.0,0.0,1.0,0.0,0.0,0.0,0.0,0.0,0.0,0.0,0.0
November 2007 Second Open Bidding Exercise,2007-11-15,2007,2158.0,14404.0,2450.0,2154.0,1126.0,16401.0,1339.0,2158.0,3886,3463,303559,207600,486444.0,514685.0,16098,17814,70.2,57.5,53.1,,,,,,,,70.8,,,,,2.0595,3477.590087890625,1.0,0.0,0.0,3.0,0.0,0.0,0.0,0.0,1.0,0.0,0.0,0.0,0.0,0.0,0.0,0.0,0.0
November 2007 First Open Bidding Exercise,2007-11-01,2007,2164.0,16839.0,3040.0,2149.0,1125.0,18001.0,1438.0,2158.0,3886,3463,303559,207600,486444.0,514685.0,16098,17814,70.2,57.5,53.1,,,,,,,,70.8,,,,,2.1889,3803.56005859375,1.0,0.0,0.0,3.0,0.0,0.0,0.0,0.0,1.0,0.0,0.0,0.0,0.0,0.0,0.0,0.0,0.0
October 2007 Second Open Bidding Exercise,2007-10-15,2007,2158.0,12401.0,2472.0,2158.0,1133.0,17589.0,1370.0,2158.0,4669,3892,302146,205773,486444.0,514685.0,15077,17749,69.7,57.4,53.1,,,,,,,,70.8,,,,,2.1561,3862.02001953125,1.0,0.0,0.0,3.0,0.0,0.0,0.0,0.0,1.0,0.0,0.0,0.0,0.0,0.0,0.0,0.0,0.0
October 2007 First Open Bidding Exercise,2007-10-01,2007,2165.0,16999.0,2604.0,2160.0,1125.0,17102.0,1409.0,2158.0,4669,3892,302146,205773,486444.0,514685.0,15077,17749,69.7,57.4,53.1,,,,,,,,70.8,,,,,2.2408,3755.219970703125,1.0,0.0,0.0,3.0,0.0,0.0,0.0,0.0,1.0,0.0,0.0,0.0,0.0,0.0,0.0,0.0,0.0
September 2007 Second Open Bidding Exercise,2007-09-15,2007,2159.0,17941.0,3055.0,2159.0,1125.0,19589.0,1581.0,2158.0,4629,3928,300612,203871,486444.0,514685.0,15310,17801,68.7,55.8,51,,,,,,,,70.4,,,,,2.2652,3536.39990234375,1.0,0.0,0.0,3.0,0.0,0.0,0.0,0.0,1.0,0.0,0.0,0.0,0.0,0.0,0.0,0.0,0.0
September 2007 First Open Bidding Exercise,2007-09-01,2007,2309.0,17999.0,3753.0,2303.0,1136.0,18200.0,1594.0,2158.0,4629,3928,300612,203871,486444.0,514685.0,15310,17801,68.7,55.8,51,,,,,,,,70.4,,,,,2.3293,3392.909912109375,1.0,0.0,0.0,3.0,0.0,0.0,0.0,0.0,1.0,0.0,0.0,0.0,0.0,0.0,0.0,0.0,0.0
August 2007 Second Open Bidding Exercise,2007-08-15,2007,2189.0,8118.0,2315.0,2188.0,1124.0,16010.0,1288.0,2158.0,4242,3750,298733,201692,486444.0,514685.0,14616,17951,69.1,56.6,52.1,,,,,,,,70.4,,,,,2.3292,3273.25,1.0,0.0,0.0,3.0,0.0,0.0,0.0,0.0,1.0,0.0,0.0,0.0,0.0,0.0,0.0,0.0,0.0
August 2007 First Open Bidding Exercise,2007-08-01,2007,2168.0,17001.0,2632.0,2018.0,1125.0,18001.0,1458.0,2158.0,4242,3750,298733,201692,486444.0,514685.0,14616,17951,69.1,56.6,52.1,,,,,,,,70.4,,,,,2.2664,3431.7099609375,1.0,0.0,0.0,3.0,0.0,0.0,0.0,0.0,1.0,0.0,0.0,0.0,0.0,0.0,0.0,0.0,0.0
July 2007 Second Open Bidding Exercise,2007-07-15,2007,2208.0,16000.0,2678.0,2177.0,1133.0,17602.0,1393.0,2158.0,4636,3392,297343,199751,486444.0,514685.0,15957,18413,68.7,56.2,51.6,,,,,,,,70.4,,,,,2.2137,3654.610107421875,1.0,0.0,0.0,3.0,0.0,0.0,0.0,0.0,1.0,0.0,0.0,0.0,0.0,0.0,0.0,0.0,0.0
July 2007 First Open Bidding Exercise,2007-07-01,2007,2159.0,14801.0,2480.0,2150.0,1143.0,17399.0,1364.0,2158.0,4636,3392,297343,199751,486444.0,514685.0,15957,18413,68.7,56.2,51.6,,,,,,,,70.4,,,,,2.1871,3548.199951171875,1.0,0.0,0.0,3.0,0.0,0.0,0.0,0.0,1.0,0.0,0.0,0.0,0.0,0.0,0.0,0.0,0.0
June 2007 Second Open Bidding Exercise,2007-06-15,2007,2169.0,15591.0,2489.0,2119.0,1146.0,18891.0,1460.0,2158.0,5531,4183,295817,198337,486444.0,514685.0,15591,17725,67.3,55.7,50.9,,,,,,,,70.4,,,,,2.0615,3581.159912109375,1.0,0.0,0.0,3.0,0.0,0.0,0.0,0.0,1.0,0.0,0.0,0.0,0.0,0.0,0.0,0.0,0.0
June 2007 First Open Bidding Exercise,2007-06-01,2007,2159.0,16181.0,2441.0,2159.0,1132.0,19802.0,1679.0,2158.0,5531,4183,295817,198337,486444.0,514685.0,15591,17725,67.3,55.7,50.9,,,,,,,,70.4,,,,,2.1480,3548.320068359375,1.0,0.0,0.0,3.0,0.0,0.0,0.0,0.0,1.0,0.0,0.0,0.0,0.0,0.0,0.0,0.0,0.0
May 2007 Second Open Bidding Exercise,2007-05-15,2007,2158.0,17010.0,2825.0,2147.0,1127.0,18900.0,1679.0,2158.0,5237,3764,293604,196197,486444.0,514685.0,14646,15969,67.5,55.2,50.3,,,,,,,,70.4,,,,,2.3184,3475.080078125,1.0,0.0,0.0,3.0,0.0,0.0,0.0,0.0,1.0,0.0,0.0,0.0,0.0,0.0,0.0,0.0,0.0
May 2007 First Open Bidding Exercise,2007-05-01,2007,2163.0,16159.0,3449.0,2163.0,1125.0,17879.0,1811.0,2158.0,5237,3764,293604,196197,486444.0,514685.0,14646,15969,67.5,55.2,50.3,,,,,,,,70.4,,,,,2.3754,3361.2900390625,1.0,0.0,0.0,3.0,0.0,0.0,0.0,0.0,1.0,0.0,0.0,0.0,0.0,0.0,0.0,0.0,0.0
April 2007 Second Open Bidding Exercise,2007-04-15,2007,2168.0,14601.0,3327.0,2168.0,1130.0,15989.0,1587.0,2217.0,5485,3574,291972,194571,486444.0,514685.0,11900,12865,67,54.2,48.9,,,,,,,,70.4,,,,,2.6659,3373.590087890625,1.0,0.0,0.0,3.0,0.0,0.0,0.0,0.0,1.0,0.0,0.0,0.0,0.0,0.0,0.0,0.0,0.0
April 2007 First Open Bidding Exercise,2007-04-01,2007,2165.0,14000.0,3691.0,2161.0,1149.0,14889.0,1720.0,2217.0,5485,3574,291972,194571,486444.0,514685.0,11900,12865,67,54.2,48.9,,,,,,,,70.4,,,,,2.5753,3231.239990234375,1.0,0.0,0.0,3.0,0.0,0.0,0.0,0.0,1.0,0.0,0.0,0.0,0.0,0.0,0.0,0.0,0.0
March 2007 Second Open Bidding Exercise,2007-03-15,2007,2669.0,13504.0,4752.0,2659.0,1272.0,14652.0,1840.0,2217.0,6015,4041,290285,193229,486444.0,514685.0,11064,11885,66.5,52.8,47.1,,,,,,,,70.4,,,,,2.6695,3094.60009765625,1.0,0.0,0.0,3.0,0.0,0.0,0.0,0.0,1.0,0.0,0.0,0.0,0.0,0.0,0.0,0.0,0.0
March 2007 First Open Bidding Exercise,2007-03-01,2007,2687.0,12602.0,5296.0,2680.0,1274.0,13502.0,2248.0,2217.0,6015,4041,290285,193229,486444.0,514685.0,11064,11885,66.5,52.8,47.1,,,,,,,,70.4,,,,,3.0527,3092.580078125,1.0,0.0,0.0,3.0,0.0,0.0,0.0,0.0,1.0,0.0,0.0,0.0,0.0,0.0,0.0,0.0,0.0
February 2007 Second Open Bidding Exercise,2007-02-15,2007,2670.0,5200.0,2823.0,2670.0,1272.0,6002.0,1382.0,2217.0,5082,3708,288505,191611,486444.0,514685.0,10347,11739,66.6,53.2,47.6,,,,,,,,70.4,,,,,3.1042,3252.489990234375,1.0,0.0,0.0,3.0,0.0,0.0,0.0,0.0,1.0,0.0,0.0,0.0,0.0,0.0,0.0,0.0,0.0
February 2007 First Open Bidding Exercise,2007-02-01,2007,2673.0,11489.0,3005.0,2654.0,1272.0,12152.0,1449.0,2217.0,5082,3708,288505,191611,486444.0,514685.0,10347,11739,66.6,53.2,47.6,,,,,,,,70.4,,,,,3.1449,3168.10009765625,1.0,0.0,0.0,3.0,0.0,0.0,0.0,0.0,1.0,0.0,0.0,0.0,0.0,0.0,0.0,0.0,0.0
January 2007 Second Open Bidding Exercise,2007-01-15,2007,2671.0,11881.0,3155.0,2670.0,1301.0,12000.0,1446.0,2217.0,6686,4639,286918,189883,486444.0,514685.0,11843,13434,66.1,53.7,48.3,,,,,,,,70.4,,,,,3.2562,3035.580078125,1.0,0.0,0.0,3.0,0.0,0.0,0.0,0.0,1.0,0.0,0.0,0.0,0.0,0.0,0.0,0.0,0.0
January 2007 First Open Bidding Exercise,2007-01-01,2007,2668.0,11704.0,3686.0,2663.0,1271.0,13001.0,1460.0,2217.0,6686,4639,286918,189883,486444.0,514685.0,11843,13434,66.1,53.7,48.3,,,,,,,,70.4,,,,,3.2384,2985.830078125,1.0,0.0,0.0,3.0,0.0,0.0,0.0,0.0,1.0,0.0,0.0,0.0,0.0,0.0,0.0,0.0,0.0
December 2006 Second Open Bidding Exercise,2006-12-15,2006,2670.0,9605.0,2886.0,2668.0,1272.0,12889.0,1413.0,2217.0,5961,3840,284551,187776,438742.0,472308.0,11664,13515,67.2,54.1,48.9,,,,,,,,70.2,,,,,3.1254,2931.2900390625,1.0,0.0,0.0,3.0,0.0,0.0,0.0,0.0,1.0,0.0,0.0,0.0,0.0,0.0,0.0,0.0,0.0
December 2006 First Open Bidding Exercise,2006-12-01,2006,2670.0,12200.0,3018.0,2670.0,1269.0,14389.0,1521.0,2217.0,5961,3840,284551,187776,438742.0,472308.0,11664,13515,67.2,54.1,48.9,,,,,,,,70.2,,,,,3.2388,2836.0400390625,1.0,0.0,0.0,3.0,0.0,0.0,0.0,0.0,1.0,0.0,0.0,0.0,0.0,0.0,0.0,0.0,0.0
November 2006 Second Open Bidding Exercise,2006-11-15,2006,2669.0,12689.0,3499.0,2668.0,1269.0,14509.0,1696.0,2217.0,5945,3902,282642,186299,438742.0,472308.0,12381,13819,67,53.8,48.5,,,,,,,,70.2,,,,,3.4109,2777.6201171875,1.0,0.0,0.0,3.0,0.0,0.0,0.0,0.0,1.0,0.0,0.0,0.0,0.0,0.0,0.0,0.0,0.0
November 2006 First Open Bidding Exercise,2006-11-01,2006,2695.0,12979.0,4013.0,2693.0,1288.0,13811.0,1683.0,2217.0,5945,3902,282642,186299,438742.0,472308.0,12381,13819,67,53.8,48.5,,,,,,,,70.2,,,,,3.3860,2737.780029296875,1.0,0.0,0.0,3.0,0.0,0.0,0.0,0.0,1.0,0.0,0.0,0.0,0.0,0.0,0.0,0.0,0.0
October 2006 Second Open Bidding Exercise,2006-10-15,2006,2669.0,10510.0,2761.0,2669.0,1269.0,12989.0,1530.0,2217.0,5846,3826,281020,184878,438742.0,472308.0,12251,13497,67,54.6,49.6,,,,,,,,70.2,,,,,3.3802,2666.679931640625,1.0,0.0,0.0,3.0,0.0,0.0,0.0,0.0,1.0,0.0,0.0,0.0,0.0,0.0,0.0,0.0,0.0
October 2006 First Open Bidding Exercise,2006-10-01,2006,2670.0,12001.0,2953.0,2644.0,1272.0,12501.0,1496.0,2217.0,5846,3826,281020,184878,438742.0,472308.0,12251,13497,67,54.6,49.6,,,,,,,,70.2,,,,,3.3070,2568.860107421875,1.0,0.0,0.0,3.0,0.0,0.0,0.0,0.0,1.0,0.0,0.0,0.0,0.0,0.0,0.0,0.0,0.0
September 2006 Second Open Bidding Exercise,2006-09-15,2006,2223.0,13102.0,2921.0,2223.0,1086.0,14399.0,1440.0,2217.0,4804,3500,279009,183461,438742.0,472308.0,12000,12816,66.7,54.4,49.5,,,,,,,,69.6,,,,,3.2296,2521.909912109375,1.0,0.0,0.0,3.0,0.0,0.0,0.0,0.0,1.0,0.0,0.0,0.0,0.0,0.0,0.0,0.0,0.0
September 2006 First Open Bidding Exercise,2006-09-01,2006,2223.0,13003.0,2878.0,2222.0,1104.0,14701.0,1448.0,2217.0,4804,3500,279009,183461,438742.0,472308.0,12000,12816,66.7,54.4,49.5,,,,,,,,69.6,,,,,3.2141,2491.489990234375,1.0,0.0,0.0,3.0,0.0,0.0,0.0,0.0,1.0,0.0,0.0,0.0,0.0,0.0,0.0,0.0,0.0
August 2006 Second Open Bidding Exercise,2006-08-15,2006,2225.0,12989.0,3398.0,2219.0,1085.0,13890.0,1406.0,2217.0,5192,3246,277776,182213,438742.0,472308.0,11067,11833,66.7,54.4,49.5,,,,,,,,69.6,,,,,3.1340,2440.6201171875,1.0,0.0,0.0,3.0,0.0,0.0,0.0,0.0,1.0,0.0,0.0,0.0,0.0,0.0,0.0,0.0,0.0
August 2006 First Open Bidding Exercise,2006-08-01,2006,2222.0,11901.0,3333.0,2215.0,1084.0,12501.0,1365.0,2217.0,5192,3246,277776,182213,438742.0,472308.0,11067,11833,66.7,54.4,49.5,,,,,,,,69.6,,,,,3.2222,2445.0400390625,1.0,0.0,0.0,3.0,0.0,0.0,0.0,0.0,1.0,0.0,0.0,0.0,0.0,0.0,0.0,0.0,0.0
July 2006 Second Open Bidding Exercise,2006-07-15,2006,2221.0,10803.0,2776.0,2213.0,1089.0,10600.0,1332.0,2217.0,6166,3671,277303,181154,438742.0,472308.0,10269,11321,66.7,54.5,49.9,,,,,,,,68.6,,,,,3.3218,2363.550048828125,1.0,0.0,0.0,3.0,0.0,0.0,0.0,0.0,1.0,0.0,0.0,0.0,0.0,0.0,0.0,0.0,0.0
July 2006 First Open Bidding Exercise,2006-07-01,2006,2216.0,10201.0,2867.0,2210.0,1084.0,10801.0,1240.0,2217.0,6166,3671,277303,181154,438742.0,472308.0,10269,11321,66.7,54.5,49.9,,,,,,,,68.6,,,,,3.2625,2435.389892578125,1.0,0.0,0.0,3.0,0.0,0.0,0.0,0.0,1.0,0.0,0.0,0.0,0.0,0.0,0.0,0.0,0.0
June 2006 Second Open Bidding Exercise,2006-06-15,2006,2217.0,9301.0,2393.0,2213.0,1088.0,11001.0,1256.0,2217.0,5918,3961,276010,179907,438742.0,472308.0,10735,12171,66.2,53.9,49.7,,,,,,,,66.7,,,,,3.0879,2302.429931640625,1.0,0.0,0.0,3.0,0.0,0.0,0.0,0.0,1.0,0.0,0.0,0.0,0.0,0.0,0.0,0.0,0.0
June 2006 First Open Bidding Exercise,2006-06-01,2006,2217.0,11202.0,2688.0,2217.0,1096.0,12200.0,1426.0,2217.0,5918,3961,276010,179907,438742.0,472308.0,10735,12171,66.2,53.9,49.7,,,,,,,,66.7,,,,,3.0519,2386.699951171875,1.0,0.0,0.0,3.0,0.0,0.0,0.0,0.0,1.0,0.0,0.0,0.0,0.0,0.0,0.0,0.0,0.0
May 2006 Second Open Bidding Exercise,2006-05-15,2006,2222.0,10100.0,2473.0,2222.0,1091.0,11801.0,1337.0,2217.0,6203,4141,274526,178239,438742.0,472308.0,11168,12656,66.6,54.5,50.5,,,,,,,,66.7,,,,,3.0820,2534.830078125,1.0,0.0,0.0,3.0,0.0,0.0,0.0,0.0,1.0,0.0,0.0,0.0,0.0,0.0,0.0,0.0,0.0
May 2006 First Open Bidding Exercise,2006-05-01,2006,2223.0,10003.0,2426.0,2222.0,1089.0,11519.0,1293.0,2217.0,6203,4141,274526,178239,438742.0,472308.0,11168,12656,66.6,54.5,50.5,,,,,,,,66.7,,,,,3.0918,2610.7099609375,1.0,0.0,0.0,3.0,0.0,0.0,0.0,0.0,1.0,0.0,0.0,0.0,0.0,0.0,0.0,0.0,0.0
April 2006 Second Open Bidding Exercise,2006-04-15,2006,2225.0,11901.0,2762.0,2220.0,1086.0,13101.0,1299.0,2193.0,5508,3756,272933,176527,438742.0,472308.0,11216,12101,66.7,54.6,50.6,,,,,,,,66.7,,,,,3.1392,2544.3798828125,1.0,0.0,0.0,3.0,0.0,0.0,0.0,0.0,1.0,0.0,0.0,0.0,0.0,0.0,0.0,0.0,0.0
April 2006 First Open Bidding Exercise,2006-04-01,2006,2222.0,11901.0,3183.0,2215.0,1084.0,13402.0,1420.0,2193.0,5508,3756,272933,176527,438742.0,472308.0,11216,12101,66.7,54.6,50.6,,,,,,,,66.7,,,,,3.1928,2533.39990234375,1.0,0.0,0.0,3.0,0.0,0.0,0.0,0.0,1.0,0.0,0.0,0.0,0.0,0.0,0.0,0.0,0.0
March 2006 Second Open Bidding Exercise,2006-03-15,2006,2792.0,11904.0,4381.0,2784.0,1267.0,13556.0,1830.0,2193.0,7783,4965,272085,175257,438742.0,472308.0,10351,11218,66.4,53.8,49.7,,,,,,,,66.7,,,,,3.1270,2498.02001953125,1.0,0.0,0.0,3.0,0.0,0.0,0.0,0.0,1.0,0.0,0.0,0.0,0.0,0.0,0.0,0.0,0.0
March 2006 First Open Bidding Exercise,2006-03-01,2006,2792.0,11199.0,5001.0,2786.0,1268.0,12555.0,1926.0,2193.0,7783,4965,272085,175257,438742.0,472308.0,10351,11218,66.4,53.8,49.7,,,,,,,,66.7,,,,,3.0550,2482.669921875,1.0,0.0,0.0,3.0,0.0,0.0,0.0,0.0,1.0,0.0,0.0,0.0,0.0,0.0,0.0,0.0,0.0
February 2006 Second Open Bidding Exercise,2006-02-15,2006,2787.0,10103.0,5030.0,2779.0,1274.0,10489.0,1866.0,2193.0,4858,2903,270276,173302,438742.0,472308.0,10797,10583,66.6,53.8,49.6,,,,,,,,66.6,,,,,3.1749,2424.169921875,1.0,0.0,0.0,3.0,0.0,0.0,0.0,0.0,1.0,0.0,0.0,0.0,0.0,0.0,0.0,0.0,0.0
February 2006 First Open Bidding Exercise,2006-02-01,2006,2794.0,10284.0,5517.0,2787.0,1265.0,9501.0,1726.0,2193.0,4858,2903,270276,173302,438742.0,472308.0,10797,10583,66.6,53.8,49.6,,,,,,,,66.6,,,,,3.2662,2431.739990234375,1.0,0.0,0.0,3.0,0.0,0.0,0.0,0.0,1.0,0.0,0.0,0.0,0.0,0.0,0.0,0.0,0.0
January 2006 Second Open Bidding Exercise,2006-01-15,2006,2785.0,8009.0,3213.0,2783.0,1275.0,9603.0,1483.0,2193.0,6630,4324,269747,172440,438742.0,472308.0,12183,12193,66.5,54.4,50.5,,,,,,,,66.6,,,,,3.1874,2405.860107421875,1.0,0.0,0.0,3.0,0.0,0.0,0.0,0.0,1.0,0.0,0.0,0.0,0.0,0.0,0.0,0.0,0.0
January 2006 First Open Bidding Exercise,2006-01-01,2006,2787.0,10602.0,3076.0,2778.0,1277.0,11602.0,1876.0,2193.0,6630,4324,269747,172440,438742.0,472308.0,12183,12193,66.5,54.4,50.5,,,,,,,,66.6,,,,,2.9947,2347.340087890625,1.0,0.0,0.0,3.0,0.0,0.0,0.0,0.0,1.0,0.0,0.0,0.0,0.0,0.0,0.0,0.0,0.0
December 2005 Second Open Bidding Exercise,2005-12-15,2005,2858.0,12081.0,3309.0,2858.0,1271.0,9001.0,1386.0,2193.0,6136,3449,267872,170449,396531.0,438194.0,13496,12843,66.6,54.8,51,,,,,,,,66.5,,,,,2.7115,2325.72998046875,1.0,0.0,0.0,3.0,0.0,0.0,0.0,0.0,1.0,0.0,0.0,0.0,0.0,0.0,0.0,0.0,0.0
December 2005 First Open Bidding Exercise,2005-12-01,2005,2792.0,13700.0,4171.0,2790.0,1267.0,13301.0,1499.0,2193.0,6136,3449,267872,170449,396531.0,438194.0,13496,12843,66.6,54.8,51,,,,,,,,66.5,,,,,2.6697,2310.989990234375,1.0,0.0,0.0,3.0,0.0,0.0,0.0,0.0,1.0,0.0,0.0,0.0,0.0,0.0,0.0,0.0,0.0
November 2005 Second Open Bidding Exercise,2005-11-15,2005,2834.0,14001.0,4781.0,2761.0,1282.0,14897.0,1692.0,2193.0,5057,3392,266526,169379,396531.0,438194.0,14494,14408,66.6,54.9,51.1,,,,,,,,66.5,,,,,2.3958,2240.489990234375,1.0,0.0,0.0,3.0,0.0,0.0,0.0,0.0,1.0,0.0,0.0,0.0,0.0,0.0,0.0,0.0,0.0
November 2005 First Open Bidding Exercise,2005-11-01,2005,2786.0,14700.0,5624.0,2779.0,1265.0,14751.0,2086.0,2193.0,5057,3392,266526,169379,396531.0,438194.0,14494,14408,66.6,54.9,51.1,,,,,,,,66.5,,,,,2.1962,2216.77001953125,1.0,0.0,0.0,3.0,0.0,0.0,0.0,0.0,1.0,0.0,0.0,0.0,0.0,0.0,0.0,0.0,0.0
October 2005 Second Open Bidding Exercise,2005-10-15,2005,2808.0,14501.0,5927.0,2759.0,1267.0,14101.0,2046.0,2193.0,5908,3470,266260,168582,396531.0,438194.0,15145,14832,66.7,55.8,52.4,,,,,,,,66.5,,,,,2.2054,2303.239990234375,1.0,0.0,0.0,3.0,0.0,0.0,0.0,0.0,1.0,0.0,0.0,0.0,0.0,0.0,0.0,0.0,0.0
October 2005 First Open Bidding Exercise,2005-10-01,2005,2785.0,11991.0,3188.0,2784.0,1288.0,11002.0,1485.0,2193.0,5908,3470,266260,168582,396531.0,438194.0,15145,14832,66.7,55.8,52.4,,,,,,,,66.5,,,,,2.1452,2305.139892578125,1.0,0.0,0.0,3.0,0.0,0.0,0.0,0.0,1.0,0.0,0.0,0.0,0.0,0.0,0.0,0.0,0.0
September 2005 Second Open Bidding Exercise,2005-09-15,2005,2202.0,15309.0,2428.0,2179.0,1108.0,14808.0,1270.0,2193.0,5406,3326,265131,167719,396531.0,438194.0,16165,15982,66.4,56.2,52.9,,,,,,,,66.5,,,,,1.8807,2317.669921875,1.0,0.0,0.0,3.0,0.0,0.0,0.0,0.0,1.0,0.0,0.0,0.0,0.0,0.0,0.0,0.0,0.0
September 2005 First Open Bidding Exercise,2005-09-01,2005,2194.0,16461.0,2854.0,2194.0,1109.0,16889.0,1484.0,2193.0,5406,3326,265131,167719,396531.0,438194.0,16165,15982,66.4,56.2,52.9,,,,,,,,66.5,,,,,1.7758,2295.5400390625,1.0,0.0,0.0,3.0,0.0,0.0,0.0,0.0,1.0,0.0,0.0,0.0,0.0,0.0,0.0,0.0,0.0
August 2005 Second Open Bidding Exercise,2005-08-15,2005,2199.0,16101.0,2421.0,2190.0,1101.0,16303.0,1412.0,2193.0,4885,3060,264313,166777,396531.0,438194.0,16665,15867,66.3,55.6,52,,,,,,,,66.5,,,,,1.7592,2279.760009765625,1.0,0.0,0.0,3.0,0.0,0.0,0.0,0.0,1.0,0.0,0.0,0.0,0.0,0.0,0.0,0.0,0.0
August 2005 First Open Bidding Exercise,2005-08-01,2005,2195.0,16502.0,2843.0,2194.0,1112.0,15889.0,1318.0,2193.0,4885,3060,264313,166777,396531.0,438194.0,16665,15867,66.3,55.6,52,,,,,,,,66.5,,,,,1.7611,2365.719970703125,1.0,0.0,0.0,3.0,0.0,0.0,0.0,0.0,1.0,0.0,0.0,0.0,0.0,0.0,0.0,0.0,0.0
July 2005 Second Open Bidding Exercise,2005-07-15,2005,2203.0,16500.0,2758.0,2197.0,1114.0,16501.0,1414.0,2193.0,5948,3461,263927,166004,396531.0,438194.0,16947,15937,66,54.8,50.9,,,,,,,,66.5,,,,,,2250.2900390625,1.0,0.0,0.0,3.0,0.0,0.0,0.0,0.0,1.0,0.0,0.0,0.0,0.0,0.0,0.0,0.0,0.0
July 2005 First Open Bidding Exercise,2005-07-01,2005,2220.0,16112.0,2445.0,2218.0,1114.0,15501.0,1374.0,2193.0,5948,3461,263927,166004,396531.0,438194.0,16947,15937,66,54.8,50.9,,,,,,,,66.5,,,,,,2209.949951171875,1.0,0.0,0.0,3.0,0.0,0.0,0.0,0.0,1.0,0.0,0.0,0.0,0.0,0.0,0.0,0.0,0.0
June 2005 Second Open Bidding Exercise,2005-06-15,2005,2196.0,17289.0,2636.0,2186.0,1113.0,15001.0,1299.0,2193.0,5950,3573,262962,165077,396531.0,438194.0,17575,16239,65.3,54.6,51,,,,,,,,65.6,,,,,,2201.909912109375,1.0,0.0,0.0,3.0,0.0,0.0,0.0,0.0,1.0,0.0,0.0,0.0,0.0,0.0,0.0,0.0,0.0
June 2005 First Open Bidding Exercise,2005-06-01,2005,2201.0,17481.0,2873.0,2174.0,1113.0,16002.0,1346.0,2193.0,5950,3573,262962,165077,396531.0,438194.0,17575,16239,65.3,54.6,51,,,,,,,,65.6,,,,,,2176.929931640625,1.0,0.0,0.0,3.0,0.0,0.0,0.0,0.0,1.0,0.0,0.0,0.0,0.0,0.0,0.0,0.0,0.0
May 2005 Second Open Bidding Exercise,2005-05-15,2005,2254.0,16897.0,2548.0,2251.0,1100.0,16108.0,1322.0,2193.0,5439,3118,261865,163869,396531.0,438194.0,18372,17690,65.9,54.9,51.5,,,,,,,,65.6,,,,,,2171.669921875,1.0,0.0,0.0,3.0,0.0,0.0,0.0,0.0,1.0,0.0,0.0,0.0,0.0,0.0,0.0,0.0,0.0
May 2005 First Open Bidding Exercise,2005-05-01,2005,2193.0,17398.0,2594.0,2185.0,1100.0,16508.0,1339.0,2193.0,5439,3118,261865,163869,396531.0,438194.0,18372,17690,65.9,54.9,51.5,,,,,,,,65.6,,,,,,2125.25,1.0,0.0,0.0,3.0,0.0,0.0,0.0,0.0,1.0,0.0,0.0,0.0,0.0,0.0,0.0,0.0,0.0
April 2005 Second Open Bidding Exercise,2005-04-15,2005,2264.0,18101.0,2563.0,2203.0,1107.0,17701.0,1357.0,1933.0,6130,3417,261209,162979,396531.0,438194.0,18716,17825,66,55.3,51.9,,,,,,,,65.6,,,,,,2150.22998046875,1.0,0.0,0.0,3.0,0.0,0.0,0.0,0.0,1.0,0.0,0.0,0.0,0.0,0.0,0.0,0.0,0.0
April 2005 First Open Bidding Exercise,2005-04-01,2005,2200.0,18279.0,2685.0,2200.0,1103.0,16110.0,1367.0,1933.0,6130,3417,261209,162979,396531.0,438194.0,18716,17825,66,55.3,51.9,,,,,,,,65.6,,,,,,2143.75,1.0,0.0,0.0,3.0,0.0,0.0,0.0,0.0,1.0,0.0,0.0,0.0,0.0,0.0,0.0,0.0,0.0
March 2005 Second Open Bidding Exercise,2005-03-15,2005,2520.0,18901.0,3176.0,2449.0,1140.0,18001.0,1355.0,1933.0,6929,3976,260396,162194,396531.0,438194.0,18970,17774,65.6,54.4,50.8,,,,,,,,65.6,,,,,,2163.929931640625,1.0,0.0,0.0,3.0,0.0,0.0,0.0,0.0,1.0,0.0,0.0,0.0,0.0,0.0,0.0,0.0,0.0
March 2005 First Open Bidding Exercise,2005-03-01,2005,2516.0,20654.0,3784.0,2509.0,1137.0,21710.0,1656.0,1933.0,6929,3976,260396,162194,396531.0,438194.0,18970,17774,65.6,54.4,50.8,,,,,,,,65.6,,,,,,2125.110107421875,1.0,0.0,0.0,3.0,0.0,0.0,0.0,0.0,1.0,0.0,0.0,0.0,0.0,0.0,0.0,0.0,0.0
February 2005 Second Open Bidding Exercise,2005-02-15,2005,2518.0,18159.0,3140.0,2511.0,1140.0,16891.0,1443.0,1933.0,3978,2650,260026,160943,396531.0,438194.0,19474,17823,65.8,54.7,51.2,,,,,,,,65.5,,,,,,2163.389892578125,1.0,0.0,0.0,3.0,0.0,0.0,0.0,0.0,1.0,0.0,0.0,0.0,0.0,0.0,0.0,0.0,0.0
February 2005 First Open Bidding Exercise,2005-02-01,2005,2514.0,18200.0,3394.0,2511.0,1137.0,16533.0,1450.0,1933.0,3978,2650,260026,160943,396531.0,438194.0,19474,17823,65.8,54.7,51.2,,,,,,,,65.5,,,,,,2094.64990234375,1.0,0.0,0.0,3.0,0.0,0.0,0.0,0.0,1.0,0.0,0.0,0.0,0.0,0.0,0.0,0.0,0.0
January 2005 Second Open Bidding Exercise,2005-01-15,2005,2513.0,19501.0,3793.0,2508.0,1148.0,19502.0,1834.0,1933.0,6702,3807,260049,160170,396531.0,438194.0,20830,19186,65.3,55.4,52.1,,,,,,,,65.5,,,,,,2076.1298828125,1.0,0.0,0.0,3.0,0.0,0.0,0.0,0.0,1.0,0.0,0.0,0.0,0.0,0.0,0.0,0.0,0.0
January 2005 First Open Bidding Exercise,2005-01-01,2005,2513.0,18400.0,2677.0,2512.0,1139.0,14002.0,1311.0,1933.0,6702,3807,260049,160170,396531.0,438194.0,20830,19186,65.3,55.4,52.1,,,,,,,,65.5,,,,,,2066.139892578125,1.0,0.0,0.0,3.0,0.0,0.0,0.0,0.0,1.0,0.0,0.0,0.0,0.0,0.0,0.0,0.0,0.0
December 2004 Second Open Bidding Exercise,2004-12-15,2004,2520.0,20117.0,2709.0,2520.0,1139.0,18708.0,1270.0,1933.0,4923,3409,258629,158609,366498.0,417103.0,22311,21270,65.8,55.4,,,,,,,,,,,,,,,2048.7900390625,1.0,0.0,0.0,3.0,0.0,0.0,0.0,0.0,1.0,0.0,0.0,0.0,0.0,0.0,0.0,0.0,0.0
December 2004 First Open Bidding Exercise,2004-12-01,2004,2520.0,22463.0,3224.0,2520.0,1143.0,21302.0,1402.0,1933.0,4923,3409,258629,158609,366498.0,417103.0,22311,21270,65.8,55.4,,,,,,,,,,,,,,,2038.8399658203125,1.0,0.0,0.0,3.0,0.0,0.0,0.0,0.0,1.0,0.0,0.0,0.0,0.0,0.0,0.0,0.0,0.0
November 2004 Second Open Bidding Exercise,2004-11-15,2004,2514.0,22001.0,3095.0,2507.0,1137.0,20300.0,1326.0,1933.0,5405,3304,258835,157418,366498.0,417103.0,23712,23585,65.9,56.1,,,,,,,,,,,,,,,2038.4599609375,1.0,0.0,0.0,3.0,0.0,0.0,0.0,0.0,1.0,0.0,0.0,0.0,0.0,0.0,0.0,0.0,0.0
November 2004 First Open Bidding Exercise,2004-11-01,2004,2514.0,22496.0,3115.0,2507.0,1137.0,21301.0,1323.0,1933.0,5405,3304,258835,157418,366498.0,417103.0,23712,23585,65.9,56.1,,,,,,,,,,,,,,,1978.7900390625,1.0,0.0,0.0,3.0,0.0,0.0,0.0,0.0,1.0,0.0,0.0,0.0,0.0,0.0,0.0,0.0,0.0
October 2004 Second Open Bidding Exercise,2004-10-15,2004,2515.0,23784.0,3805.0,2514.0,1137.0,23005.0,1434.0,1933.0,5394,3143,258400,156276,366498.0,417103.0,24979,25549,66,56.5,,,,,,,,,,,,,,,1962.5400390625,1.0,0.0,0.0,3.0,0.0,0.0,0.0,0.0,1.0,0.0,0.0,0.0,0.0,0.0,0.0,0.0,0.0
October 2004 First Open Bidding Exercise,2004-10-01,2004,2523.0,23001.0,3106.0,2522.0,1145.0,23001.0,1505.0,1933.0,5394,3143,258400,156276,366498.0,417103.0,24979,25549,66,56.5,,,,,,,,,,,,,,,1981.1400146484375,1.0,0.0,0.0,3.0,0.0,0.0,0.0,0.0,1.0,0.0,0.0,0.0,0.0,0.0,0.0,0.0,0.0
September 2004 Second Open Bidding Exercise,2004-09-15,2004,1939.0,24189.0,2126.0,1937.0,934.0,26101.0,1129.0,1933.0,4615,2990,257872,155358,366498.0,417103.0,26313,27213,66,56.8,,,,,,,,,,,,,,,2003.989990234375,1.0,0.0,0.0,3.0,0.0,0.0,0.0,0.0,1.0,0.0,0.0,0.0,0.0,0.0,0.0,0.0,0.0
September 2004 First Open Bidding Exercise,2004-09-01,2004,1936.0,26801.0,2628.0,1927.0,934.0,27799.0,1214.0,1933.0,4615,2990,257872,155358,366498.0,417103.0,26313,27213,66,56.8,,,,,,,,,,,,,,,1929.47998046875,1.0,0.0,0.0,3.0,0.0,0.0,0.0,0.0,1.0,0.0,0.0,0.0,0.0,0.0,0.0,0.0,0.0
August 2004 Second Open Bidding Exercise,2004-08-15,2004,1938.0,25797.0,2237.0,1932.0,949.0,26301.0,1065.0,1933.0,4346,2935,257637,154568,366498.0,417103.0,27336,28347,65.9,56.9,,,,,,,,,,,,,,,1872.8800048828125,1.0,0.0,0.0,3.0,0.0,0.0,0.0,0.0,1.0,0.0,0.0,0.0,0.0,0.0,0.0,0.0,0.0
August 2004 First Open Bidding Exercise,2004-08-01,2004,1934.0,26298.0,2145.0,1932.0,940.0,27086.0,1095.0,1933.0,4346,2935,257637,154568,366498.0,417103.0,27336,28347,65.9,56.9,,,,,,,,,,,,,,,1891.7099609375,1.0,0.0,0.0,3.0,0.0,0.0,0.0,0.0,1.0,0.0,0.0,0.0,0.0,0.0,0.0,0.0,0.0
July 2004 Second Open Bidding Exercise,2004-07-15,2004,1933.0,27019.0,2104.0,1928.0,932.0,27001.0,1107.0,1933.0,5109,3131,257523,153702,366498.0,417103.0,27821,28564,65.9,57.2,,,,,,,,,,,,,,,1867.56005859375,1.0,0.0,0.0,3.0,0.0,0.0,0.0,0.0,1.0,0.0,0.0,0.0,0.0,0.0,0.0,0.0,0.0
July 2004 First Open Bidding Exercise,2004-07-01,2004,1941.0,27769.0,2193.0,1941.0,940.0,28990.0,1154.0,1933.0,5109,3131,257523,153702,366498.0,417103.0,27821,28564,65.9,57.2,,,,,,,,,,,,,,,1844.1800537109375,1.0,0.0,0.0,3.0,0.0,0.0,0.0,0.0,1.0,0.0,0.0,0.0,0.0,0.0,0.0,0.0,0.0
June 2004 Second Open Bidding Exercise,2004-06-15,2004,1944.0,28331.0,2302.0,1944.0,932.0,30400.0,1217.0,1933.0,4293,3446,256968,152702,366498.0,417103.0,27732,28569,65.4,56.8,,,,,,,,,,,,,,,1820.5,1.0,0.0,0.0,3.0,0.0,0.0,0.0,0.0,1.0,0.0,0.0,0.0,0.0,0.0,0.0,0.0,0.0
June 2004 First Open Bidding Exercise,2004-06-01,2004,1934.0,28798.0,2722.0,1927.0,937.0,30300.0,1374.0,1933.0,4293,3446,256968,152702,366498.0,417103.0,27732,28569,65.4,56.8,,,,,,,,,,,,,,,1791.969970703125,1.0,0.0,0.0,3.0,0.0,0.0,0.0,0.0,1.0,0.0,0.0,0.0,0.0,0.0,0.0,0.0,0.0
May 2004 Second Open Bidding Exercise,2004-05-15,2004,1933.0,27501.0,2236.0,1922.0,932.0,27990.0,1175.0,1933.0,4349,3101,257392,151496,366498.0,417103.0,26467,26912,65.9,56.9,,,,,,,,,,,,,,,1754.9599609375,1.0,0.0,0.0,3.0,0.0,0.0,0.0,0.0,1.0,0.0,0.0,0.0,0.0,0.0,0.0,0.0,0.0
May 2004 First Open Bidding Exercise,2004-05-01,2004,1943.0,27507.0,2565.0,1943.0,934.0,26700.0,1192.0,1933.0,4349,3101,257392,151496,366498.0,417103.0,26467,26912,65.9,56.9,,,,,,,,,,,,,,,1842.030029296875,1.0,0.0,0.0,3.0,0.0,0.0,0.0,0.0,1.0,0.0,0.0,0.0,0.0,0.0,0.0,0.0,0.0
April 2004 Second Open Bidding Exercise,2004-04-15,2004,1947.0,27564.0,3042.0,1947.0,939.0,28022.0,1347.0,1470.0,4391,3062,257931,150559,366498.0,417103.0,25445,25382,65.8,56.2,,,,,,,,,,,,,,,1844.3800048828125,1.0,0.0,0.0,3.0,0.0,0.0,0.0,0.0,1.0,0.0,0.0,0.0,0.0,0.0,0.0,0.0,0.0
April 2004 First Open Bidding Exercise,2004-04-01,2004,1937.0,26689.0,3386.0,1928.0,949.0,28001.0,1350.0,1470.0,4391,3062,257931,150559,366498.0,417103.0,25445,25382,65.8,56.2,,,,,,,,,,,,,,,1870.699951171875,1.0,0.0,0.0,3.0,0.0,0.0,0.0,0.0,1.0,0.0,0.0,0.0,0.0,0.0,0.0,0.0,0.0
March 2004 Second Open Bidding Exercise,2004-03-15,2004,1919.0,24940.0,2613.0,1905.0,1160.0,25058.0,1445.0,1470.0,5271,3478,258532,149601,366498.0,417103.0,24370,23761,65.3,56.1,,,,,,,,,,,,,,,1838.22998046875,1.0,0.0,0.0,3.0,0.0,0.0,0.0,0.0,1.0,0.0,0.0,0.0,0.0,0.0,0.0,0.0,0.0
March 2004 First Open Bidding Exercise,2004-03-01,2004,1923.0,24597.0,2539.0,1920.0,1163.0,25699.0,1516.0,1470.0,5271,3478,258532,149601,366498.0,417103.0,24370,23761,65.3,56.1,,,,,,,,,,,,,,,1891.72998046875,1.0,0.0,0.0,3.0,0.0,0.0,0.0,0.0,1.0,0.0,0.0,0.0,0.0,0.0,0.0,0.0,0.0
February 2004 Second Open Bidding Exercise,2004-02-15,2004,1925.0,24389.0,2534.0,1917.0,1162.0,22001.0,1404.0,1470.0,5129,3033,259601,148602,366498.0,417103.0,24222,23036,65.8,56.8,,,,,,,,,,,,,,,1864.0699462890625,1.0,0.0,0.0,3.0,0.0,0.0,0.0,0.0,1.0,0.0,0.0,0.0,0.0,0.0,0.0,0.0,0.0
February 2004 First Open Bidding Exercise,2004-02-01,2004,1917.0,24489.0,2701.0,1905.0,1156.0,23508.0,1474.0,1470.0,5129,3033,259601,148602,366498.0,417103.0,24222,23036,65.8,56.8,,,,,,,,,,,,,,,1848.3599853515625,1.0,0.0,0.0,3.0,0.0,0.0,0.0,0.0,1.0,0.0,0.0,0.0,0.0,0.0,0.0,0.0,0.0
January 2004 Second Open Bidding Exercise,2004-01-15,2004,1912.0,24001.0,2616.0,1898.0,1160.0,22002.0,1468.0,1470.0,4944,3505,259959,147577,366498.0,417103.0,24920,24031,65.1,56.6,,,,,,,,,,,,,,,1829.97998046875,1.0,0.0,0.0,3.0,0.0,0.0,0.0,0.0,1.0,0.0,0.0,0.0,0.0,0.0,0.0,0.0,0.0
January 2004 First Open Bidding Exercise,2004-01-01,2004,1919.0,23801.0,2549.0,1913.0,1158.0,24293.0,1516.0,1470.0,4944,3505,259959,147577,366498.0,417103.0,24920,24031,65.1,56.6,,,,,,,,,,,,,,,1764.52001953125,1.0,0.0,0.0,3.0,0.0,0.0,0.0,0.0,1.0,0.0,0.0,0.0,0.0,0.0,0.0,0.0,0.0
December 2003 Second Open Bidding Exercise,2003-12-15,2003,1911.0,24251.0,2376.0,1910.0,1156.0,22295.0,1295.0,1470.0,4364,3407,259551,145923,345732.0,405328.0,26489,25680,64.9,55.7,,,,,,,,,,,,,,,1743.1700439453125,1.0,0.0,0.0,3.0,0.0,0.0,0.0,0.0,1.0,0.0,0.0,0.0,0.0,0.0,0.0,0.0,0.0
December 2003 First Open Bidding Exercise,2003-12-01,2003,1911.0,24401.0,2020.0,1903.0,1181.0,24112.0,1401.0,1470.0,4364,3407,259551,145923,345732.0,405328.0,26489,25680,64.9,55.7,,,,,,,,,,,,,,,1737.75,1.0,0.0,0.0,3.0,0.0,0.0,0.0,0.0,1.0,0.0,0.0,0.0,0.0,0.0,0.0,0.0,0.0
November 2003 Second Open Bidding Exercise,2003-11-15,2003,1911.0,26725.0,2315.0,1911.0,1157.0,25481.0,1344.0,1470.0,4492,2761,260250,144780,345732.0,405328.0,27653,27620,64.8,55.6,,,,,,,,,,,,,,,1736.719970703125,1.0,0.0,0.0,3.0,0.0,0.0,0.0,0.0,1.0,0.0,0.0,0.0,0.0,0.0,0.0,0.0,0.0
November 2003 First Open Bidding Exercise,2003-11-01,2003,1921.0,26338.0,2106.0,1921.0,1160.0,26001.0,1368.0,1470.0,4492,2761,260250,144780,345732.0,405328.0,27653,27620,64.8,55.6,,,,,,,,,,,,,,,1723.7099609375,1.0,0.0,0.0,3.0,0.0,0.0,0.0,0.0,1.0,0.0,0.0,0.0,0.0,0.0,0.0,0.0,0.0
October 2003 Second Open Bidding Exercise,2003-10-15,2003,1925.0,28300.0,2558.0,1925.0,1163.0,27989.0,1374.0,1470.0,4233,2729,260588,143786,345732.0,405328.0,29057,29190,64.7,55.5,,,,,,,,,,,,,,,1748.9599609375,1.0,0.0,0.0,3.0,0.0,0.0,0.0,0.0,1.0,0.0,0.0,0.0,0.0,0.0,0.0,0.0,0.0
October 2003 First Open Bidding Exercise,2003-10-01,2003,1914.0,28915.0,3039.0,1904.0,1175.0,28199.0,1565.0,1470.0,4233,2729,260588,143786,345732.0,405328.0,29057,29190,64.7,55.5,,,,,,,,,,,,,,,1630.719970703125,1.0,0.0,0.0,3.0,0.0,0.0,0.0,0.0,1.0,0.0,0.0,0.0,0.0,0.0,0.0,0.0,0.0
September 2003 Second Open Bidding Exercise,2003-09-15,2003,1473.0,30629.0,2798.0,1459.0,915.0,30048.0,1344.0,1470.0,4328,2714,261319,142891,345732.0,405328.0,30118,30603,64.8,55.5,,,,,,,,,,,,,,,1579.8299560546875,1.0,0.0,0.0,3.0,0.0,0.0,0.0,0.0,1.0,0.0,0.0,0.0,0.0,0.0,0.0,0.0,0.0
September 2003 First Open Bidding Exercise,2003-09-01,2003,1479.0,25011.0,1611.0,1476.0,919.0,28001.0,1163.0,1470.0,4328,2714,261319,142891,345732.0,405328.0,30118,30603,64.8,55.5,,,,,,,,,,,,,,,1605.5999755859375,1.0,0.0,0.0,3.0,0.0,0.0,0.0,0.0,1.0,0.0,0.0,0.0,0.0,0.0,0.0,0.0,0.0
August 2003 Second Open Bidding Exercise,2003-08-15,2003,1477.0,30989.0,1773.0,1474.0,945.0,29900.0,1171.0,1470.0,3560,2649,261864,142219,345732.0,405328.0,31385,31430,64.7,55.7,,,,,,,,,,,,,,,1594.3199462890625,1.0,0.0,0.0,3.0,0.0,0.0,0.0,0.0,1.0,0.0,0.0,0.0,0.0,0.0,0.0,0.0,0.0
August 2003 First Open Bidding Exercise,2003-08-01,2003,1479.0,30497.0,1828.0,1470.0,912.0,31001.0,1159.0,1470.0,3560,2649,261864,142219,345732.0,405328.0,31385,31430,64.7,55.7,,,,,,,,,,,,,,,1557.0799560546875,1.0,0.0,0.0,3.0,0.0,0.0,0.0,0.0,1.0,0.0,0.0,0.0,0.0,0.0,0.0,0.0,0.0
July 2003 Second Open Bidding Exercise,2003-07-15,2003,1477.0,31501.0,1881.0,1470.0,918.0,31889.0,1209.0,1470.0,4619,3010,262483,141375,345732.0,405328.0,31203,31278,64.6,55.7,,,,,,,,,,,,,,,1588.6700439453125,1.0,0.0,0.0,3.0,0.0,0.0,0.0,0.0,1.0,0.0,0.0,0.0,0.0,0.0,0.0,0.0,0.0
July 2003 First Open Bidding Exercise,2003-07-01,2003,1471.0,32079.0,2341.0,1462.0,917.0,32779.0,1359.0,1470.0,4619,3010,262483,141375,345732.0,405328.0,31203,31278,64.6,55.7,,,,,,,,,,,,,,,1457.1800537109375,1.0,0.0,0.0,3.0,0.0,0.0,0.0,0.0,1.0,0.0,0.0,0.0,0.0,0.0,0.0,0.0,0.0
June 2003 Second Open Bidding Exercise,2003-06-15,2003,1478.0,31440.0,2267.0,1471.0,914.0,31505.0,1281.0,1470.0,3414,2602,263030,140521,345732.0,405328.0,29864,29443,64.2,55.5,,,,,,,,,,,,,,,1479.300048828125,1.0,0.0,0.0,3.0,0.0,0.0,0.0,0.0,1.0,0.0,0.0,0.0,0.0,0.0,0.0,0.0,0.0
June 2003 First Open Bidding Exercise,2003-06-01,2003,1470.0,31799.0,2388.0,1469.0,913.0,31501.0,1448.0,1470.0,3414,2602,263030,140521,345732.0,405328.0,29864,29443,64.2,55.5,,,,,,,,,,,,,,,1349.0,1.0,0.0,0.0,3.0,0.0,0.0,0.0,0.0,1.0,0.0,0.0,0.0,0.0,0.0,0.0,0.0,0.0
May 2003 Second Open Bidding Exercise,2003-05-15,2003,1471.0,31095.0,2621.0,1463.0,915.0,31400.0,1592.0,1470.0,4434,3126,264152,139931,345732.0,405328.0,28542,27942,64.4,55.4,,,,,,,,,,,,,,,1311.0,1.0,0.0,0.0,3.0,0.0,0.0,0.0,0.0,1.0,0.0,0.0,0.0,0.0,0.0,0.0,0.0,0.0
May 2003 First Open Bidding Exercise,2003-05-01,2003,1479.0,29299.0,3284.0,1479.0,914.0,28589.0,1788.0,1470.0,4434,3126,264152,139931,345732.0,405328.0,28542,27942,64.4,55.4,,,,,,,,,,,,,,,1281.3299560546875,1.0,0.0,0.0,3.0,0.0,0.0,0.0,0.0,1.0,0.0,0.0,0.0,0.0,0.0,0.0,0.0,0.0
April 2003 Second Open Bidding Exercise,2003-04-15,2003,1474.0,28054.0,2728.0,1473.0,938.0,27058.0,1762.0,1110.0,3979,2640,264711,138896,345732.0,405328.0,28644,28670,64.8,55.8,,,,,,,,,,,,,,,1291.8299560546875,1.0,0.0,0.0,3.0,0.0,0.0,0.0,0.0,1.0,0.0,0.0,0.0,0.0,0.0,0.0,0.0,0.0
April 2003 First Open Bidding Exercise,2003-04-01,2003,1473.0,27497.0,2816.0,1464.0,919.0,26601.0,1790.0,1110.0,3979,2640,264711,138896,345732.0,405328.0,28644,28670,64.8,55.8,,,,,,,,,,,,,,,1282.5799560546875,1.0,0.0,0.0,3.0,0.0,0.0,0.0,0.0,1.0,0.0,0.0,0.0,0.0,0.0,0.0,0.0,0.0
March 2003 Second Open Bidding Exercise,2003-03-15,2003,1337.0,26999.0,1923.0,1333.0,666.0,26001.0,944.0,1110.0,4132,2256,265447,138262,345732.0,405328.0,28550,28748,64.7,56.3,,,,,,,,,,,,,,,1250.8800048828125,1.0,0.0,0.0,3.0,0.0,0.0,0.0,0.0,1.0,0.0,0.0,0.0,0.0,0.0,0.0,0.0,0.0
March 2003 First Open Bidding Exercise,2003-03-01,2003,1332.0,28308.0,1990.0,1329.0,670.0,27999.0,965.0,1110.0,4132,2256,265447,138262,345732.0,405328.0,28550,28748,64.7,56.3,,,,,,,,,,,,,,,1273.8499755859375,1.0,0.0,0.0,3.0,0.0,0.0,0.0,0.0,1.0,0.0,0.0,0.0,0.0,0.0,0.0,0.0,0.0
February 2003 Second Open Bidding Exercise,2003-02-15,2003,1340.0,29999.0,2251.0,1335.0,663.0,30699.0,1148.0,1110.0,2704,1781,266421,137889,345732.0,405328.0,28581,28277,64.5,55.9,,,,,,,,,,,,,,,1273.47998046875,1.0,0.0,0.0,3.0,0.0,0.0,0.0,0.0,1.0,0.0,0.0,0.0,0.0,0.0,0.0,0.0,0.0
February 2003 First Open Bidding Exercise,2003-02-01,2003,1339.0,31003.0,2405.0,1339.0,663.0,33657.0,1342.0,1110.0,2704,1781,266421,137889,345732.0,405328.0,28581,28277,64.5,55.9,,,,,,,,,,,,,,,1291.43994140625,1.0,0.0,0.0,3.0,0.0,0.0,0.0,0.0,1.0,0.0,0.0,0.0,0.0,0.0,0.0,0.0,0.0
January 2003 Second Open Bidding Exercise,2003-01-15,2003,1333.0,26499.0,1651.0,1325.0,662.0,25028.0,919.0,1110.0,4297,3064,267646,137656,345732.0,405328.0,28101,26829,64.6,55.7,,,,,,,,,,,,,,,1386.6199951171875,1.0,0.0,0.0,3.0,0.0,0.0,0.0,0.0,1.0,0.0,0.0,0.0,0.0,0.0,0.0,0.0,0.0
January 2003 First Open Bidding Exercise,2003-01-01,2003,1342.0,28489.0,2153.0,1335.0,707.0,29099.0,1128.0,1110.0,4297,3064,267646,137656,345732.0,405328.0,28101,26829,64.6,55.7,,,,,,,,,,,,,,,1341.030029296875,1.0,0.0,0.0,3.0,0.0,0.0,0.0,0.0,1.0,0.0,0.0,0.0,0.0,0.0,0.0,0.0,0.0
December 2002 Second Open Bidding Exercise,2002-12-15,2002,1338.0,26993.0,1546.0,1337.0,728.0,23890.0,977.0,1110.0,3636,2618,267838,136587,339458.0,404274.0,29285,28243,64.4,55.4,,,,,,,,,,,,,,,1367.47998046875,1.0,0.0,0.0,3.0,0.0,0.0,0.0,0.0,1.0,0.0,0.0,0.0,0.0,0.0,0.0,0.0,0.0
December 2002 First Open Bidding Exercise,2002-12-01,2002,1332.0,28501.0,1851.0,1322.0,663.0,27289.0,822.0,1110.0,3636,2618,267838,136587,339458.0,404274.0,29285,28243,64.4,55.4,,,,,,,,,,,,,,,1391.530029296875,1.0,0.0,0.0,3.0,0.0,0.0,0.0,0.0,1.0,0.0,0.0,0.0,0.0,0.0,0.0,0.0,0.0
November 2002 Second Open Bidding Exercise,2002-11-15,2002,1334.0,29008.0,1942.0,1328.0,663.0,28001.0,879.0,1110.0,3103,2306,268252,135645,339458.0,404274.0,29854,29650,64.4,55.8,,,,,,,,,,,,,,,1414.8499755859375,1.0,0.0,0.0,3.0,0.0,0.0,0.0,0.0,1.0,0.0,0.0,0.0,0.0,0.0,0.0,0.0,0.0
November 2002 First Open Bidding Exercise,2002-11-01,2002,1346.0,29113.0,1724.0,1346.0,663.0,27667.0,866.0,1110.0,3103,2306,268252,135645,339458.0,404274.0,29854,29650,64.4,55.8,,,,,,,,,,,,,,,1427.5999755859375,1.0,0.0,0.0,3.0,0.0,0.0,0.0,0.0,1.0,0.0,0.0,0.0,0.0,0.0,0.0,0.0,0.0
October 2002 Second Open Bidding Exercise,2002-10-15,2002,1112.0,30758.0,1624.0,1110.0,552.0,30811.0,850.0,1110.0,2391,2243,268694,134962,339458.0,404274.0,30430,31021,64.3,55.8,,,,,,,,,,,,,,,1429.6800537109375,1.0,0.0,0.0,3.0,0.0,0.0,0.0,0.0,1.0,0.0,0.0,0.0,0.0,0.0,0.0,0.0,0.0
October 2002 First Open Bidding Exercise,2002-10-01,2002,1115.0,31334.0,1889.0,1101.0,553.0,31795.0,917.0,1110.0,2391,2243,268694,134962,339458.0,404274.0,30430,31021,64.3,55.8,,,,,,,,,,,,,,,1355.469970703125,1.0,0.0,0.0,3.0,0.0,0.0,0.0,0.0,1.0,0.0,0.0,0.0,0.0,0.0,0.0,0.0,0.0
September 2002 Second Open Bidding Exercise,2002-09-15,2002,1120.0,28409.0,1286.0,1118.0,569.0,28009.0,756.0,1110.0,2276,2352,269786,134320,339458.0,404274.0,30449,30852,64.3,55.7,,,,,,,,,,,,,,,1432.0,1.0,0.0,0.0,3.0,0.0,0.0,0.0,0.0,1.0,0.0,0.0,0.0,0.0,0.0,0.0,0.0,0.0
September 2002 First Open Bidding Exercise,2002-09-01,2002,1113.0,30501.0,1337.0,1108.0,553.0,31617.0,715.0,1110.0,2276,2352,269786,134320,339458.0,404274.0,30449,30852,64.3,55.7,,,,,,,,,,,,,,,1488.5,1.0,0.0,0.0,3.0,0.0,0.0,0.0,0.0,1.0,0.0,0.0,0.0,0.0,0.0,0.0,0.0,0.0
August 2002 Second Open Bidding Exercise,2002-08-15,2002,1110.0,31289.0,1480.0,1100.0,560.0,32001.0,873.0,1110.0,2365,2504,270878,133617,339458.0,404274.0,31179,31831,64.4,56.4,,,,,,,,,,,,,,,1531.8399658203125,1.0,0.0,0.0,3.0,0.0,0.0,0.0,0.0,1.0,0.0,0.0,0.0,0.0,0.0,0.0,0.0,0.0
August 2002 First Open Bidding Exercise,2002-08-01,2002,1118.0,30289.0,1640.0,1115.0,555.0,31889.0,1149.0,1110.0,2365,2504,270878,133617,339458.0,404274.0,31179,31831,64.4,56.4,,,,,,,,,,,,,,,1517.010009765625,1.0,0.0,0.0,3.0,0.0,0.0,0.0,0.0,1.0,0.0,0.0,0.0,0.0,0.0,0.0,0.0,0.0
July 2002 Second Open Bidding Exercise,2002-07-15,2002,1118.0,30797.0,1647.0,1118.0,561.0,30008.0,850.0,1110.0,3032,2683,272056,132830,339458.0,404274.0,32316,34183,64.4,56.4,,,,,,,,,,,,,,,1609.760009765625,1.0,0.0,0.0,3.0,0.0,0.0,0.0,0.0,1.0,0.0,0.0,0.0,0.0,0.0,0.0,0.0,0.0
July 2002 First Open Bidding Exercise,2002-07-01,2002,1116.0,31407.0,1890.0,1108.0,579.0,31583.0,946.0,1110.0,3032,2683,272056,132830,339458.0,404274.0,32316,34183,64.4,56.4,,,,,,,,,,,,,,,1550.3599853515625,1.0,0.0,0.0,3.0,0.0,0.0,0.0,0.0,1.0,0.0,0.0,0.0,0.0,0.0,0.0,0.0,0.0
June 2002 Second Open Bidding Exercise,2002-06-15,2002,1141.0,30281.0,1382.0,1133.0,563.0,32499.0,888.0,1110.0,2798,2249,272809,132007,339458.0,404274.0,34149,37519,64.4,56,,,,,,,,,,,,,,,1607.77001953125,1.0,0.0,0.0,3.0,0.0,0.0,0.0,0.0,1.0,0.0,0.0,0.0,0.0,0.0,0.0,0.0,0.0
June 2002 First Open Bidding Exercise,2002-06-01,2002,1111.0,33009.0,1382.0,1105.0,595.0,33001.0,885.0,1110.0,2798,2249,272809,132007,339458.0,404274.0,34149,37519,64.4,56,,,,,,,,,,,,,,,1671.8399658203125,1.0,0.0,0.0,3.0,0.0,0.0,0.0,0.0,1.0,0.0,0.0,0.0,0.0,0.0,0.0,0.0,0.0
May 2002 Second Open Bidding Exercise,2002-05-15,2002,1111.0,33401.0,1320.0,1080.0,552.0,38001.0,894.0,1110.0,2725,1879,273050,131347,339458.0,404274.0,34382,37731,64.5,56.3,,,,,,,,,,,,,,,1747.3199462890625,1.0,0.0,0.0,3.0,0.0,0.0,0.0,0.0,1.0,0.0,0.0,0.0,0.0,0.0,0.0,0.0,0.0
May 2002 First Open Bidding Exercise,2002-05-01,2002,1128.0,35000.0,1705.0,1127.0,560.0,40001.0,1043.0,1110.0,2725,1879,273050,131347,339458.0,404274.0,34382,37731,64.5,56.3,,,,,,,,,,,,,,,1725.3699951171875,1.0,0.0,0.0,3.0,0.0,0.0,0.0,0.0,1.0,0.0,0.0,0.0,0.0,0.0,0.0,0.0,0.0
,2002-04-01,2002,,,,,,,,,3275,2021,273428,131066,339458.0,404274.0,32981,34889,64.3,55.9,,,,,,,,,,,,,,,1789.0899658203125,1.0,0.0,0.0,3.0,0.0,0.0,0.0,0.0,1.0,0.0,0.0,0.0,0.0,0.0,0.0,0.0,0.0
,2002-04-01,2002,,,,,,,,,3275,2021,273428,131066,339458.0,404274.0,32981,34889,64.3,55.9,,,,,,,,,,,,,,,1789.0899658203125,1.0,0.0,0.0,3.0,0.0,0.0,0.0,0.0,1.0,0.0,0.0,0.0,0.0,0.0,0.0,0.0,0.0
,2002-03-01,2002,,,,,,,,,4030,2375,274036,130955,339458.0,404274.0,30559,31785,64.2,55.5,,,,,,,,,,,,,,,1721.52001953125,1.0,0.0,0.0,3.0,0.0,0.0,0.0,0.0,1.0,0.0,0.0,0.0,0.0,0.0,0.0,0.0,0.0
,2002-03-01,2002,,,,,,,,,4030,2375,274036,130955,339458.0,404274.0,30559,31785,64.2,55.5,,,,,,,,,,,,,,,1721.52001953125,1.0,0.0,0.0,3.0,0.0,0.0,0.0,0.0,1.0,0.0,0.0,0.0,0.0,0.0,0.0,0.0,0.0
,2002-02-01,2002,,,,,,,,,2182,1899,275044,130924,339458.0,404274.0,29446,31165,64.3,55.3,,,,,,,,,,,,,,,1781.4200439453125,1.0,0.0,0.0,3.0,0.0,0.0,0.0,0.0,1.0,0.0,0.0,0.0,0.0,0.0,0.0,0.0,0.0
,2002-02-01,2002,,,,,,,,,2182,1899,275044,130924,339458.0,404274.0,29446,31165,64.3,55.3,,,,,,,,,,,,,,,1781.4200439453125,1.0,0.0,0.0,3.0,0.0,0.0,0.0,0.0,1.0,0.0,0.0,0.0,0.0,0.0,0.0,0.0,0.0
,2002-01-01,2002,,,,,,,,,3681,2364,275860,130505,339458.0,404274.0,,,64.1,55.2,,,,,,,,,,,,,,,,1.0,0.0,0.0,3.0,0.0,0.0,0.0,0.0,1.0,0.0,0.0,0.0,0.0,0.0,0.0,0.0,0.0
,2002-01-01,2002,,,,,,,,,3681,2364,275860,130505,339458.0,404274.0,,,64.1,55.2,,,,,,,,,,,,,,,,1.0,0.0,0.0,3.0,0.0,0.0,0.0,0.0,1.0,0.0,0.0,0.0,0.0,0.0,0.0,0.0,0.0
,2001-12-01,2001,,,,,,,,,3043,1956,275302,130225,343351.0,405354.0,,,64.2,55,,,,,,,,,,,,,,,,,,,,,,,,,,,,,,,,
,2001-12-01,2001,,,,,,,,,3043,1956,275302,130225,343351.0,405354.0,,,64.2,55,,,,,,,,,,,,,,,,,,,,,,,,,,,,,,,,
,2001-11-01,2001,,,,,,,,,3442,1857,275875,130199,343351.0,405354.0,,,64.3,55.5,,,,,,,,,,,,,,,,,,,,,,,,,,,,,,,,
,2001-11-01,2001,,,,,,,,,3442,1857,275875,130199,343351.0,405354.0,,,64.3,55.5,,,,,,,,,,,,,,,,,,,,,,,,,,,,,,,,
,2001-10-01,2001,,,,,,,,,3382,1805,276509,130238,343351.0,405354.0,,,64.4,56.2,,,,,,,,,,,,,,,,,,,,,,,,,,,,,,,,
,2001-10-01,2001,,,,,,,,,3382,1805,276509,130238,343351.0,405354.0,,,64.4,56.2,,,,,,,,,,,,,,,,,,,,,,,,,,,,,,,,
,2001-09-01,2001,,,,,,,,,3120,1922,278731,130892,343351.0,405354.0,,,64.6,56.7,,,,,,,,,,,,,,,,,,,,,,,,,,,,,,,,
,2001-09-01,2001,,,,,,,,,3120,1922,278731,130892,343351.0,405354.0,,,64.6,56.7,,,,,,,,,,,,,,,,,,,,,,,,,,,,,,,,
,2001-08-01,2001,,,,,,,,,3987,2125,278144,130530,343351.0,405354.0,,,64.7,56.7,,,,,,,,,,,,,,,,,,,,,,,,,,,,,,,,
,2001-08-01,2001,,,,,,,,,3987,2125,278144,130530,343351.0,405354.0,,,64.7,56.7,,,,,,,,,,,,,,,,,,,,,,,,,,,,,,,,
,2001-07-01,2001,,,,,,,,,3426,1989,276374,130110,343351.0,405354.0,,,64.7,56.7,,,,,,,,,,,,,,,,,,,,,,,,,,,,,,,,
,2001-07-01,2001,,,,,,,,,3426,1989,276374,130110,343351.0,405354.0,,,64.7,56.7,,,,,,,,,,,,,,,,,,,,,,,,,,,,,,,,
,2001-06-01,2001,,,,,,,,,3127,2374,275008,129835,343351.0,405354.0,,,64.3,55.6,,,,,,,,,,,,,,,,,,,,,,,,,,,,,,,,
,2001-06-01,2001,,,,,,,,,3127,2374,275008,129835,343351.0,405354.0,,,64.3,55.6,,,,,,,,,,,,,,,,,,,,,,,,,,,,,,,,
,2001-05-01,2001,,,,,,,,,3577,2239,273739,128981,343351.0,405354.0,,,64.7,57,,,,,,,,,,,,,,,,,,,,,,,,,,,,,,,,
,2001-05-01,2001,,,,,,,,,3577,2239,273739,128981,343351.0,405354.0,,,64.7,57,,,,,,,,,,,,,,,,,,,,,,,,,,,,,,,,
,2001-04-01,2001,,,,,,,,,3864,1991,273307,128445,343351.0,405354.0,,,65,57.2,,,,,,,,,,,,,,,,,,,,,,,,,,,,,,,,
,2001-04-01,2001,,,,,,,,,3864,1991,273307,128445,343351.0,405354.0,,,65,57.2,,,,,,,,,,,,,,,,,,,,,,,,,,,,,,,,
,2001-03-01,2001,,,,,,,,,4335,2464,272780,127796,343351.0,405354.0,,,64.8,57.2,,,,,,,,,,,,,,,,,,,,,,,,,,,,,,,,
,2001-03-01,2001,,,,,,,,,4335,2464,272780,127796,343351.0,405354.0,,,64.8,57.2,,,,,,,,,,,,,,,,,,,,,,,,,,,,,,,,
,2001-02-01,2001,,,,,,,,,3126,1875,271099,126622,343351.0,405354.0,,,64.7,56.7,,,,,,,,,,,,,,,,,,,,,,,,,,,,,,,,
,2001-02-01,2001,,,,,,,,,3126,1875,271099,126622,343351.0,405354.0,,,64.7,56.7,,,,,,,,,,,,,,,,,,,,,,,,,,,,,,,,
,2001-01-01,2001,,,,,,,,,3918,2245,270157,125949,343351.0,405354.0,,,64.8,56.9,,,,,,,,,,,,,,,,,,,,,,,,,,,,,,,,
,2001-01-01,2001,,,,,,,,,3918,2245,270157,125949,343351.0,405354.0,,,64.8,56.9,,,,,,,,,,,,,,,,,,,,,,,,,,,,,,,,
,2000-12-01,2000,,,,,,,,,3275,2159,268390,124790,327902.0,392961.0,,,64.5,57.5,,,,,,,,,,,,,,,,,,,,,,,,,,,,,,,,
,2000-12-01,2000,,,,,,,,,3275,2159,268390,124790,327902.0,392961.0,,,64.5,57.5,,,,,,,,,,,,,,,,,,,,,,,,,,,,,,,,
,2000-11-01,2000,,,,,,,,,3087,2322,267083,123627,327902.0,392961.0,,,64.4,57.4,,,,,,,,,,,,,,,,,,,,,,,,,,,,,,,,
,2000-11-01,2000,,,,,,,,,3087,2322,267083,123627,327902.0,392961.0,,,64.4,57.4,,,,,,,,,,,,,,,,,,,,,,,,,,,,,,,,
,2000-10-01,2000,,,,,,,,,2735,1701,265697,122221,327902.0,392961.0,,,64.3,57.9,,,,,,,,,,,,,,,,,,,,,,,,,,,,,,,,
,2000-10-01,2000,,,,,,,,,2735,1701,265697,122221,327902.0,392961.0,,,64.3,57.9,,,,,,,,,,,,,,,,,,,,,,,,,,,,,,,,
,2000-09-01,2000,,,,,,,,,3511,2114,264431,121446,327902.0,392961.0,,,64.2,57.9,,,,,,,,,,,,,,,,,,,,,,,,,,,,,,,,
,2000-09-01,2000,,,,,,,,,3511,2114,264431,121446,327902.0,392961.0,,,64.2,57.9,,,,,,,,,,,,,,,,,,,,,,,,,,,,,,,,
,2000-08-01,2000,,,,,,,,,3480,1857,262313,120211,327902.0,392961.0,,,64.2,57.5,,,,,,,,,,,,,,,,,,,,,,,,,,,,,,,,
,2000-08-01,2000,,,,,,,,,3480,1857,262313,120211,327902.0,392961.0,,,64.2,57.5,,,,,,,,,,,,,,,,,,,,,,,,,,,,,,,,
,2000-07-01,2000,,,,,,,,,3507,2185,261872,119412,327902.0,392961.0,,,63.9,57.4,,,,,,,,,,,,,,,,,,,,,,,,,,,,,,,,
,2000-07-01,2000,,,,,,,,,3507,2185,261872,119412,327902.0,392961.0,,,63.9,57.4,,,,,,,,,,,,,,,,,,,,,,,,,,,,,,,,
,2000-06-01,2000,,,,,,,,,3422,2354,270216,119108,327902.0,392961.0,,,63.6,56.8,,,,,,,,,,,,,,,,,,,,,,,,,,,,,,,,
,2000-06-01,2000,,,,,,,,,3422,2354,270216,119108,327902.0,392961.0,,,63.6,56.8,,,,,,,,,,,,,,,,,,,,,,,,,,,,,,,,
,2000-05-01,2000,,,,,,,,,2903,1873,270917,118305,327902.0,392961.0,,,63.5,56,,,,,,,,,,,,,,,,,,,,,,,,,,,,,,,,
,2000-05-01,2000,,,,,,,,,2903,1873,270917,118305,327902.0,392961.0,,,63.5,56,,,,,,,,,,,,,,,,,,,,,,,,,,,,,,,,
,2000-04-01,2000,,,,,,,,,2469,1836,270073,117295,327902.0,392961.0,,,63.7,57,,,,,,,,,,,,,,,,,,,,,,,,,,,,,,,,
,2000-04-01,2000,,,,,,,,,2469,1836,270073,117295,327902.0,392961.0,,,63.7,57,,,,,,,,,,,,,,,,,,,,,,,,,,,,,,,,
,2000-03-01,2000,,,,,,,,,2335,1682,269601,116414,327902.0,392961.0,,,63.6,56.5,,,,,,,,,,,,,,,,,,,,,,,,,,,,,,,,
,2000-03-01,2000,,,,,,,,,2335,1682,269601,116414,327902.0,392961.0,,,63.6,56.5,,,,,,,,,,,,,,,,,,,,,,,,,,,,,,,,
,2000-02-01,2000,,,,,,,,,1577,1077,269489,115667,327902.0,392961.0,,,63.8,56.7,,,,,,,,,,,,,,,,,,,,,,,,,,,,,,,,
,2000-02-01,2000,,,,,,,,,1577,1077,269489,115667,327902.0,392961.0,,,63.8,56.7,,,,,,,,,,,,,,,,,,,,,,,,,,,,,,,,
,2000-01-01,2000,,,,,,,,,2855,1804,269866,115321,327902.0,392961.0,,,63.5,56.3,,,,,,,,,,,,,,,,,,,,,,,,,,,,,,,,
,2000-01-01,2000,,,,,,,,,2855,1804,269866,115321,327902.0,392961.0,,,63.5,56.3,,,,,,,,,,,,,,,,,,,,,,,,,,,,,,,,
,1999-12-01,1999,,,,,,,,,2269,1265,268892,114308,304205.0,382941.0,,,63.2,56.1,,,,,,,,,,,,,,,,,,,,,,,,,,,,,,,,
,1999-12-01,1999,,,,,,,,,2269,1265,268892,114308,304205.0,382941.0,,,63.2,56.1,,,,,,,,,,,,,,,,,,,,,,,,,,,,,,,,
,1999-11-01,1999,,,,,,,,,2201,1390,268859,113747,304205.0,382941.0,,,63.2,56,,,,,,,,,,,,,,,,,,,,,,,,,,,,,,,,
,1999-11-01,1999,,,,,,,,,2201,1390,268859,113747,304205.0,382941.0,,,63.2,56,,,,,,,,,,,,,,,,,,,,,,,,,,,,,,,,
,1999-10-01,1999,,,,,,,,,2535,1207,268633,112995,304205.0,382941.0,,,63.1,56.2,,,,,,,,,,,,,,,,,,,,,,,,,,,,,,,,
,1999-10-01,1999,,,,,,,,,2535,1207,268633,112995,304205.0,382941.0,,,63.1,56.2,,,,,,,,,,,,,,,,,,,,,,,,,,,,,,,,
,1999-09-01,1999,,,,,,,,,2543,1537,268142,112467,304205.0,382941.0,,,63.2,55.9,,,,,,,,,,,,,,,,,,,,,,,,,,,,,,,,
,1999-09-01,1999,,,,,,,,,2543,1537,268142,112467,304205.0,382941.0,,,63.2,55.9,,,,,,,,,,,,,,,,,,,,,,,,,,,,,,,,
,1999-08-01,1999,,,,,,,,,2261,1342,267588,111581,304205.0,382941.0,,,63.2,55.6,,,,,,,,,,,,,,,,,,,,,,,,,,,,,,,,
,1999-08-01,1999,,,,,,,,,2261,1342,267588,111581,304205.0,382941.0,,,63.2,55.6,,,,,,,,,,,,,,,,,,,,,,,,,,,,,,,,
,1999-07-01,1999,,,,,,,,,2116,1126,267217,110868,304205.0,382941.0,,,63.2,55.1,,,,,,,,,,,,,,,,,,,,,,,,,,,,,,,,
,1999-07-01,1999,,,,,,,,,2116,1126,267217,110868,304205.0,382941.0,,,63.2,55.1,,,,,,,,,,,,,,,,,,,,,,,,,,,,,,,,
,1999-06-01,1999,,,,,,,,,2409,1221,266664,110437,304205.0,382941.0,,,63.1,55.2,,,,,,,,,,,,,,,,,,,,,,,,,,,,,,,,
,1999-06-01,1999,,,,,,,,,2409,1221,266664,110437,304205.0,382941.0,,,63.1,55.2,,,,,,,,,,,,,,,,,,,,,,,,,,,,,,,,
,1999-05-01,1999,,,,,,,,,1568,1058,265509,109835,304205.0,382941.0,,,63.1,54.9,,,,,,,,,,,,,,,,,,,,,,,,,,,,,,,,
,1999-05-01,1999,,,,,,,,,1568,1058,265509,109835,304205.0,382941.0,,,63.1,54.9,,,,,,,,,,,,,,,,,,,,,,,,,,,,,,,,
,1999-04-01,1999,,,,,,,,,1738,1099,265168,109451,304205.0,382941.0,,,63,54.3,,,,,,,,,,,,,,,,,,,,,,,,,,,,,,,,
,1999-04-01,1999,,,,,,,,,1738,1099,265168,109451,304205.0,382941.0,,,63,54.3,,,,,,,,,,,,,,,,,,,,,,,,,,,,,,,,
,1999-03-01,1999,,,,,,,,,1871,1026,265013,109034,304205.0,382941.0,,,62.8,53.9,,,,,,,,,,,,,,,,,,,,,,,,,,,,,,,,
,1999-03-01,1999,,,,,,,,,1871,1026,265013,109034,304205.0,382941.0,,,62.8,53.9,,,,,,,,,,,,,,,,,,,,,,,,,,,,,,,,
,1999-02-01,1999,,,,,,,,,1244,675,265512,108976,304205.0,382941.0,,,63,54,,,,,,,,,,,,,,,,,,,,,,,,,,,,,,,,
,1999-02-01,1999,,,,,,,,,1244,675,265512,108976,304205.0,382941.0,,,63,54,,,,,,,,,,,,,,,,,,,,,,,,,,,,,,,,
,1999-01-01,1999,,,,,,,,,2026,833,266313,108929,304205.0,382941.0,,,62.9,54.1,,,,,,,,,,,,,,,,,,,,,,,,,,,,,,,,
,1999-01-01,1999,,,,,,,,,2026,833,266313,108929,304205.0,382941.0,,,62.9,54.1,,,,,,,,,,,,,,,,,,,,,,,,,,,,,,,,
,1998-12-01,1998,,,,,,,,,1890,897,261483,107591,303260.0,375217.0,,,62.8,54.1,,,,,,,,,,,,,,,,,,,,,,,,,,,,,,,,
,1998-12-01,1998,,,,,,,,,1890,897,261483,107591,303260.0,375217.0,,,62.8,54.1,,,,,,,,,,,,,,,,,,,,,,,,,,,,,,,,
,1998-11-01,1998,,,,,,,,,1700,802,262062,107579,303260.0,375217.0,,,63,54.4,,,,,,,,,,,,,,,,,,,,,,,,,,,,,,,,
,1998-11-01,1998,,,,,,,,,1700,802,262062,107579,303260.0,375217.0,,,63,54.4,,,,,,,,,,,,,,,,,,,,,,,,,,,,,,,,
,1998-10-01,1998,,,,,,,,,1392,623,262449,107708,303260.0,375217.0,,,62.8,54.5,,,,,,,,,,,,,,,,,,,,,,,,,,,,,,,,
,1998-10-01,1998,,,,,,,,,1392,623,262449,107708,303260.0,375217.0,,,62.8,54.5,,,,,,,,,,,,,,,,,,,,,,,,,,,,,,,,
,1998-09-01,1998,,,,,,,,,1497,748,263293,107826,303260.0,375217.0,,,62.9,54.7,,,,,,,,,,,,,,,,,,,,,,,,,,,,,,,,
,1998-09-01,1998,,,,,,,,,1497,748,263293,107826,303260.0,375217.0,,,62.9,54.7,,,,,,,,,,,,,,,,,,,,,,,,,,,,,,,,
,1998-08-01,1998,,,,,,,,,1537,800,263970,107716,303260.0,375217.0,,,63,55.1,,,,,,,,,,,,,,,,,,,,,,,,,,,,,,,,
,1998-08-01,1998,,,,,,,,,1537,800,263970,107716,303260.0,375217.0,,,63,55.1,,,,,,,,,,,,,,,,,,,,,,,,,,,,,,,,
,1998-07-01,1998,,,,,,,,,1963,910,264540,107566,303260.0,375217.0,,,63.1,55.9,,,,,,,,,,,,,,,,,,,,,,,,,,,,,,,,
,1998-07-01,1998,,,,,,,,,1963,910,264540,107566,303260.0,375217.0,,,63.1,55.9,,,,,,,,,,,,,,,,,,,,,,,,,,,,,,,,
,1998-06-01,1998,,,,,,,,,1532,848,264750,107332,303260.0,375217.0,,,63,55.9,,,,,,,,,,,,,,,,,,,,,,,,,,,,,,,,
,1998-06-01,1998,,,,,,,,,1532,848,264750,107332,303260.0,375217.0,,,63,55.9,,,,,,,,,,,,,,,,,,,,,,,,,,,,,,,,
,1998-05-01,1998,,,,,,,,,1371,848,264928,107083,303260.0,375217.0,,,63,55.7,,,,,,,,,,,,,,,,,,,,,,,,,,,,,,,,
,1998-05-01,1998,,,,,,,,,1371,848,264928,107083,303260.0,375217.0,,,63,55.7,,,,,,,,,,,,,,,,,,,,,,,,,,,,,,,,
,1998-04-01,1998,,,,,,,,,1755,1125,265270,106714,303260.0,375217.0,,,63.2,55.6,,,,,,,,,,,,,,,,,,,,,,,,,,,,,,,,
,1998-04-01,1998,,,,,,,,,1755,1125,265270,106714,303260.0,375217.0,,,63.2,55.6,,,,,,,,,,,,,,,,,,,,,,,,,,,,,,,,
,1998-03-01,1998,,,,,,,,,720,474,265317,106119,303260.0,375217.0,,,63.2,55.7,,,,,,,,,,,,,,,,,,,,,,,,,,,,,,,,
,1998-03-01,1998,,,,,,,,,720,474,265317,106119,303260.0,375217.0,,,63.2,55.7,,,,,,,,,,,,,,,,,,,,,,,,,,,,,,,,
,1998-02-01,1998,,,,,,,,,1080,548,265973,106132,303260.0,375217.0,,,63.5,56,,,,,,,,,,,,,,,,,,,,,,,,,,,,,,,,
,1998-02-01,1998,,,,,,,,,1080,548,265973,106132,303260.0,375217.0,,,63.5,56,,,,,,,,,,,,,,,,,,,,,,,,,,,,,,,,
,1998-01-01,1998,,,,,,,,,1647,1124,266099,105957,303260.0,375217.0,,,63.5,55.9,,,,,,,,,,,,,,,,,,,,,,,,,,,,,,,,
,1998-01-01,1998,,,,,,,,,1647,1124,266099,105957,303260.0,375217.0,,,63.5,55.9,,,,,,,,,,,,,,,,,,,,,,,,,,,,,,,,
,1997-12-01,1997,,,,,,,,,1034,713,265818,105158,306222.0,377365.0,,,63.7,58.7,,,,,,,,,,,,,,,,,,,,,,,,,,,,,,,,
,1997-12-01,1997,,,,,,,,,1034,713,265818,105158,306222.0,377365.0,,,63.7,58.7,,,,,,,,,,,,,,,,,,,,,,,,,,,,,,,,
,1997-11-01,1997,,,,,,,,,1143,682,266083,104749,306222.0,377365.0,,,63.8,59.2,,,,,,,,,,,,,,,,,,,,,,,,,,,,,,,,
,1997-11-01,1997,,,,,,,,,1143,682,266083,104749,306222.0,377365.0,,,63.8,59.2,,,,,,,,,,,,,,,,,,,,,,,,,,,,,,,,
,1997-10-01,1997,,,,,,,,,1336,708,266072,104321,306222.0,377365.0,,,63.7,59.4,,,,,,,,,,,,,,,,,,,,,,,,,,,,,,,,
,1997-10-01,1997,,,,,,,,,1336,708,266072,104321,306222.0,377365.0,,,63.7,59.4,,,,,,,,,,,,,,,,,,,,,,,,,,,,,,,,
,1997-09-01,1997,,,,,,,,,1532,949,265711,103862,306222.0,377365.0,,,63.7,59.5,,,,,,,,,,,,,,,,,,,,,,,,,,,,,,,,
,1997-09-01,1997,,,,,,,,,1532,949,265711,103862,306222.0,377365.0,,,63.7,59.5,,,,,,,,,,,,,,,,,,,,,,,,,,,,,,,,
,1997-08-01,1997,,,,,,,,,1134,829,264425,103089,306222.0,377365.0,,,63.6,59.5,,,,,,,,,,,,,,,,,,,,,,,,,,,,,,,,
,1997-08-01,1997,,,,,,,,,1134,829,264425,103089,306222.0,377365.0,,,63.6,59.5,,,,,,,,,,,,,,,,,,,,,,,,,,,,,,,,
,1997-07-01,1997,,,,,,,,,1174,882,263931,102476,306222.0,377365.0,,,63.4,59.5,,,,,,,,,,,,,,,,,,,,,,,,,,,,,,,,
,1997-07-01,1997,,,,,,,,,1174,882,263931,102476,306222.0,377365.0,,,63.4,59.5,,,,,,,,,,,,,,,,,,,,,,,,,,,,,,,,
,1997-06-01,1997,,,,,,,,,1290,788,263486,101851,306222.0,377365.0,,,63.1,59.3,,,,,,,,,,,,,,,,,,,,,,,,,,,,,,,,
,1997-06-01,1997,,,,,,,,,1290,788,263486,101851,306222.0,377365.0,,,63.1,59.3,,,,,,,,,,,,,,,,,,,,,,,,,,,,,,,,
,1997-05-01,1997,,,,,,,,,1161,936,262755,101260,306222.0,377365.0,,,63,57.6,,,,,,,,,,,,,,,,,,,,,,,,,,,,,,,,
,1997-05-01,1997,,,,,,,,,1161,936,262755,101260,306222.0,377365.0,,,63,57.6,,,,,,,,,,,,,,,,,,,,,,,,,,,,,,,,
,1997-04-01,1997,,,,,,,,,1296,864,262230,100565,306222.0,377365.0,,,62.9,56.9,,,,,,,,,,,,,,,,,,,,,,,,,,,,,,,,
,1997-04-01,1997,,,,,,,,,1296,864,262230,100565,306222.0,377365.0,,,62.9,56.9,,,,,,,,,,,,,,,,,,,,,,,,,,,,,,,,
,1997-03-01,1997,,,,,,,,,1396,851,261551,99935,306222.0,377365.0,,,62.6,56.3,,,,,,,,,,,,,,,,,,,,,,,,,,,,,,,,
,1997-03-01,1997,,,,,,,,,1396,851,261551,99935,306222.0,377365.0,,,62.6,56.3,,,,,,,,,,,,,,,,,,,,,,,,,,,,,,,,
,1997-02-01,1997,,,,,,,,,909,455,260844,99335,306222.0,377365.0,,,62.9,56.5,,,,,,,,,,,,,,,,,,,,,,,,,,,,,,,,
,1997-02-01,1997,,,,,,,,,909,455,260844,99335,306222.0,377365.0,,,62.9,56.5,,,,,,,,,,,,,,,,,,,,,,,,,,,,,,,,
,1997-01-01,1997,,,,,,,,,1733,1177,260341,99054,306222.0,377365.0,,,62.6,56.8,,,,,,,,,,,,,,,,,,,,,,,,,,,,,,,,
,1997-01-01,1997,,,,,,,,,1733,1177,260341,99054,306222.0,377365.0,,,62.6,56.8,,,,,,,,,,,,,,,,,,,,,,,,,,,,,,,,
,1996-12-01,1996,,,,,,,,,1379,992,259058,98063,295764.0,365558.0,,,62.4,56.3,,,,,,,,,,,,,,,,,,,,,,,,,,,,,,,,
,1996-12-01,1996,,,,,,,,,1379,992,259058,98063,295764.0,365558.0,,,62.4,56.3,,,,,,,,,,,,,,,,,,,,,,,,,,,,,,,,
,1996-11-01,1996,,,,,,,,,1145,876,258276,97243,295764.0,365558.0,,,62.3,56.1,,,,,,,,,,,,,,,,,,,,,,,,,,,,,,,,
,1996-11-01,1996,,,,,,,,,1145,876,258276,97243,295764.0,365558.0,,,62.3,56.1,,,,,,,,,,,,,,,,,,,,,,,,,,,,,,,,
,1996-10-01,1996,,,,,,,,,1476,928,257649,96521,295764.0,365558.0,,,62.2,55.9,,,,,,,,,,,,,,,,,,,,,,,,,,,,,,,,
,1996-10-01,1996,,,,,,,,,1476,928,257649,96521,295764.0,365558.0,,,62.2,55.9,,,,,,,,,,,,,,,,,,,,,,,,,,,,,,,,
,1996-09-01,1996,,,,,,,,,1495,913,256605,95768,295764.0,365558.0,,,62.2,55.9,,,,,,,,,,,,,,,,,,,,,,,,,,,,,,,,
,1996-09-01,1996,,,,,,,,,1495,913,256605,95768,295764.0,365558.0,,,62.2,55.9,,,,,,,,,,,,,,,,,,,,,,,,,,,,,,,,
,1996-08-01,1996,,,,,,,,,1432,725,255574,95039,295764.0,365558.0,,,62.1,55.7,,,,,,,,,,,,,,,,,,,,,,,,,,,,,,,,
,1996-08-01,1996,,,,,,,,,1432,725,255574,95039,295764.0,365558.0,,,62.1,55.7,,,,,,,,,,,,,,,,,,,,,,,,,,,,,,,,
,1996-07-01,1996,,,,,,,,,1495,702,254532,94450,295764.0,365558.0,,,62,55.7,,,,,,,,,,,,,,,,,,,,,,,,,,,,,,,,
,1996-07-01,1996,,,,,,,,,1495,702,254532,94450,295764.0,365558.0,,,62,55.7,,,,,,,,,,,,,,,,,,,,,,,,,,,,,,,,
,1996-06-01,1996,,,,,,,,,1450,775,253410,93913,295764.0,365558.0,,,62,56,,,,,,,,,,,,,,,,,,,,,,,,,,,,,,,,
,1996-06-01,1996,,,,,,,,,1450,775,253410,93913,295764.0,365558.0,,,62,56,,,,,,,,,,,,,,,,,,,,,,,,,,,,,,,,
,1996-05-01,1996,,,,,,,,,1667,795,252343,93282,295764.0,365558.0,,,62,55.9,,,,,,,,,,,,,,,,,,,,,,,,,,,,,,,,
,1996-05-01,1996,,,,,,,,,1667,795,252343,93282,295764.0,365558.0,,,62,55.9,,,,,,,,,,,,,,,,,,,,,,,,,,,,,,,,
,1996-04-01,1996,,,,,,,,,1436,934,251090,92639,295764.0,365558.0,,,61.7,55,,,,,,,,,,,,,,,,,,,,,,,,,,,,,,,,
,1996-04-01,1996,,,,,,,,,1436,934,251090,92639,295764.0,365558.0,,,61.7,55,,,,,,,,,,,,,,,,,,,,,,,,,,,,,,,,
,1996-03-01,1996,,,,,,,,,1814,745,249989,91878,295764.0,365558.0,,,61.6,55.4,,,,,,,,,,,,,,,,,,,,,,,,,,,,,,,,
,1996-03-01,1996,,,,,,,,,1814,745,249989,91878,295764.0,365558.0,,,61.6,55.4,,,,,,,,,,,,,,,,,,,,,,,,,,,,,,,,
,1996-02-01,1996,,,,,,,,,1418,1045,248588,91320,295764.0,365558.0,,,61.9,55.5,,,,,,,,,,,,,,,,,,,,,,,,,,,,,,,,
,1996-02-01,1996,,,,,,,,,1418,1045,248588,91320,295764.0,365558.0,,,61.9,55.5,,,,,,,,,,,,,,,,,,,,,,,,,,,,,,,,
,1996-01-01,1996,,,,,,,,,1872,1125,247532,90363,295764.0,365558.0,,,61.4,55.2,,,,,,,,,,,,,,,,,,,,,,,,,,,,,,,,
,1996-01-01,1996,,,,,,,,,1872,1125,247532,90363,295764.0,365558.0,,,61.4,55.2,,,,,,,,,,,,,,,,,,,,,,,,,,,,,,,,
,1995-12-01,1995,,,,,,,,,1613,746,246258,89385,277085.0,345432.0,,,61.2,54.9,,,,,,,,,,,,,,,,,,,,,,,,,,,,,,,,
,1995-12-01,1995,,,,,,,,,1613,746,246258,89385,277085.0,345432.0,,,61.2,54.9,,,,,,,,,,,,,,,,,,,,,,,,,,,,,,,,
,1995-11-01,1995,,,,,,,,,1919,909,245283,88729,277085.0,345432.0,,,61.5,56,,,,,,,,,,,,,,,,,,,,,,,,,,,,,,,,
,1995-11-01,1995,,,,,,,,,1919,909,245283,88729,277085.0,345432.0,,,61.5,56,,,,,,,,,,,,,,,,,,,,,,,,,,,,,,,,
,1995-10-01,1995,,,,,,,,,1414,990,243892,87920,277085.0,345432.0,,,61.3,56.2,,,,,,,,,,,,,,,,,,,,,,,,,,,,,,,,
,1995-10-01,1995,,,,,,,,,1414,990,243892,87920,277085.0,345432.0,,,61.3,56.2,,,,,,,,,,,,,,,,,,,,,,,,,,,,,,,,
,1995-09-01,1995,,,,,,,,,1889,1082,242953,87068,277085.0,345432.0,,,61.3,55.4,,,,,,,,,,,,,,,,,,,,,,,,,,,,,,,,
,1995-09-01,1995,,,,,,,,,1889,1082,242953,87068,277085.0,345432.0,,,61.3,55.4,,,,,,,,,,,,,,,,,,,,,,,,,,,,,,,,
,1995-08-01,1995,,,,,,,,,1624,872,241615,86080,277085.0,345432.0,,,61.3,55.3,,,,,,,,,,,,,,,,,,,,,,,,,,,,,,,,
,1995-08-01,1995,,,,,,,,,1624,872,241615,86080,277085.0,345432.0,,,61.3,55.3,,,,,,,,,,,,,,,,,,,,,,,,,,,,,,,,
,1995-07-01,1995,,,,,,,,,1478,838,240404,85257,277085.0,345432.0,,,61.2,55.7,,,,,,,,,,,,,,,,,,,,,,,,,,,,,,,,
,1995-07-01,1995,,,,,,,,,1478,838,240404,85257,277085.0,345432.0,,,61.2,55.7,,,,,,,,,,,,,,,,,,,,,,,,,,,,,,,,
,1995-06-01,1995,,,,,,,,,1213,1067,239610,84470,277085.0,345432.0,,,61.3,56.4,,,,,,,,,,,,,,,,,,,,,,,,,,,,,,,,
,1995-06-01,1995,,,,,,,,,1213,1067,239610,84470,277085.0,345432.0,,,61.3,56.4,,,,,,,,,,,,,,,,,,,,,,,,,,,,,,,,
,1995-05-01,1995,,,,,,,,,1662,913,239082,83439,277085.0,345432.0,,,61.2,55.9,,,,,,,,,,,,,,,,,,,,,,,,,,,,,,,,
,1995-05-01,1995,,,,,,,,,1662,913,239082,83439,277085.0,345432.0,,,61.2,55.9,,,,,,,,,,,,,,,,,,,,,,,,,,,,,,,,
,1995-04-01,1995,,,,,,,,,1608,1168,237988,82576,277085.0,345432.0,,,61,54.9,,,,,,,,,,,,,,,,,,,,,,,,,,,,,,,,
,1995-04-01,1995,,,,,,,,,1608,1168,237988,82576,277085.0,345432.0,,,61,54.9,,,,,,,,,,,,,,,,,,,,,,,,,,,,,,,,
,1995-03-01,1995,,,,,,,,,2146,1213,237093,81516,277085.0,345432.0,,,60.7,54.2,,,,,,,,,,,,,,,,,,,,,,,,,,,,,,,,
,1995-03-01,1995,,,,,,,,,2146,1213,237093,81516,277085.0,345432.0,,,60.7,54.2,,,,,,,,,,,,,,,,,,,,,,,,,,,,,,,,
,1995-02-01,1995,,,,,,,,,1635,697,235714,80405,277085.0,345432.0,,,60.9,54.7,,,,,,,,,,,,,,,,,,,,,,,,,,,,,,,,
,1995-02-01,1995,,,,,,,,,1635,697,235714,80405,277085.0,345432.0,,,60.9,54.7,,,,,,,,,,,,,,,,,,,,,,,,,,,,,,,,
,1995-01-01,1995,,,,,,,,,2399,1339,234991,79813,277085.0,345432.0,,,60.8,55.3,,,,,,,,,,,,,,,,,,,,,,,,,,,,,,,,
,1995-01-01,1995,,,,,,,,,2399,1339,234991,79813,277085.0,345432.0,,,60.8,55.3,,,,,,,,,,,,,,,,,,,,,,,,,,,,,,,,
,1994-12-01,1994,,,,,,,,,1486,793,233674,78566,257437.0,324026.0,,,60.7,56.4,,,,,,,,,,,,,,,,,,,,,,,,,,,,,,,,
,1994-12-01,1994,,,,,,,,,1486,793,233674,78566,257437.0,324026.0,,,60.7,56.4,,,,,,,,,,,,,,,,,,,,,,,,,,,,,,,,
,1994-11-01,1994,,,,,,,,,1615,949,233272,77909,257437.0,324026.0,,,60.9,57.4,,,,,,,,,,,,,,,,,,,,,,,,,,,,,,,,
,1994-11-01,1994,,,,,,,,,1615,949,233272,77909,257437.0,324026.0,,,60.9,57.4,,,,,,,,,,,,,,,,,,,,,,,,,,,,,,,,
,1994-10-01,1994,,,,,,,,,1652,696,232574,77055,257437.0,324026.0,,,60.7,56.5,,,,,,,,,,,,,,,,,,,,,,,,,,,,,,,,
,1994-10-01,1994,,,,,,,,,1652,696,232574,77055,257437.0,324026.0,,,60.7,56.5,,,,,,,,,,,,,,,,,,,,,,,,,,,,,,,,
,1994-09-01,1994,,,,,,,,,1663,924,231590,76519,257437.0,324026.0,,,60.5,55.8,,,,,,,,,,,,,,,,,,,,,,,,,,,,,,,,
,1994-09-01,1994,,,,,,,,,1663,924,231590,76519,257437.0,324026.0,,,60.5,55.8,,,,,,,,,,,,,,,,,,,,,,,,,,,,,,,,
,1994-08-01,1994,,,,,,,,,1429,807,231113,75737,257437.0,324026.0,,,60.4,55.6,,,,,,,,,,,,,,,,,,,,,,,,,,,,,,,,
,1994-08-01,1994,,,,,,,,,1429,807,231113,75737,257437.0,324026.0,,,60.4,55.6,,,,,,,,,,,,,,,,,,,,,,,,,,,,,,,,
,1994-07-01,1994,,,,,,,,,1591,1067,230874,75155,257437.0,324026.0,,,60.4,55.3,,,,,,,,,,,,,,,,,,,,,,,,,,,,,,,,
,1994-07-01,1994,,,,,,,,,1591,1067,230874,75155,257437.0,324026.0,,,60.4,55.3,,,,,,,,,,,,,,,,,,,,,,,,,,,,,,,,
,1994-06-01,1994,,,,,,,,,1623,1036,230355,74279,257437.0,324026.0,,,60.2,54.8,,,,,,,,,,,,,,,,,,,,,,,,,,,,,,,,
,1994-06-01,1994,,,,,,,,,1623,1036,230355,74279,257437.0,324026.0,,,60.2,54.8,,,,,,,,,,,,,,,,,,,,,,,,,,,,,,,,
,1994-05-01,1994,,,,,,,,,1763,919,230094,73471,257437.0,324026.0,,,60,53.7,,,,,,,,,,,,,,,,,,,,,,,,,,,,,,,,
,1994-05-01,1994,,,,,,,,,1763,919,230094,73471,257437.0,324026.0,,,60,53.7,,,,,,,,,,,,,,,,,,,,,,,,,,,,,,,,
,1994-04-01,1994,,,,,,,,,1432,755,229688,72791,257437.0,324026.0,,,59.7,53,,,,,,,,,,,,,,,,,,,,,,,,,,,,,,,,
,1994-04-01,1994,,,,,,,,,1432,755,229688,72791,257437.0,324026.0,,,59.7,53,,,,,,,,,,,,,,,,,,,,,,,,,,,,,,,,
,1994-03-01,1994,,,,,,,,,2549,1325,229444,72212,257437.0,324026.0,,,59.2,52.4,,,,,,,,,,,,,,,,,,,,,,,,,,,,,,,,
,1994-03-01,1994,,,,,,,,,2549,1325,229444,72212,257437.0,324026.0,,,59.2,52.4,,,,,,,,,,,,,,,,,,,,,,,,,,,,,,,,
,1994-02-01,1994,,,,,,,,,1111,921,228331,71103,257437.0,324026.0,,,59.5,53.3,,,,,,,,,,,,,,,,,,,,,,,,,,,,,,,,
,1994-02-01,1994,,,,,,,,,1111,921,228331,71103,257437.0,324026.0,,,59.5,53.3,,,,,,,,,,,,,,,,,,,,,,,,,,,,,,,,
,1994-01-01,1994,,,,,,,,,1935,1590,228193,70356,257437.0,324026.0,,,59.3,54,,,,,,,,,,,,,,,,,,,,,,,,,,,,,,,,
,1994-01-01,1994,,,,,,,,,1935,1590,228193,70356,257437.0,324026.0,,,59.3,54,,,,,,,,,,,,,,,,,,,,,,,,,,,,,,,,
,1993-12-01,1993,,,,,,,,,1421,1318,226994,68963,244340.0,306216.0,,,59,53.1,,,,,,,,,,,,,,,,,,,,,,,,,,,,,,,,
,1993-12-01,1993,,,,,,,,,1421,1318,226994,68963,244340.0,306216.0,,,59,53.1,,,,,,,,,,,,,,,,,,,,,,,,,,,,,,,,
,1993-11-01,1993,,,,,,,,,1608,1003,227026,67863,244340.0,306216.0,,,58.8,52.3,,,,,,,,,,,,,,,,,,,,,,,,,,,,,,,,
,1993-11-01,1993,,,,,,,,,1608,1003,227026,67863,244340.0,306216.0,,,58.8,52.3,,,,,,,,,,,,,,,,,,,,,,,,,,,,,,,,
,1993-10-01,1993,,,,,,,,,1787,727,226628,67104,244340.0,306216.0,,,58.6,51.8,,,,,,,,,,,,,,,,,,,,,,,,,,,,,,,,
,1993-10-01,1993,,,,,,,,,1787,727,226628,67104,244340.0,306216.0,,,58.6,51.8,,,,,,,,,,,,,,,,,,,,,,,,,,,,,,,,
,1993-09-01,1993,,,,,,,,,1956,910,225981,66614,244340.0,306216.0,,,58.4,51.4,,,,,,,,,,,,,,,,,,,,,,,,,,,,,,,,
,1993-09-01,1993,,,,,,,,,1956,910,225981,66614,244340.0,306216.0,,,58.4,51.4,,,,,,,,,,,,,,,,,,,,,,,,,,,,,,,,
,1993-08-01,1993,,,,,,,,,2028,952,225366,65945,244340.0,306216.0,,,58.4,51.1,,,,,,,,,,,,,,,,,,,,,,,,,,,,,,,,
,1993-08-01,1993,,,,,,,,,2028,952,225366,65945,244340.0,306216.0,,,58.4,51.1,,,,,,,,,,,,,,,,,,,,,,,,,,,,,,,,
,1993-07-01,1993,,,,,,,,,2390,1106,224580,65247,244340.0,306216.0,,,58.5,51.1,,,,,,,,,,,,,,,,,,,,,,,,,,,,,,,,
,1993-07-01,1993,,,,,,,,,2390,1106,224580,65247,244340.0,306216.0,,,58.5,51.1,,,,,,,,,,,,,,,,,,,,,,,,,,,,,,,,
,1993-06-01,1993,,,,,,,,,2351,1106,223754,64440,244340.0,306216.0,,,58.2,50.8,,,,,,,,,,,,,,,,,,,,,,,,,,,,,,,,
,1993-06-01,1993,,,,,,,,,2351,1106,223754,64440,244340.0,306216.0,,,58.2,50.8,,,,,,,,,,,,,,,,,,,,,,,,,,,,,,,,
,1993-05-01,1993,,,,,,,,,1935,1000,223059,63679,244340.0,306216.0,,,58.2,50.6,,,,,,,,,,,,,,,,,,,,,,,,,,,,,,,,
,1993-05-01,1993,,,,,,,,,1935,1000,223059,63679,244340.0,306216.0,,,58.2,50.6,,,,,,,,,,,,,,,,,,,,,,,,,,,,,,,,
,1993-04-01,1993,,,,,,,,,1778,1064,222776,62972,244340.0,306216.0,,,58,50.4,,,,,,,,,,,,,,,,,,,,,,,,,,,,,,,,
,1993-04-01,1993,,,,,,,,,1778,1064,222776,62972,244340.0,306216.0,,,58,50.4,,,,,,,,,,,,,,,,,,,,,,,,,,,,,,,,
,1993-03-01,1993,,,,,,,,,2677,874,222655,62222,244340.0,306216.0,,,57.9,49.8,,,,,,,,,,,,,,,,,,,,,,,,,,,,,,,,
,1993-03-01,1993,,,,,,,,,2677,874,222655,62222,244340.0,306216.0,,,57.9,49.8,,,,,,,,,,,,,,,,,,,,,,,,,,,,,,,,
,1993-02-01,1993,,,,,,,,,1859,762,221868,61698,244340.0,306216.0,,,57.7,49.5,,,,,,,,,,,,,,,,,,,,,,,,,,,,,,,,
,1993-02-01,1993,,,,,,,,,1859,762,221868,61698,244340.0,306216.0,,,57.7,49.5,,,,,,,,,,,,,,,,,,,,,,,,,,,,,,,,
,1993-01-01,1993,,,,,,,,,2983,1206,221795,61266,244340.0,306216.0,,,58,49.6,,,,,,,,,,,,,,,,,,,,,,,,,,,,,,,,
,1993-01-01,1993,,,,,,,,,2983,1206,221795,61266,244340.0,306216.0,,,58,49.6,,,,,,,,,,,,,,,,,,,,,,,,,,,,,,,,
,1992-12-01,1992,,,,,,,,,1796,494,219973,60245,233897.0,287612.0,,,57.5,50,,,,,,,,,,,,,,,,,,,,,,,,,,,,,,,,
,1992-12-01,1992,,,,,,,,,1796,494,219973,60245,233897.0,287612.0,,,57.5,50,,,,,,,,,,,,,,,,,,,,,,,,,,,,,,,,
,1992-11-01,1992,,,,,,,,,1457,546,219520,59697,233897.0,287612.0,,,57.5,50.4,,,,,,,,,,,,,,,,,,,,,,,,,,,,,,,,
,1992-11-01,1992,,,,,,,,,1457,546,219520,59697,233897.0,287612.0,,,57.5,50.4,,,,,,,,,,,,,,,,,,,,,,,,,,,,,,,,
,1992-10-01,1992,,,,,,,,,1322,658,219604,59326,233897.0,287612.0,,,57.3,50.1,,,,,,,,,,,,,,,,,,,,,,,,,,,,,,,,
,1992-10-01,1992,,,,,,,,,1322,658,219604,59326,233897.0,287612.0,,,57.3,50.1,,,,,,,,,,,,,,,,,,,,,,,,,,,,,,,,
,1992-09-01,1992,,,,,,,,,1547,793,219547,58856,233897.0,287612.0,,,57.2,49.9,,,,,,,,,,,,,,,,,,,,,,,,,,,,,,,,
,1992-09-01,1992,,,,,,,,,1547,793,219547,58856,233897.0,287612.0,,,57.2,49.9,,,,,,,,,,,,,,,,,,,,,,,,,,,,,,,,
,1992-08-01,1992,,,,,,,,,1576,613,219272,58275,233897.0,287612.0,,,57.2,49.9,,,,,,,,,,,,,,,,,,,,,,,,,,,,,,,,
,1992-08-01,1992,,,,,,,,,1576,613,219272,58275,233897.0,287612.0,,,57.2,49.9,,,,,,,,,,,,,,,,,,,,,,,,,,,,,,,,
,1992-07-01,1992,,,,,,,,,1429,637,219073,57843,233897.0,287612.0,,,57.3,49.7,,,,,,,,,,,,,,,,,,,,,,,,,,,,,,,,
,1992-07-01,1992,,,,,,,,,1429,637,219073,57843,233897.0,287612.0,,,57.3,49.7,,,,,,,,,,,,,,,,,,,,,,,,,,,,,,,,
,1992-06-01,1992,,,,,,,,,1690,1051,219148,57404,233897.0,287612.0,,,57,49.6,,,,,,,,,,,,,,,,,,,,,,,,,,,,,,,,
,1992-06-01,1992,,,,,,,,,1690,1051,219148,57404,233897.0,287612.0,,,57,49.6,,,,,,,,,,,,,,,,,,,,,,,,,,,,,,,,
,1992-05-01,1992,,,,,,,,,1775,688,218707,56530,233897.0,287612.0,,,57,49.5,,,,,,,,,,,,,,,,,,,,,,,,,,,,,,,,
,1992-05-01,1992,,,,,,,,,1775,688,218707,56530,233897.0,287612.0,,,57,49.5,,,,,,,,,,,,,,,,,,,,,,,,,,,,,,,,
,1992-04-01,1992,,,,,,,,,1394,887,219697,56480,233897.0,287612.0,,,56.7,48.8,,,,,,,,,,,,,,,,,,,,,,,,,,,,,,,,
,1992-04-01,1992,,,,,,,,,1394,887,219697,56480,233897.0,287612.0,,,56.7,48.8,,,,,,,,,,,,,,,,,,,,,,,,,,,,,,,,
,1992-03-01,1992,,,,,,,,,1401,772,224993,57192,233897.0,287612.0,,,56.4,48.4,,,,,,,,,,,,,,,,,,,,,,,,,,,,,,,,
,1992-03-01,1992,,,,,,,,,1401,772,224993,57192,233897.0,287612.0,,,56.4,48.4,,,,,,,,,,,,,,,,,,,,,,,,,,,,,,,,
,1992-02-01,1992,,,,,,,,,1298,520,225558,56849,233897.0,287612.0,,,56.5,48.5,,,,,,,,,,,,,,,,,,,,,,,,,,,,,,,,
,1992-02-01,1992,,,,,,,,,1298,520,225558,56849,233897.0,287612.0,,,56.5,48.5,,,,,,,,,,,,,,,,,,,,,,,,,,,,,,,,
,1992-01-01,1992,,,,,,,,,2017,1119,225616,56582,233897.0,287612.0,,,56.5,49.1,,,,,,,,,,,,,,,,,,,,,,,,,,,,,,,,
,1992-01-01,1992,,,,,,,,,2017,1119,225616,56582,233897.0,287612.0,,,56.5,49.1,,,,,,,,,,,,,,,,,,,,,,,,,,,,,,,,
,1991-12-01,1991,,,,,,,,,1434,576,225091,55739,232873.0,285298.0,,,56.5,48.9,,,,,,,,,,,,,,,,,,,,,,,,,,,,,,,,
,1991-12-01,1991,,,,,,,,,1434,576,225091,55739,232873.0,285298.0,,,56.5,48.9,,,,,,,,,,,,,,,,,,,,,,,,,,,,,,,,
,1991-11-01,1991,,,,,,,,,1923,849,225021,55455,232873.0,285298.0,,,56.1,48.4,,,,,,,,,,,,,,,,,,,,,,,,,,,,,,,,
,1991-11-01,1991,,,,,,,,,1923,849,225021,55455,232873.0,285298.0,,,56.1,48.4,,,,,,,,,,,,,,,,,,,,,,,,,,,,,,,,
,1991-10-01,1991,,,,,,,,,2102,742,224285,54860,232873.0,285298.0,,,56,48,,,,,,,,,,,,,,,,,,,,,,,,,,,,,,,,
,1991-10-01,1991,,,,,,,,,2102,742,224285,54860,232873.0,285298.0,,,56,48,,,,,,,,,,,,,,,,,,,,,,,,,,,,,,,,
,1991-09-01,1991,,,,,,,,,1195,613,223836,54438,232873.0,285298.0,,,56,48.6,,,,,,,,,,,,,,,,,,,,,,,,,,,,,,,,
,1991-09-01,1991,,,,,,,,,1195,613,223836,54438,232873.0,285298.0,,,56,48.6,,,,,,,,,,,,,,,,,,,,,,,,,,,,,,,,
,1991-08-01,1991,,,,,,,,,1588,644,223935,54108,232873.0,285298.0,,,56,48.5,,,,,,,,,,,,,,,,,,,,,,,,,,,,,,,,
,1991-08-01,1991,,,,,,,,,1588,644,223935,54108,232873.0,285298.0,,,56,48.5,,,,,,,,,,,,,,,,,,,,,,,,,,,,,,,,
,1991-07-01,1991,,,,,,,,,1577,519,223378,53822,232873.0,285298.0,,,55.9,48.3,,,,,,,,,,,,,,,,,,,,,,,,,,,,,,,,
,1991-07-01,1991,,,,,,,,,1577,519,223378,53822,232873.0,285298.0,,,55.9,48.3,,,,,,,,,,,,,,,,,,,,,,,,,,,,,,,,
,1991-06-01,1991,,,,,,,,,1343,558,223274,53726,232873.0,285298.0,,,55.8,48.4,,,,,,,,,,,,,,,,,,,,,,,,,,,,,,,,
,1991-06-01,1991,,,,,,,,,1343,558,223274,53726,232873.0,285298.0,,,55.8,48.4,,,,,,,,,,,,,,,,,,,,,,,,,,,,,,,,
,1991-05-01,1991,,,,,,,,,1660,577,223516,53771,232873.0,285298.0,,,55.7,47.7,,,,,,,,,,,,,,,,,,,,,,,,,,,,,,,,
,1991-05-01,1991,,,,,,,,,1660,577,223516,53771,232873.0,285298.0,,,55.7,47.7,,,,,,,,,,,,,,,,,,,,,,,,,,,,,,,,
,1991-04-01,1991,,,,,,,,,1953,657,223228,53643,232873.0,285298.0,,,55.5,47.1,,,,,,,,,,,,,,,,,,,,,,,,,,,,,,,,
,1991-04-01,1991,,,,,,,,,1953,657,223228,53643,232873.0,285298.0,,,55.5,47.1,,,,,,,,,,,,,,,,,,,,,,,,,,,,,,,,
,1991-03-01,1991,,,,,,,,,1839,486,222396,53184,232873.0,285298.0,,,55.2,46.8,,,,,,,,,,,,,,,,,,,,,,,,,,,,,,,,
,1991-03-01,1991,,,,,,,,,1839,486,222396,53184,232873.0,285298.0,,,55.2,46.8,,,,,,,,,,,,,,,,,,,,,,,,,,,,,,,,
,1991-02-01,1991,,,,,,,,,1677,761,221985,52937,232873.0,285298.0,,,55.5,47.9,,,,,,,,,,,,,,,,,,,,,,,,,,,,,,,,
,1991-02-01,1991,,,,,,,,,1677,761,221985,52937,232873.0,285298.0,,,55.5,47.9,,,,,,,,,,,,,,,,,,,,,,,,,,,,,,,,
,1991-01-01,1991,,,,,,,,,1582,610,221243,52318,232873.0,285298.0,,,55,47,,,,,,,,,,,,,,,,,,,,,,,,,,,,,,,,
,1991-01-01,1991,,,,,,,,,1582,610,221243,52318,232873.0,285298.0,,,55,47,,,,,,,,,,,,,,,,,,,,,,,,,,,,,,,,
